average_velocity,collision,collision_events,config_sha256,current_game_time,distance_to_route,driven_distance,ego_acceleration_x,ego_acceleration_y,ego_acceleration_z,ego_pitch,ego_roll,ego_velocity,ego_x,ego_y,ego_yaw,ego_z,input_file,lane_invasion,lane_invasion_events,off_road,route_complete,run_id,run_red_light,run_stop,scenario
8.07,running,[],1b7e88b1c1954c3d80a6aab4f661231b0f1fdd69f25351053556856d947243a4,518.0,0.0,121.5,0.2,0.32,1.5,-1.43,0.58,8.07,-399.93,213.31,-171.51,7.34,/home/djhuai/zuo/stf/new/STF/save_scenarios_1d/scenario_1_0000_cloudy_01.json,0,[],0,False,20260909T160358.183024Z,0,0,scenario_1_0000_cloudy_01
0.0,running,[],1b7e88b1c1954c3d80a6aab4f661231b0f1fdd69f25351053556856d947243a4,169.9,0.0,85.26,0.0,-0.0,0.0,-0.34,-0.0,0.0,-364.19,219.31,-169.86,8.28,/home/djhuai/zuo/stf/new/STF/save_scenarios_1d/scenario_1_0000_cloudy_01.json,0,[],0,False,20260909T160734.097185Z,0,0,scenario_1_0000_cloudy_01
8.06,running,[],c520063fd4be3579d0987e76ea6ff91fccbc73a6cecc33dc70a3736f0d7fea2c,188.8,0.0,133.61,-0.01,-0.04,-0.33,0.5,1.05,8.06,-411.92,211.56,-172.16,7.31,/home/djhuai/zuo/stf/new/STF/save_scenarios_1d/scenario_1_0000_cloudy_02.json,0,[],0,False,20260909T160734.097185Z,0,0,scenario_1_0000_cloudy_02
0.0,running,[],0c460fbd2e5af8751caee7ec7aee6fc666a1fd84354e11cf79d5a0dbdba46ea4,206.5,0.0,85.26,0.0,-0.0,-0.0,-0.34,-0.0,0.0,-364.19,219.31,-169.86,8.28,/home/djhuai/zuo/stf/new/STF/save_scenarios_1d/scenario_1_0000_cloudy_03.json,0,[],0,False,20260909T160734.097185Z,0,0,scenario_1_0000_cloudy_03
8.09,running,[],c530b498ccea1cfb68543ae5e73ddf296c9b362cc8222aa70f008337748d31eb,223.3,0.0,117.46,-0.15,0.11,-0.43,-2.36,0.55,8.09,-395.93,213.91,-171.36,7.48,/home/djhuai/zuo/stf/new/STF/save_scenarios_1d/scenario_1_0000_cloudy_04.json,0,[],0,False,20260909T160734.097185Z,0,0,scenario_1_0000_cloudy_04
0.0,running,[],8bb1fbfaa14ec3ffa696be68256200fc2b45d34a80a46a3d7dc5b71052f24aee,241.8,0.0,78.41,-0.0,-0.0,0.0,-0.34,-0.0,0.0,-357.45,220.53,-169.38,8.32,/home/djhuai/zuo/stf/new/STF/save_scenarios_1d/scenario_1_0000_cloudy_05.json,0,[],0,False,20260909T160734.097185Z,0,0,scenario_1_0000_cloudy_05
0.0,running,[],5b9779d161c6a2430a230a4cd98150b144d38ba10bbfc358d8d76d59ff38b499,261.1,0.0,85.26,-0.0,0.0,-0.0,-0.34,-0.0,0.0,-364.19,219.31,-169.86,8.28,/home/djhuai/zuo/stf/new/STF/save_scenarios_1d/scenario_1_0000_cloudy_06.json,0,[],0,False,20260909T160734.097185Z,0,0,scenario_1_0000_cloudy_06
8.06,running,[],7aea669ab1baf7796e76a1aed78598efd8faeb54fde734355524efb5bf63afbd,280.0,0.0,134.42,0.08,0.19,0.26,0.61,0.98,8.06,-412.72,211.45,-172.21,7.31,/home/djhuai/zuo/stf/new/STF/save_scenarios_1d/scenario_1_0000_cloudy_07.json,0,[],0,False,20260909T160734.097185Z,0,0,scenario_1_0000_cloudy_07
0.0,running,[],f5424ff2a735c86909f2e6ee34716eef6d3d1e1ad9dbbf6e3e449b6e9d102451,299.8,0.0,85.26,-0.0,0.0,0.0,-0.34,-0.0,0.0,-364.19,219.31,-169.86,8.28,/home/djhuai/zuo/stf/new/STF/save_scenarios_1d/scenario_1_0000_cloudy_08.json,0,[],0,False,20260909T160734.097185Z,0,0,scenario_1_0000_cloudy_08
0.0,running,[],b837a006df54c13c94940455f7e8cf80f186fae6b669440a4d2bb2f2544b46e5,317.5,0.0,85.26,0.0,-0.0,-0.0,-0.34,-0.0,0.0,-364.19,219.31,-169.86,8.28,/home/djhuai/zuo/stf/new/STF/save_scenarios_1d/scenario_1_0000_cold_fog_01.json,0,[],0,False,20260909T160734.097185Z,0,0,scenario_1_0000_cold_fog_01
8.09,running,[],dad45c39034e40f84afdb0df3e4a5a66085c1dad6468a2318c4d1727588008ec,337.0,0.0,117.25,-0.46,0.02,-0.69,-2.36,0.55,8.09,-395.73,213.94,-171.31,7.49,/home/djhuai/zuo/stf/new/STF/save_scenarios_1d/scenario_1_0000_cold_fog_02.json,0,[],0,False,20260909T160734.097185Z,0,0,scenario_1_0000_cold_fog_02
0.0,running,[],bd3bf59e70fe7d9407af6c2a6b9b97ff66bd2e8815113ef77a8cacd8ab0adbc6,356.2,0.0,85.26,0.0,-0.0,0.0,-0.34,-0.0,0.0,-364.19,219.31,-169.86,8.28,/home/djhuai/zuo/stf/new/STF/save_scenarios_1d/scenario_1_0000_cold_fog_03.json,0,[],0,False,20260909T160734.097185Z,0,0,scenario_1_0000_cold_fog_03
8.05,running,[],8051415b76f97c40b142238e3eac0ca1739a851f6da15aa5daa2bd8fb6f770f4,375.9,0.0,140.87,-0.15,0.05,-0.06,1.96,1.13,8.05,-419.11,210.58,-172.48,7.42,/home/djhuai/zuo/stf/new/STF/save_scenarios_1d/scenario_1_0000_cold_fog_04.json,0,[],0,False,20260909T160734.097185Z,0,0,scenario_1_0000_cold_fog_04
7.93,running,[],eae90c980150c4fb116b8e2cd6041eeb6e3b381bea8da31c17deae2aea5b8a81,395.3,0.0,99.9,1.92,0.35,0.22,-1.5,0.51,7.93,-378.61,216.77,-170.07,8.2,/home/djhuai/zuo/stf/new/STF/save_scenarios_1d/scenario_1_0000_cold_fog_05.json,0,[],0,False,20260909T160734.097185Z,0,0,scenario_1_0000_cold_fog_05
0.0,running,[],8cc1effc91db205e23e2ebcebb50a5ac6deaa1719b65b7be58094ddf3e59c7e2,414.1,0.0,85.26,0.0,-0.0,0.0,-0.34,-0.0,0.0,-364.19,219.31,-169.86,8.28,/home/djhuai/zuo/stf/new/STF/save_scenarios_1d/scenario_1_0000_cold_fog_06.json,0,[],0,False,20260909T160734.097185Z,0,0,scenario_1_0000_cold_fog_06
8.11,running,[],9de428e2dc002b11ee0a95b815a03d1cc8122cffcd0717fce2f0394ec3b655cd,434.4,0.0,137.56,0.58,0.07,-0.05,0.79,1.01,8.11,-415.83,211.02,-172.35,7.35,/home/djhuai/zuo/stf/new/STF/save_scenarios_1d/scenario_1_0000_cold_fog_07.json,0,[],0,False,20260909T160734.097185Z,0,0,scenario_1_0000_cold_fog_07
5.0,running,[],9f535f00a99507d56d881bb64e70fb5eb81186da69073cf8e28b9a563d05545c,454.0,0.0,89.06,1.12,0.2,0.03,-0.34,-0.0,5.0,-367.94,218.64,-169.96,8.26,/home/djhuai/zuo/stf/new/STF/save_scenarios_1d/scenario_1_0000_cold_fog_08.json,0,[],0,False,20260909T160734.097185Z,0,0,scenario_1_0000_cold_fog_08
0.0,running,[],5708299eb5e012ca2b498fccde3c0e2ea67c4a1bab0af089daf0259fd474eccb,470.2,0.0,85.26,0.0,-0.0,0.0,-0.34,-0.0,0.0,-364.19,219.31,-169.86,8.28,/home/djhuai/zuo/stf/new/STF/save_scenarios_1d/scenario_1_0000_dawn_01.json,0,[],0,False,20260909T160734.097185Z,0,0,scenario_1_0000_dawn_01
8.17,running,[],986333a99212e1aa7fa9ff8cb46a34e1768d14df5a8664a5f95acd2caddbee41,486.2,0.0,102.71,-0.81,-0.1,0.03,-2.54,0.59,8.17,-381.38,216.28,-170.2,8.1,/home/djhuai/zuo/stf/new/STF/save_scenarios_1d/scenario_1_0000_dawn_02.json,0,[],0,False,20260909T160734.097185Z,0,0,scenario_1_0000_dawn_02
0.0,running,[],649b56aafa40b1565077bc5c2c395ae956dde9c12b3effc11dddfd4eeda209c6,504.7,0.0,78.87,0.0,-0.0,-0.0,-0.34,-0.0,0.0,-357.91,220.45,-169.54,8.32,/home/djhuai/zuo/stf/new/STF/save_scenarios_1d/scenario_1_0000_dawn_03.json,0,[],0,False,20260909T160734.097185Z,0,0,scenario_1_0000_dawn_03
8.07,running,[],73d8727f8b743c57b1dc4ed723236d89b3738c61862f855ee37f0e678d08c66f,522.8,0.0,127.56,-0.28,-0.19,-0.91,0.18,0.9,8.07,-405.93,212.42,-171.71,7.27,/home/djhuai/zuo/stf/new/STF/save_scenarios_1d/scenario_1_0000_dawn_04.json,0,[],0,False,20260909T160734.097185Z,0,0,scenario_1_0000_dawn_04
0.0,running,[],f104dad674315413618ba5b4625ab5d72c4f2a1190e99049cefc2e3bcb599baf,540.2,0.0,85.26,-0.0,0.0,-0.0,-0.34,-0.0,0.0,-364.19,219.31,-169.86,8.28,/home/djhuai/zuo/stf/new/STF/save_scenarios_1d/scenario_1_0000_dawn_05.json,0,[],0,False,20260909T160734.097185Z,0,0,scenario_1_0000_dawn_05
8.05,running,[],5758b33e26e1c07da275e1ebe05695921ef276a008c8fac3998f2e79bd03d924,559.2,0.0,135.22,0.01,0.06,0.07,0.62,0.98,8.05,-413.51,211.34,-172.25,7.32,/home/djhuai/zuo/stf/new/STF/save_scenarios_1d/scenario_1_0000_dawn_06.json,0,[],0,False,20260909T160734.097185Z,0,0,scenario_1_0000_dawn_06
5.12,running,[],13321c674b3e2504186e460c2023526f8a9ea76981807327f0b0b4029714ca09,576.5,0.0,87.43,2.57,0.46,0.02,-0.36,-0.0,5.12,-366.33,218.93,-169.92,8.27,/home/djhuai/zuo/stf/new/STF/save_scenarios_1d/scenario_1_0000_dawn_07.json,0,[],0,False,20260909T160734.097185Z,0,0,scenario_1_0000_dawn_07
0.0,running,[],42f1464deeb4c659d2f6ca1d4357f0b5c4ebe20fc135dedc090545bc2064f114,595.0,0.0,85.26,0.0,-0.0,0.0,-0.34,-0.0,0.0,-364.19,219.31,-169.86,8.28,/home/djhuai/zuo/stf/new/STF/save_scenarios_1d/scenario_1_0000_dawn_08.json,0,[],0,False,20260909T160734.097185Z,0,0,scenario_1_0000_dawn_08
8.09,running,[],4a061295d79c58c5be90c34ec1062fa4cf9958a877693ee58a0b7a8141e557ad,611.9,0.0,117.86,-0.08,0.04,-0.16,-2.36,0.55,8.09,-396.33,213.85,-171.36,7.46,/home/djhuai/zuo/stf/new/STF/save_scenarios_1d/scenario_1_0000_dusk_01.json,0,[],0,False,20260909T160734.097185Z,0,0,scenario_1_0000_dusk_01
0.0,running,[],b4af853c0cd28290d0c66b70ffc569823e2d5c4073de463cbd2953168a348645,630.3,0.0,85.26,0.0,-0.0,-0.0,-0.34,-0.0,0.0,-364.19,219.31,-169.86,8.28,/home/djhuai/zuo/stf/new/STF/save_scenarios_1d/scenario_1_0000_dusk_02.json,0,[],0,False,20260909T160734.097185Z,0,0,scenario_1_0000_dusk_02
8.06,running,[],1f1304edc87951dcf2d28c4e1347424fae167043b8d29b819fd8328fd54d7751,648.3,0.0,126.76,-0.1,-0.03,-0.06,-0.07,0.8,8.06,-405.13,212.53,-171.64,7.27,/home/djhuai/zuo/stf/new/STF/save_scenarios_1d/scenario_1_0000_dusk_03.json,0,[],0,False,20260909T160734.097185Z,0,0,scenario_1_0000_dusk_03
4.79,running,[],e141592d77db047596cee41a019f986595ff4bababddd9691f5be18d3d7eae90,665.6,0.0,90.29,1.34,0.23,0.02,-0.35,-0.0,4.79,-369.15,218.43,-169.98,8.25,/home/djhuai/zuo/stf/new/STF/save_scenarios_1d/scenario_1_0000_dusk_04.json,0,[],0,False,20260909T160734.097185Z,0,0,scenario_1_0000_dusk_04
0.0,running,[],0bded5ae91139e66bcb57d9c5253b1e51b10dfc34502ba0f5a10ff3654ade82f,682.8,0.0,85.26,-0.0,0.0,-0.0,-0.34,-0.0,0.0,-364.19,219.31,-169.86,8.28,/home/djhuai/zuo/stf/new/STF/save_scenarios_1d/scenario_1_0000_dusk_05.json,0,[],0,False,20260909T160734.097185Z,0,0,scenario_1_0000_dusk_05
7.86,running,[],fd2e119cbbbc64e00e9f362d5557df54cc4495d8728f2286aa963407cd4b33bd,701.1,0.0,113.98,0.38,0.07,-0.1,-2.47,0.44,7.86,-392.49,214.44,-171.1,7.63,/home/djhuai/zuo/stf/new/STF/save_scenarios_1d/scenario_1_0000_dusk_06.json,0,[],0,False,20260909T160734.097185Z,0,0,scenario_1_0000_dusk_06
0.0,running,[],e7fdc8197479665f09a1131331bd1584990a46da662a87a3079355fd15f71106,717.8,0.0,85.26,0.0,-0.0,-0.0,-0.34,-0.0,0.0,-364.19,219.31,-169.86,8.28,/home/djhuai/zuo/stf/new/STF/save_scenarios_1d/scenario_1_0000_dusk_07.json,0,[],0,False,20260909T160734.097185Z,0,0,scenario_1_0000_dusk_07
8.05,running,[],6352015c26c871356d7e68976cb310cf0c89fb073df3f387dadc2043f7d473fa,735.8,0.0,127.16,0.06,0.15,0.55,0.05,0.8,8.05,-405.53,212.47,-171.7,7.27,/home/djhuai/zuo/stf/new/STF/save_scenarios_1d/scenario_1_0000_dusk_08.json,0,[],0,False,20260909T160734.097185Z,0,0,scenario_1_0000_dusk_08
0.0,running,[],a7517ff6a5748cd5f04ee275863bcc213e98acb454e9953fe79e5d2a37a44e0b,754.1,0.0,85.26,-0.0,-0.0,0.0,-0.34,-0.0,0.0,-364.19,219.31,-169.86,8.28,/home/djhuai/zuo/stf/new/STF/save_scenarios_1d/scenario_1_0000_fog_01.json,0,[],0,False,20260909T160734.097185Z,0,0,scenario_1_0000_fog_01
0.0,running,[],23077d3a69988389685af5a2064a8ebcc326bd18e0f5986e3a86e92a02063bda,771.8,0.0,85.26,0.0,-0.0,-0.0,-0.34,-0.0,0.0,-364.19,219.31,-169.86,8.28,/home/djhuai/zuo/stf/new/STF/save_scenarios_1d/scenario_1_0000_fog_02.json,0,[],0,False,20260909T160734.097185Z,0,0,scenario_1_0000_fog_02
8.06,running,[],bb57a32d578767777cf85c817dc35941ce301898d1e38318ed05aec00e29e6b2,791.5,0.0,129.37,-0.1,-0.03,0.6,0.42,0.86,8.06,-407.72,212.16,-171.81,7.27,/home/djhuai/zuo/stf/new/STF/save_scenarios_1d/scenario_1_0000_fog_03.json,0,[],0,False,20260909T160734.097185Z,0,0,scenario_1_0000_fog_03
0.0,running,[],12da1820198a403eccf9b6370cace0e3980532408ecf80f988596caf2df3ed9b,810.4,0.0,85.26,0.0,-0.0,0.0,-0.34,-0.0,0.0,-364.19,219.31,-169.86,8.28,/home/djhuai/zuo/stf/new/STF/save_scenarios_1d/scenario_1_0000_fog_04.json,0,[],0,False,20260909T160734.097185Z,0,0,scenario_1_0000_fog_04
8.04,running,[],8a5ab4a2a2a803036842cbeea950ec85539bcec3004b6fc8949eaec7790ca03a,830.4,0.0,142.88,0.04,-0.01,-0.03,2.05,1.21,8.04,-421.1,210.32,-172.51,7.49,/home/djhuai/zuo/stf/new/STF/save_scenarios_1d/scenario_1_0000_fog_05.json,0,[],0,False,20260909T160734.097185Z,0,0,scenario_1_0000_fog_05
7.03,running,[],0e1da87f49ca335e4b2e91c88bfc073a8464c79771e7a9b4574563bc82a2b142,850.0,0.0,113.46,4.05,0.69,0.14,-2.44,0.42,7.03,-391.98,214.52,-171.07,7.65,/home/djhuai/zuo/stf/new/STF/save_scenarios_1d/scenario_1_0000_fog_06.json,0,[],0,False,20260909T160734.097185Z,0,0,scenario_1_0000_fog_06
0.0,running,[],396f6571c602d4c9d32fb53e3aaa0b7c3c7cbf2bb5a39eea3d46743fa3030084,869.9,0.0,85.26,0.0,0.0,0.0,-0.34,-0.0,0.0,-364.19,219.31,-169.86,8.28,/home/djhuai/zuo/stf/new/STF/save_scenarios_1d/scenario_1_0000_fog_07.json,0,[],0,False,20260909T160734.097185Z,0,0,scenario_1_0000_fog_07
8.04,running,[],aa469add3d780255d49b6df4bfd1b81832a772c871095494d504254496eb3ccf,889.9,0.0,142.88,0.04,-0.01,-0.03,2.05,1.21,8.04,-421.1,210.32,-172.51,7.49,/home/djhuai/zuo/stf/new/STF/save_scenarios_1d/scenario_1_0000_fog_08.json,0,[],0,False,20260909T160734.097185Z,0,0,scenario_1_0000_fog_08
4.77,running,[],52ec0c3e9d98016c153e179e53f6b5c7a51803a6ef6260325b8682be8aafc27c,907.4,0.0,81.24,-4.99,-0.89,-0.03,-0.27,0.0,4.77,-360.24,220.02,-169.61,8.3,/home/djhuai/zuo/stf/new/STF/save_scenarios_1d/scenario_1_0000_heavy_rain_01.json,0,[],0,False,20260909T160734.097185Z,0,0,scenario_1_0000_heavy_rain_01
0.0,running,[],3bf6952f584e26e69f68eb5b37bab1a996359ebc74808ff319475597f9e8cad4,925.9,0.0,85.26,0.0,-0.0,0.0,-0.34,-0.0,0.0,-364.19,219.31,-169.86,8.28,/home/djhuai/zuo/stf/new/STF/save_scenarios_1d/scenario_1_0000_heavy_rain_02.json,0,[],0,False,20260909T160734.097185Z,0,0,scenario_1_0000_heavy_rain_02
8.1,running,[],6545aa6bf7f980df44d08d2355f20ec1bb37499aa09e139d48c4c8c5959251bb,943.1,0.0,113.06,-0.46,-0.01,-0.32,-2.35,0.42,8.1,-391.58,214.59,-171.02,7.67,/home/djhuai/zuo/stf/new/STF/save_scenarios_1d/scenario_1_0000_heavy_rain_03.json,0,[],0,False,20260909T160734.097185Z,0,0,scenario_1_0000_heavy_rain_03
0.0,running,[],5539ef1931a022fb1dad7dab225643fa987242872a5ae6a8ad25fd61fb547f76,960.5,0.0,85.26,-0.0,0.0,-0.0,-0.34,-0.0,0.0,-364.19,219.31,-169.86,8.28,/home/djhuai/zuo/stf/new/STF/save_scenarios_1d/scenario_1_0000_heavy_rain_04.json,0,[],0,False,20260909T160734.097185Z,0,0,scenario_1_0000_heavy_rain_04
8.05,running,[],a39434d0bb394cb6c63aa035043e8883e18071b66e29ce28786e7511bca86270,979.6,0.0,135.22,0.01,0.06,0.07,0.62,0.98,8.05,-413.51,211.34,-172.25,7.32,/home/djhuai/zuo/stf/new/STF/save_scenarios_1d/scenario_1_0000_heavy_rain_05.json,0,[],0,False,20260909T160734.097185Z,0,0,scenario_1_0000_heavy_rain_05
5.0,running,[],6fd3f1fbe175b7037e563fce2959cac6361081da11ac211ca768313a601f99bb,997.6,0.0,89.06,1.11,0.19,0.03,-0.34,-0.0,5.0,-367.93,218.64,-169.97,8.26,/home/djhuai/zuo/stf/new/STF/save_scenarios_1d/scenario_1_0000_heavy_rain_06.json,0,[],0,False,20260909T160734.097185Z,0,0,scenario_1_0000_heavy_rain_06
0.0,running,[],045cfa095bc46b94305c6ab6be00a6b846a759845e0ba8738f303d8f2b043952,1017.2,0.0,85.26,-0.0,0.0,-0.0,-0.34,-0.0,0.0,-364.19,219.31,-169.86,8.28,/home/djhuai/zuo/stf/new/STF/save_scenarios_1d/scenario_1_0000_heavy_rain_07.json,0,[],0,False,20260909T160734.097185Z,0,0,scenario_1_0000_heavy_rain_07
8.04,running,[],7d26de5930dcb91acc1b0b78ff255b006398280e3b21949966c7eec6b5dd001f,1036.8,0.0,140.06,-0.16,0.06,-0.08,1.64,1.14,8.04,-418.31,210.69,-172.46,7.4,/home/djhuai/zuo/stf/new/STF/save_scenarios_1d/scenario_1_0000_heavy_rain_08.json,0,[],0,False,20260909T160734.097185Z,0,0,scenario_1_0000_heavy_rain_08
0.0,running,[],29ec20d23b97b8b224dca0f48ff5c442203703d35695f1e7ad302fadd14bce27,1056.3,0.0,85.26,-0.0,-0.0,-0.0,-0.34,-0.0,0.0,-364.19,219.31,-169.86,8.28,/home/djhuai/zuo/stf/new/STF/save_scenarios_1d/scenario_1_0000_light_rain_01.json,0,[],0,False,20260909T160734.097185Z,0,0,scenario_1_0000_light_rain_01
0.0,running,[],df547a5c90eed4ed4c6663889635358e234bb940c334d9410d9665936f69d7cd,1075.1,0.0,85.26,-0.0,0.0,-0.0,-0.34,-0.0,0.0,-364.19,219.31,-169.86,8.28,/home/djhuai/zuo/stf/new/STF/save_scenarios_1d/scenario_1_0000_light_rain_02.json,0,[],0,False,20260909T160734.097185Z,0,0,scenario_1_0000_light_rain_02
8.06,running,[],be7a1915fc430679ea0dce1065f8cd61dab4945b83f6147200f525f02b481297,1092.2,0.0,119.88,0.08,0.04,0.33,-2.05,0.54,8.06,-398.33,213.55,-171.47,7.39,/home/djhuai/zuo/stf/new/STF/save_scenarios_1d/scenario_1_0000_light_rain_03.json,0,[],0,False,20260909T160734.097185Z,0,0,scenario_1_0000_light_rain_03
0.0,running,[],e68ec67be26e19e0c76324a12aaa8ef073a33daacc6f531f8b9609065ef349d7,1111.2,0.0,85.26,0.0,0.0,-0.0,-0.34,-0.0,0.0,-364.19,219.31,-169.86,8.28,/home/djhuai/zuo/stf/new/STF/save_scenarios_1d/scenario_1_0000_light_rain_04.json,0,[],0,False,20260909T160734.097185Z,0,0,scenario_1_0000_light_rain_04
8.07,running,[],a43e8fc1da6cc54050705ea61ae311a3f7f059292597055dada389785a9e7735,1128.7,0.0,122.31,-0.02,0.13,0.71,-1.25,0.64,8.07,-400.73,213.19,-171.54,7.32,/home/djhuai/zuo/stf/new/STF/save_scenarios_1d/scenario_1_0000_light_rain_05.json,0,[],0,False,20260909T160734.097185Z,0,0,scenario_1_0000_light_rain_05
0.1,running,[],43655fa06fdff1c67201a048abff31f77f97c2cfbfe3a9af4e0b6b57367965f0,1147.4,0.0,85.27,-2.0,-0.35,-0.01,-0.34,-0.0,0.1,-364.2,219.31,-169.86,8.28,/home/djhuai/zuo/stf/new/STF/save_scenarios_1d/scenario_1_0000_light_rain_06.json,0,[],0,False,20260909T160734.097185Z,0,0,scenario_1_0000_light_rain_06
0.0,running,[],b0344b2db6ff8472801b0b4dc00bea644030f5a98ecb899d33a75f4eabd549d1,1165.2,0.0,85.26,0.0,0.0,-0.0,-0.34,-0.0,0.0,-364.19,219.31,-169.86,8.28,/home/djhuai/zuo/stf/new/STF/save_scenarios_1d/scenario_1_0000_light_rain_07.json,0,[],0,False,20260909T160734.097185Z,0,0,scenario_1_0000_light_rain_07
8.08,running,[],9d9ac2176cbf29f6ab17e768d255a45e80856343f28eb59ef7ddcf316941e0cb,1181.0,0.0,104.85,0.56,0.1,0.0,-2.45,0.45,8.08,-383.48,215.92,-170.3,8.01,/home/djhuai/zuo/stf/new/STF/save_scenarios_1d/scenario_1_0000_light_rain_08.json,0,[],0,False,20260909T160734.097185Z,0,0,scenario_1_0000_light_rain_08
0.0,running,[],0555563d29ae9c190d086485fb52d52d3479d10908e954de2b72c51f85958e6d,1199.8,0.0,85.26,0.0,-0.0,0.0,-0.34,-0.0,0.0,-364.19,219.31,-169.86,8.28,/home/djhuai/zuo/stf/new/STF/save_scenarios_1d/scenario_1_0000_night_01.json,0,[],0,False,20260909T160734.097185Z,0,0,scenario_1_0000_night_01
8.05,running,[],678450c31c99b00a7b9d3c45509f0eaa0138f149f354a78ecfcc567744698b98,1218.9,0.0,135.63,-0.01,-0.01,0.02,0.61,0.98,8.05,-413.91,211.28,-172.23,7.32,/home/djhuai/zuo/stf/new/STF/save_scenarios_1d/scenario_1_0000_night_02.json,0,[],0,False,20260909T160734.097185Z,0,0,scenario_1_0000_night_02
3.96,running,[],5e4a06c0a4bffe4edb3ecfe5a5800d480aa85129391f521c3820d69a5288f0f8,1238.7,0.0,86.61,-5.69,-1.0,-0.03,-0.27,-0.0,3.96,-365.52,219.07,-169.9,8.27,/home/djhuai/zuo/stf/new/STF/save_scenarios_1d/scenario_1_0000_night_03.json,0,[],0,False,20260909T160734.097185Z,0,0,scenario_1_0000_night_03
0.0,running,[],f7397ffd31c3ee6ae02764de5284b0d691cd6676fa4403d8606c298a7a701d62,1259.0,0.0,85.26,-0.0,-0.0,0.0,-0.34,-0.0,0.0,-364.19,219.31,-169.86,8.28,/home/djhuai/zuo/stf/new/STF/save_scenarios_1d/scenario_1_0000_night_04.json,0,[],0,False,20260909T160734.097185Z,0,0,scenario_1_0000_night_04
8.06,running,[],30804bfa411625535f5c3826f463a7d5f8bab5d2ded28e6a55f6a2b752659603,1278.1,0.0,131.61,0.5,0.39,1.03,0.52,0.95,8.06,-409.93,211.84,-171.94,7.28,/home/djhuai/zuo/stf/new/STF/save_scenarios_1d/scenario_1_0000_night_05.json,0,[],0,False,20260909T160734.097185Z,0,0,scenario_1_0000_night_05
0.1,running,[],f267b4f022762ebafb9b83e3641d6dc05c8582eee5d7114b27d4099dbcff70f9,1298.4,0.0,85.27,-2.01,-0.35,-0.01,-0.34,-0.0,0.1,-364.2,219.31,-169.86,8.28,/home/djhuai/zuo/stf/new/STF/save_scenarios_1d/scenario_1_0000_night_06.json,0,[],0,False,20260909T160734.097185Z,0,0,scenario_1_0000_night_06
0.0,running,[],2106b9fa79adeb69c977041a2e4e1cf57924bf5aaa4a70b6c16b1e5b74798e00,1317.9,0.0,85.26,0.0,-0.0,0.0,-0.34,-0.0,0.0,-364.19,219.31,-169.86,8.28,/home/djhuai/zuo/stf/new/STF/save_scenarios_1d/scenario_1_0000_night_07.json,0,[],0,False,20260909T160734.097185Z,0,0,scenario_1_0000_night_07
8.04,running,[],2f3274fcaa69cb52ad96bd22f9512df78269a8b5c5589dcb3340d2072e8794a8,1338.1,0.0,144.09,-0.01,0.05,-0.03,2.03,1.2,8.04,-422.29,210.16,-172.57,7.54,/home/djhuai/zuo/stf/new/STF/save_scenarios_1d/scenario_1_0000_night_08.json,0,[],0,False,20260909T160734.097185Z,0,0,scenario_1_0000_night_08
0.0,running,[],77185b50d07f3173555e94e0d7a34d0f2ee219c143db9237fa63e238dce286c1,1355.5,0.0,85.26,-0.0,0.0,-0.0,-0.34,-0.0,0.0,-364.19,219.31,-169.86,8.28,/home/djhuai/zuo/stf/new/STF/save_scenarios_1d/scenario_1_0000_overcast_01.json,0,[],0,False,20260909T160734.097185Z,0,0,scenario_1_0000_overcast_01
8.06,running,[],48f4d41ca09610efcdae3b8453889a0afe9068f41331b270227d5604116d8ed3,1373.4,0.0,125.95,0.09,0.06,1.21,-0.41,0.77,8.06,-404.33,212.65,-171.58,7.27,/home/djhuai/zuo/stf/new/STF/save_scenarios_1d/scenario_1_0000_overcast_02.json,0,[],0,False,20260909T160734.097185Z,0,0,scenario_1_0000_overcast_02
4.77,running,[],4e13b21316a7e2690f51b5cb4f859736bff44322a514e26ebc076d7c2d0ebea1,1390.6,0.0,91.24,-1.3,-0.24,-0.01,-0.35,-0.0,4.77,-370.08,218.27,-169.99,8.24,/home/djhuai/zuo/stf/new/STF/save_scenarios_1d/scenario_1_0000_overcast_03.json,0,[],0,False,20260909T160734.097185Z,0,0,scenario_1_0000_overcast_03
0.0,running,[],2cf0c9c784c9e8dc321f34cc7dc91244080020e97c9d1e320715a344d8b41ceb,1409.0,0.0,85.26,0.0,-0.0,-0.0,-0.34,-0.0,0.0,-364.19,219.31,-169.86,8.28,/home/djhuai/zuo/stf/new/STF/save_scenarios_1d/scenario_1_0000_overcast_04.json,0,[],0,False,20260909T160734.097185Z,0,0,scenario_1_0000_overcast_04
8.06,running,[],82c2cc581f4c2485912309034d1a4bf6e01475f2fe4669774247188999a43cdd,1427.8,0.0,133.21,-0.04,-0.02,-0.22,0.46,0.96,8.06,-411.52,211.62,-172.1,7.3,/home/djhuai/zuo/stf/new/STF/save_scenarios_1d/scenario_1_0000_overcast_05.json,0,[],0,False,20260909T160734.097185Z,0,0,scenario_1_0000_overcast_05
0.0,running,[],35ed9bf19cc56339e9129cea7bee47e137d378f62456351cfe14df02403c1b9a,1446.2,0.0,85.26,0.0,-0.0,0.0,-0.34,-0.0,0.0,-364.19,219.31,-169.86,8.28,/home/djhuai/zuo/stf/new/STF/save_scenarios_1d/scenario_1_0000_overcast_06.json,0,[],0,False,20260909T160734.097185Z,0,0,scenario_1_0000_overcast_06
8.06,running,[],d803a8b05298e6311a876f61a2e375f0a7426830797864122c427a1299970835,1464.2,0.0,126.76,-0.1,-0.03,-0.06,-0.07,0.8,8.06,-405.13,212.53,-171.64,7.27,/home/djhuai/zuo/stf/new/STF/save_scenarios_1d/scenario_1_0000_overcast_07.json,0,[],0,False,20260909T160734.097185Z,0,0,scenario_1_0000_overcast_07
4.71,running,[],d479055c0faf24e1768121c434fca6ab44c49e199b998a71acf6cc26782ff3a4,1481.1,0.0,90.77,0.58,0.14,0.0,-0.35,-0.0,4.71,-369.62,218.35,-169.98,8.25,/home/djhuai/zuo/stf/new/STF/save_scenarios_1d/scenario_1_0000_overcast_08.json,0,[],0,False,20260909T160734.097185Z,0,0,scenario_1_0000_overcast_08
0.0,running,[],5432b8fb1e15bf3f41510730d9e859f1d6b138a79ed5322dc7fd5aa036c61695,1497.1,0.0,85.26,-0.0,0.0,0.0,-0.34,-0.0,0.0,-364.19,219.31,-169.86,8.28,/home/djhuai/zuo/stf/new/STF/save_scenarios_1d/scenario_1_0000_rainy_dusk_01.json,0,[],0,False,20260909T160734.097185Z,0,0,scenario_1_0000_rainy_dusk_01
8.1,running,[],c52b32f1440759d0c12bc0e03036f939a1d81e30bc8d78bb2d980d6cb99b4e7c,1514.3,0.0,113.26,-0.44,0.05,-0.17,-2.38,0.41,8.1,-391.78,214.55,-171.05,7.66,/home/djhuai/zuo/stf/new/STF/save_scenarios_1d/scenario_1_0000_rainy_dusk_02.json,0,[],0,False,20260909T160734.097185Z,0,0,scenario_1_0000_rainy_dusk_02
0.0,running,[],afb591301ead2d40957f549327cf1846fd7add8cc2ff59fa5404a6a6a0116ddc,1533.2,0.0,85.26,0.0,-0.0,0.0,-0.34,-0.0,0.0,-364.19,219.31,-169.86,8.28,/home/djhuai/zuo/stf/new/STF/save_scenarios_1d/scenario_1_0000_rainy_dusk_03.json,0,[],0,False,20260909T160734.097185Z,0,0,scenario_1_0000_rainy_dusk_03
8.06,running,[],739d531d3bd56937f5259c5c6e22cdd0a4f2e24a16ffe354dc6d0105a2b00e06,1550.9,0.0,124.33,0.03,-0.08,-0.13,-0.67,0.76,8.06,-402.73,212.89,-171.57,7.28,/home/djhuai/zuo/stf/new/STF/save_scenarios_1d/scenario_1_0000_rainy_dusk_04.json,0,[],0,False,20260909T160734.097185Z,0,0,scenario_1_0000_rainy_dusk_04
0.0,running,[],b1fa3d554023d94aac250e979ef79b96309e28155411f6702a782566cf687765,1568.9,0.0,85.26,-0.0,0.0,-0.0,-0.34,-0.0,0.0,-364.19,219.31,-169.86,8.28,/home/djhuai/zuo/stf/new/STF/save_scenarios_1d/scenario_1_0000_rainy_dusk_05.json,0,[],0,False,20260909T160734.097185Z,0,0,scenario_1_0000_rainy_dusk_05
0.0,running,[],7ccb6120b3d0324a3da616129fabe4a7f9e4c57ef15be29521393f80656b6176,1587.4,0.0,85.26,0.0,-0.0,0.0,-0.34,-0.0,0.0,-364.19,219.31,-169.86,8.28,/home/djhuai/zuo/stf/new/STF/save_scenarios_1d/scenario_1_0000_rainy_dusk_06.json,0,[],0,False,20260909T160734.097185Z,0,0,scenario_1_0000_rainy_dusk_06
8.04,running,[],cb2b4832ee960bdd70a941f2b407e273ad12510fa375e739ac44c1301b07ed57,1607.4,0.0,133.01,0.31,0.08,0.02,0.46,0.94,8.04,-411.32,211.64,-172.09,7.3,/home/djhuai/zuo/stf/new/STF/save_scenarios_1d/scenario_1_0000_rainy_dusk_07.json,0,[],0,False,20260909T160734.097185Z,0,0,scenario_1_0000_rainy_dusk_07
0.0,running,[],989aea6878db9577341778a12b75c91cf84b4fc44f7d965e0820a552f1aa0880,1626.9,0.0,78.1,-0.0,-0.0,-0.0,-0.34,-0.0,0.0,-357.15,220.59,-169.41,8.32,/home/djhuai/zuo/stf/new/STF/save_scenarios_1d/scenario_1_0000_rainy_dusk_08.json,0,[],0,False,20260909T160734.097185Z,0,0,scenario_1_0000_rainy_dusk_08
8.08,running,[],ac3b70848a0fb9cd2b805db53118f72461e1b5a7937e6f5b6897c77a3d544812,1644.7,0.0,125.14,-0.48,-0.21,-0.67,-0.54,0.81,8.08,-403.53,212.77,-171.58,7.27,/home/djhuai/zuo/stf/new/STF/save_scenarios_1d/scenario_1_0000_sandstorm_01.json,0,[],0,False,20260909T160734.097185Z,0,0,scenario_1_0000_sandstorm_01
8.07,running,[],d0a083e3336abc588e86d83f247d3c280a70327120d21d57279105ea39f87600,1664.5,0.0,106.74,-0.66,0.11,0.18,-2.33,0.4,8.07,-385.35,215.6,-170.41,7.93,/home/djhuai/zuo/stf/new/STF/save_scenarios_1d/scenario_1_0000_sandstorm_02.json,0,[],0,False,20260909T160734.097185Z,0,0,scenario_1_0000_sandstorm_02
0.0,running,[],ab1c0906217ea25829e2642cd594a7565c227244da19073a0314606ccef215a0,1684.2,0.0,85.26,-0.0,-0.0,0.0,-0.34,-0.0,0.0,-364.19,219.31,-169.86,8.28,/home/djhuai/zuo/stf/new/STF/save_scenarios_1d/scenario_1_0000_sandstorm_03.json,0,[],0,False,20260909T160734.097185Z,0,0,scenario_1_0000_sandstorm_03
8.04,running,[],359db0e4261629d07ad399595ae31c8058b5de1b6742cd2fbb9c551e03b67c6a,1704.1,0.0,142.48,0.04,0.08,0.03,2.06,1.21,8.04,-420.7,210.37,-172.52,7.48,/home/djhuai/zuo/stf/new/STF/save_scenarios_1d/scenario_1_0000_sandstorm_04.json,0,[],0,False,20260909T160734.097185Z,0,0,scenario_1_0000_sandstorm_04
4.43,running,[],b7f4bfed41141d4e9d6e02436f14fa98a26794504703eb246d31b532c2c59590,1723.4,0.0,83.73,-0.57,-0.11,-0.01,-0.32,-0.0,4.43,-362.68,219.58,-169.79,8.29,/home/djhuai/zuo/stf/new/STF/save_scenarios_1d/scenario_1_0000_sandstorm_05.json,0,[],0,False,20260909T160734.097185Z,0,0,scenario_1_0000_sandstorm_05
0.0,running,[],bf135d1bbb2f6aea1843a2bfa3007aa7f1c9ab48d85f29ad5959269824c926a0,1743.3,0.0,85.26,0.0,0.0,0.0,-0.34,-0.0,0.0,-364.19,219.31,-169.86,8.28,/home/djhuai/zuo/stf/new/STF/save_scenarios_1d/scenario_1_0000_sandstorm_06.json,0,[],0,False,20260909T160734.097185Z,0,0,scenario_1_0000_sandstorm_06
8.03,running,[],ffce39bacebd6c92227a525e1ee3cc3d8651a4640610808984a05cfdcb6845f8,1762.8,0.0,139.26,0.03,0.05,0.15,1.33,1.18,8.03,-417.51,210.8,-172.44,7.38,/home/djhuai/zuo/stf/new/STF/save_scenarios_1d/scenario_1_0000_sandstorm_07.json,0,[],0,False,20260909T160734.097185Z,0,0,scenario_1_0000_sandstorm_07
5.31,running,[],912d124aeccad72928112a46bea92d6a87658104a3e3576a84072559d65496ba,1782.5,0.0,87.77,-4.83,-0.84,-0.12,-0.27,-0.0,5.31,-366.67,218.87,-169.95,8.26,/home/djhuai/zuo/stf/new/STF/save_scenarios_1d/scenario_1_0000_sandstorm_08.json,0,[],0,False,20260909T160734.097185Z,0,0,scenario_1_0000_sandstorm_08
0.0,running,[],424356a6080e3abb33b7e81a92cc5788d081110cae3c81f82754297f0ae30f9d,1800.3,0.0,85.26,0.0,-0.0,0.0,-0.34,-0.0,0.0,-364.19,219.31,-169.86,8.28,/home/djhuai/zuo/stf/new/STF/save_scenarios_1d/scenario_1_0000_snowy_heavy_01.json,0,[],0,False,20260909T160734.097185Z,0,0,scenario_1_0000_snowy_heavy_01
8.04,running,[],2d2aae51202207f092c9137579039d11c549c18e363df66aa687cde7daacd36a,1820.3,0.0,143.28,0.01,0.06,-0.04,2.04,1.2,8.04,-421.5,210.26,-172.55,7.51,/home/djhuai/zuo/stf/new/STF/save_scenarios_1d/scenario_1_0000_snowy_heavy_02.json,0,[],0,False,20260909T160734.097185Z,0,0,scenario_1_0000_snowy_heavy_02
0.0,running,[],c03e71657c254ef4d5832f1742b5fafd46b05de0a840eb03e0c9ff94e57780ac,1840.9,0.0,85.26,0.0,-0.0,-0.0,-0.34,-0.0,0.0,-364.19,219.31,-169.86,8.28,/home/djhuai/zuo/stf/new/STF/save_scenarios_1d/scenario_1_0000_snowy_heavy_03.json,0,[],0,False,20260909T160734.097185Z,0,0,scenario_1_0000_snowy_heavy_03
0.0,running,[],8a5d9e8d162c9e10e34233274de8024c000e0b44f30305cebbc9f7d436096380,1860.3,0.0,85.26,0.0,-0.0,0.0,-0.34,-0.0,0.0,-364.19,219.31,-169.86,8.28,/home/djhuai/zuo/stf/new/STF/save_scenarios_1d/scenario_1_0000_snowy_heavy_04.json,0,[],0,False,20260909T160734.097185Z,0,0,scenario_1_0000_snowy_heavy_04
8.04,running,[],76987d3e5785a24774f012161aae4e7be293502bec4e8c8434b0fee67b3e2e03,1880.7,0.0,145.69,-0.02,0.05,-0.01,2.02,1.2,8.04,-423.89,209.95,-172.61,7.59,/home/djhuai/zuo/stf/new/STF/save_scenarios_1d/scenario_1_0000_snowy_heavy_05.json,0,[],0,False,20260909T160734.097185Z,0,0,scenario_1_0000_snowy_heavy_05
0.0,running,[],f81cc4ddb0ca2722c83a60e45def91c0b77acb247562f2a014727a60387f0e08,1900.3,0.0,79.25,-0.0,0.0,-0.0,-0.34,-0.0,0.0,-358.28,220.38,-169.49,8.32,/home/djhuai/zuo/stf/new/STF/save_scenarios_1d/scenario_1_0000_snowy_heavy_06.json,0,[],0,False,20260909T160734.097185Z,0,0,scenario_1_0000_snowy_heavy_06
0.0,running,[],2953e0abe2c08b6f48a359c947a342f7fe16077470e8a2425bcbe817766096a2,1919.9,0.0,85.26,-0.0,-0.0,0.0,-0.34,-0.0,0.0,-364.19,219.31,-169.86,8.28,/home/djhuai/zuo/stf/new/STF/save_scenarios_1d/scenario_1_0000_snowy_heavy_07.json,0,[],0,False,20260909T160734.097185Z,0,0,scenario_1_0000_snowy_heavy_07
8.05,running,[],2a458d6d984c23d5d743c44e42b246040d716292f55b41850f7df55332628e35,1939.7,0.0,133.88,0.21,0.04,-0.35,0.55,1.05,8.05,-412.18,211.52,-172.16,7.31,/home/djhuai/zuo/stf/new/STF/save_scenarios_1d/scenario_1_0000_snowy_heavy_08.json,0,[],0,False,20260909T160734.097185Z,0,0,scenario_1_0000_snowy_heavy_08
0.0,running,[],05809aea968363acb96d35dab828bb3e9604ea0658db9585099f81e34282453e,1958.5,0.0,85.26,-0.0,0.0,-0.0,-0.34,-0.0,0.0,-364.19,219.31,-169.86,8.28,/home/djhuai/zuo/stf/new/STF/save_scenarios_1d/scenario_1_0000_snowy_light_01.json,0,[],0,False,20260909T160734.097185Z,0,0,scenario_1_0000_snowy_light_01
8.06,running,[],3c53da965d3ba3bdce0cd905628abf5c5070be86d3ccbe62850660e1d3b93dc6,1976.5,0.0,126.76,-0.1,-0.03,-0.06,-0.07,0.8,8.06,-405.13,212.53,-171.64,7.27,/home/djhuai/zuo/stf/new/STF/save_scenarios_1d/scenario_1_0000_snowy_light_02.json,0,[],0,False,20260909T160734.097185Z,0,0,scenario_1_0000_snowy_light_02
3.36,running,[],17a5eab6688d49e7419de6d4c54b6d1cd1f3dc653c5cacd190a2f345e94f4f35,1994.5,0.0,82.71,-5.96,-1.07,-0.04,-0.27,-0.0,3.36,-361.69,219.76,-169.74,8.29,/home/djhuai/zuo/stf/new/STF/save_scenarios_1d/scenario_1_0000_snowy_light_03.json,0,[],0,False,20260909T160734.097185Z,0,0,scenario_1_0000_snowy_light_03
0.0,running,[],87b34be34af1ccc7354ce79e6ba24f190f83b7e93fc3f7c44ac1e8ab10e3f92e,2013.1,0.0,85.26,-0.0,0.0,-0.0,-0.34,-0.0,0.0,-364.19,219.31,-169.86,8.28,/home/djhuai/zuo/stf/new/STF/save_scenarios_1d/scenario_1_0000_snowy_light_04.json,0,[],0,False,20260909T160734.097185Z,0,0,scenario_1_0000_snowy_light_04
8.28,running,[],24155525d3714a4f4c07778ba89a38547e8d4fe5466d96980b336db2f8b8d69d,2032.6,0.0,131.27,-4.49,0.17,0.14,0.56,1.01,8.28,-409.59,211.89,-171.88,7.28,/home/djhuai/zuo/stf/new/STF/save_scenarios_1d/scenario_1_0000_snowy_light_05.json,0,[],0,False,20260909T160734.097185Z,0,0,scenario_1_0000_snowy_light_05
0.0,running,[],3d9c6c0e76bc2f8d8bffa2d36eb628887cdcb98c31582abf27bb7cefe3c7ac21,2052.1,0.0,85.26,0.0,0.0,-0.0,-0.34,-0.0,0.0,-364.19,219.31,-169.86,8.28,/home/djhuai/zuo/stf/new/STF/save_scenarios_1d/scenario_1_0000_snowy_light_06.json,0,[],0,False,20260909T160734.097185Z,0,0,scenario_1_0000_snowy_light_06
0.0,running,[],e828755249d014b6b50fa81a5fe94a3965e33ba44eacf2898b38d386c18f7ac2,2071.7,0.0,85.26,0.0,-0.0,0.0,-0.34,-0.0,0.0,-364.19,219.31,-169.86,8.28,/home/djhuai/zuo/stf/new/STF/save_scenarios_1d/scenario_1_0000_snowy_light_07.json,0,[],0,False,20260909T160734.097185Z,0,0,scenario_1_0000_snowy_light_07
8.05,running,[],bc83206b843cbabc151e568d83bffe2479044857d8da080749e0b5f2e25f6dd4,2091.4,0.0,140.46,-0.16,-0.02,-0.08,1.8,1.13,8.05,-418.71,210.64,-172.44,7.41,/home/djhuai/zuo/stf/new/STF/save_scenarios_1d/scenario_1_0000_snowy_light_08.json,0,[],0,False,20260909T160734.097185Z,0,0,scenario_1_0000_snowy_light_08
0.0,running,[],d594763b3c7ed77f1f62694d72d313325f0394b435782a1f82f343c86250e362,2110.8,0.0,85.26,-0.0,-0.0,-0.0,-0.34,-0.0,0.0,-364.19,219.31,-169.86,8.28,/home/djhuai/zuo/stf/new/STF/save_scenarios_1d/scenario_1_0000_sunny_01.json,0,[],0,False,20260909T160734.097185Z,0,0,scenario_1_0000_sunny_01
8.06,running,[],ca535686487f77ea29e6fa2b1436bc2ab315944f5bb0729c95ca92b266697a84,2128.5,0.0,123.93,0.09,0.14,0.77,-0.82,0.7,8.06,-402.33,212.95,-171.59,7.29,/home/djhuai/zuo/stf/new/STF/save_scenarios_1d/scenario_1_0000_sunny_02.json,0,[],0,False,20260909T160734.097185Z,0,0,scenario_1_0000_sunny_02
4.86,running,[],383382a2e1f980f120225e3155f3bd1541c619af52a6b1b7f58441be383f9cb4,2145.4,0.0,90.06,1.38,0.24,0.03,-0.35,-0.0,4.86,-368.91,218.47,-169.98,8.25,/home/djhuai/zuo/stf/new/STF/save_scenarios_1d/scenario_1_0000_sunny_03.json,0,[],0,False,20260909T160734.097185Z,0,0,scenario_1_0000_sunny_03
0.0,running,[],7847398557a07c7053bdeb0d356b7ae5d1f7ec82944207ddbaf7e8cc9eccac15,2163.0,0.0,85.26,-0.0,0.0,0.0,-0.34,-0.0,0.0,-364.19,219.31,-169.86,8.28,/home/djhuai/zuo/stf/new/STF/save_scenarios_1d/scenario_1_0000_sunny_04.json,0,[],0,False,20260909T160734.097185Z,0,0,scenario_1_0000_sunny_04
8.05,running,[],aa2bdaf1ad38d112654db35f236ce4bc851a2cfefbad24c27635a6e72e787d6f,2181.5,0.0,130.79,-0.23,-0.3,-1.14,0.42,1.13,8.05,-409.12,211.95,-171.85,7.28,/home/djhuai/zuo/stf/new/STF/save_scenarios_1d/scenario_1_0000_sunny_05.json,0,[],0,False,20260909T160734.097185Z,0,0,scenario_1_0000_sunny_05
0.0,running,[],f75a3702ac1695b3edd9cc71160dd88e323d7227beea8fe4d0c2e432e02a71f1,2199.8,0.0,81.25,-0.0,0.0,-0.0,-0.34,-0.0,0.0,-360.25,220.02,-169.65,8.3,/home/djhuai/zuo/stf/new/STF/save_scenarios_1d/scenario_1_0000_sunny_06.json,0,[],0,False,20260909T160734.097185Z,0,0,scenario_1_0000_sunny_06
8.05,running,[],cf68376ae35e932a2a192e64eb108f9a5541582d5c46376dd5aba9e608ddd2ac,2217.8,0.0,127.16,0.06,0.15,0.55,0.05,0.8,8.05,-405.53,212.47,-171.7,7.27,/home/djhuai/zuo/stf/new/STF/save_scenarios_1d/scenario_1_0000_sunny_07.json,0,[],0,False,20260909T160734.097185Z,0,0,scenario_1_0000_sunny_07
5.11,running,[],5b8cfd58b65948d94fc5a798436363bcc078df95e8cc73b1a6400fdfcfa86d49,2235.7,0.0,88.55,2.11,0.37,0.01,-0.32,-0.0,5.11,-367.43,218.73,-169.98,8.26,/home/djhuai/zuo/stf/new/STF/save_scenarios_1d/scenario_1_0000_sunny_08.json,0,[],0,False,20260909T160734.097185Z,0,0,scenario_1_0000_sunny_08
0.0,running,[],8206a9b1bb83afadb78428738300c8b1cf75c6564a422ae436960a439d25062f,2254.8,0.0,85.26,-0.0,0.0,0.0,-0.34,-0.0,0.0,-364.19,219.31,-169.86,8.28,/home/djhuai/zuo/stf/new/STF/save_scenarios_1d/scenario_1_0000_wind_01.json,0,[],0,False,20260909T160734.097185Z,0,0,scenario_1_0000_wind_01
8.07,running,[],ff4fc6219c3959b380098b1307282b23ef14921bff884d980b4c3ef89a9d7780,2272.3,0.0,123.12,-0.02,0.13,0.77,-1.03,0.67,8.07,-401.53,213.07,-171.57,7.3,/home/djhuai/zuo/stf/new/STF/save_scenarios_1d/scenario_1_0000_wind_02.json,0,[],0,False,20260909T160734.097185Z,0,0,scenario_1_0000_wind_02
0.0,running,[],154d81f74bce73219b7244685e3d110b036c612df365d790f62d845f9ae5ba33,2289.8,0.0,85.26,0.0,-0.0,0.0,-0.34,-0.0,0.0,-364.19,219.31,-169.86,8.28,/home/djhuai/zuo/stf/new/STF/save_scenarios_1d/scenario_1_0000_wind_03.json,0,[],0,False,20260909T160734.097185Z,0,0,scenario_1_0000_wind_03
8.07,running,[],8ea7c2f5c0127e8072f7cbf1223ffa2bd3ec98495400a3d3e71597fc7ee7c21b,2307.4,0.0,123.53,0.1,-0.08,-0.13,-0.89,0.74,8.07,-401.93,213.01,-171.56,7.3,/home/djhuai/zuo/stf/new/STF/save_scenarios_1d/scenario_1_0000_wind_04.json,0,[],0,False,20260909T160734.097185Z,0,0,scenario_1_0000_wind_04
5.05,running,[],d351a468f3a3c6a395f186d85f2964c3c3cec03a2d58976ab289a515d92ed4cb,2326.3,0.0,88.81,1.14,0.21,0.01,-0.33,-0.0,5.05,-367.68,218.69,-169.96,8.26,/home/djhuai/zuo/stf/new/STF/save_scenarios_1d/scenario_1_0000_wind_05.json,0,[],0,False,20260909T160734.097185Z,0,0,scenario_1_0000_wind_05
0.0,running,[],7666a20aebd3d467c35dea8215d6df7d69ef3545e76391d07255163ab60b4525,2344.0,0.0,85.26,0.0,-0.0,-0.0,-0.34,-0.0,0.0,-364.19,219.31,-169.86,8.28,/home/djhuai/zuo/stf/new/STF/save_scenarios_1d/scenario_1_0000_wind_06.json,0,[],0,False,20260909T160734.097185Z,0,0,scenario_1_0000_wind_06
8.06,running,[],9d05745cbdc369160b425f617b5dfe36f2e39b8ae55063e45b378cdb41356281,2362.3,0.0,128.78,0.55,0.31,1.92,0.39,0.88,8.06,-407.13,212.24,-171.79,7.26,/home/djhuai/zuo/stf/new/STF/save_scenarios_1d/scenario_1_0000_wind_07.json,0,[],0,False,20260909T160734.097185Z,0,0,scenario_1_0000_wind_07
0.0,running,[],6833c7f8c279c5dd5fcd8fcbb265f32b9ca5ce25c3fee8f3a574681d19eab8cb,2380.9,0.0,85.26,-0.0,0.0,-0.0,-0.34,-0.0,0.0,-364.19,219.31,-169.86,8.28,/home/djhuai/zuo/stf/new/STF/save_scenarios_1d/scenario_1_0000_wind_08.json,0,[],0,False,20260909T160734.097185Z,0,0,scenario_1_0000_wind_08
8.1,running,[],926489724e3d815e0e1b873713011a61ef657349e4ceb67e195c7b556b54ff6b,2396.6,0.0,107.9,-0.29,-0.04,-0.14,-2.49,0.44,8.1,-393.9,217.77,-171.18,7.62,/home/djhuai/zuo/stf/new/STF/save_scenarios_1d/scenario_1_0001_cloudy_01.json,0,[],0,False,20260909T160734.097185Z,0,0,scenario_1_0001_cloudy_01
0.0,running,[],91be3364e3be4bcd5e601828fecc5b919da00a2b66162b1f609fc0ba78f37e03,2411.4,0.0,78.27,0.0,0.0,0.0,-0.34,-0.0,0.0,-364.69,222.76,-169.39,8.28,/home/djhuai/zuo/stf/new/STF/save_scenarios_1d/scenario_1_0001_cloudy_02.json,0,[],0,False,20260909T160734.097185Z,0,0,scenario_1_0001_cloudy_02
8.09,running,[],c40dd087b479ab16512e205484db8f48e77e4087842b6b1c1c7d55275b816cbe,2428.8,0.0,121.64,-0.63,-0.34,-1.37,0.47,1.01,8.09,-407.49,215.73,-171.77,7.32,/home/djhuai/zuo/stf/new/STF/save_scenarios_1d/scenario_1_0001_cloudy_03.json,0,[],0,False,20260909T160734.097185Z,0,0,scenario_1_0001_cloudy_03
0.0,running,[],36f5f3dfc57c2c8ccfc15d2eff38103ae0e573b6a3e2adc300e2a50b996833c1,2443.7,0.0,78.27,-0.0,-0.0,0.0,-0.34,-0.0,0.0,-364.69,222.76,-169.39,8.28,/home/djhuai/zuo/stf/new/STF/save_scenarios_1d/scenario_1_0001_cloudy_04.json,0,[],0,False,20260909T160734.097185Z,0,0,scenario_1_0001_cloudy_04
8.06,running,[],e9fc7263975c785e5df8421cc24ae5d66d7680f0af93f22d25ac0e1a77e99e12,2459.7,0.0,109.92,0.43,0.16,0.18,-2.44,0.4,8.06,-395.89,217.46,-171.29,7.54,/home/djhuai/zuo/stf/new/STF/save_scenarios_1d/scenario_1_0001_cloudy_05.json,0,[],0,False,20260909T160734.097185Z,0,0,scenario_1_0001_cloudy_05
0.0,running,[],936a2a6c2453e2a776a2c3afe0fd5bbf894d7654c8c4b6e261d6d8da5fada1f4,2475.5,0.0,72.18,0.0,-0.0,0.0,-0.34,-0.0,0.0,-358.7,223.85,-169.56,8.32,/home/djhuai/zuo/stf/new/STF/save_scenarios_1d/scenario_1_0001_cloudy_06.json,0,[],0,False,20260909T160734.097185Z,0,0,scenario_1_0001_cloudy_06
0.0,running,[],d90db6b2bdd658cc1920afa3a7e32985b573d173768046412c4a801874dd63fe,2491.2,0.0,78.27,0.0,-0.0,-0.0,-0.34,-0.0,0.0,-364.69,222.76,-169.39,8.28,/home/djhuai/zuo/stf/new/STF/save_scenarios_1d/scenario_1_0001_cloudy_07.json,0,[],0,False,20260909T160734.097185Z,0,0,scenario_1_0001_cloudy_07
0.24,running,[],ae5fa89897773a72c9ef8484e768454ba6f9019fcb9ab9b760aa23190e31095e,2506.4,0.0,78.28,-2.74,-0.5,-0.02,-0.34,-0.0,0.24,-364.7,222.76,-169.39,8.28,/home/djhuai/zuo/stf/new/STF/save_scenarios_1d/scenario_1_0001_cloudy_08.json,0,[],0,False,20260909T160734.097185Z,0,0,scenario_1_0001_cloudy_08
0.0,running,[],c60383c99906733cf11ab104adfa9ccab4c4f82f716eaf1f0921153f06b1f088,2522.1,0.0,78.41,-0.0,0.0,-0.0,-0.34,0.0,0.0,-365.35,226.19,-170.11,8.28,/home/djhuai/zuo/stf/new/STF/save_scenarios_1d/scenario_1_0001_cold_fog_01.json,0,[],0,False,20260909T160734.097185Z,0,0,scenario_1_0001_cold_fog_01
3.65,running,[],e8ac4b81a4935677a3d3abb60b60dcf2e54eeb2be25c8a924f725c8edd915680,2537.2,0.0,79.42,-6.09,-1.07,-0.04,-0.27,-0.0,3.65,-365.82,222.56,-169.65,8.27,/home/djhuai/zuo/stf/new/STF/save_scenarios_1d/scenario_1_0001_cold_fog_02.json,0,[],0,False,20260909T160734.097185Z,0,0,scenario_1_0001_cold_fog_02
0.0,running,[],abc2f57f971b9dffd533b8a92d51d0ab5399fe944567149509cb627945de9118,2551.8,0.0,78.27,-0.0,-0.0,0.0,-0.34,-0.0,0.0,-364.69,222.76,-169.39,8.28,/home/djhuai/zuo/stf/new/STF/save_scenarios_1d/scenario_1_0001_cold_fog_03.json,0,[],0,False,20260909T160734.097185Z,0,0,scenario_1_0001_cold_fog_03
6.64,running,[],b52e2e659a7ae50b51feb74a1e38dfec58468edb629a6a01928f59f454c445f7,2569.0,0.0,87.52,-5.17,-0.91,1.75,-0.17,0.0,6.64,-373.8,221.16,-170.07,8.23,/home/djhuai/zuo/stf/new/STF/save_scenarios_1d/scenario_1_0001_cold_fog_04.json,0,[],0,False,20260909T160734.097185Z,0,0,scenario_1_0001_cold_fog_04
0.0,running,[],2ce8d4d0303d9b2950236e556285d83ac2cf943395766eeb7b4acf5e6607e9c1,2586.0,0.0,78.41,0.0,-0.0,-0.0,-0.34,0.0,0.0,-365.35,226.19,-170.11,8.28,/home/djhuai/zuo/stf/new/STF/save_scenarios_1d/scenario_1_0001_cold_fog_05.json,0,[],0,False,20260909T160734.097185Z,0,0,scenario_1_0001_cold_fog_05
6.43,running,[],24046327dafffb589484bc988b53d69088e92a8cd0eb8128eac4a601ded10367,2603.4,0.0,101.87,-4.46,-0.65,0.0,-2.47,0.74,6.43,-388.46,222.19,-170.73,7.91,/home/djhuai/zuo/stf/new/STF/save_scenarios_1d/scenario_1_0001_cold_fog_06.json,0,[],0,False,20260909T160734.097185Z,0,0,scenario_1_0001_cold_fog_06
0.0,running,[],8c9107a3aa3f5d1cd8496d6e6ae1112a5305dcbc02be07b4aa9ca30fb5c2132c,2620.4,0.0,78.27,0.0,0.0,-0.0,-0.34,-0.0,0.0,-364.69,222.76,-169.39,8.28,/home/djhuai/zuo/stf/new/STF/save_scenarios_1d/scenario_1_0001_cold_fog_07.json,0,[],0,False,20260909T160734.097185Z,0,0,scenario_1_0001_cold_fog_07
8.05,running,[],2dee45bc043653c86d2dcdb5248c926c4393790a1b8fd2324dcb6786189c1f49,2637.9,0.0,121.05,0.21,-0.01,-0.31,0.37,0.8,8.05,-406.9,215.81,-171.73,7.32,/home/djhuai/zuo/stf/new/STF/save_scenarios_1d/scenario_1_0001_cold_fog_08.json,0,[],0,False,20260909T160734.097185Z,0,0,scenario_1_0001_cold_fog_08
0.0,running,[],645df9de0867de7a105d34fb313b569434df93ba3bbd37b164bfbc630efbea2f,2652.6,0.0,78.27,-0.0,0.0,-0.0,-0.34,-0.0,0.0,-364.69,222.76,-169.39,8.28,/home/djhuai/zuo/stf/new/STF/save_scenarios_1d/scenario_1_0001_dawn_01.json,0,[],0,False,20260909T160734.097185Z,0,0,scenario_1_0001_dawn_01
8.03,running,[],9542ea7b6766f57bcd4a2adcdb75f540063103f57c3ac247b9627f876be86c07,2667.3,0.0,99.42,0.2,0.61,0.01,-2.53,0.66,8.03,-385.52,219.12,-170.38,7.98,/home/djhuai/zuo/stf/new/STF/save_scenarios_1d/scenario_1_0001_dawn_02.json,0,[],0,False,20260909T160734.097185Z,0,0,scenario_1_0001_dawn_02
0.0,running,[],a1fb541a4ece4c0bc0b98722f9deac933cd3572d2712bb79c92227f01309684e,2683.2,0.0,78.41,0.0,-0.0,-0.0,-0.34,0.0,0.0,-365.35,226.19,-170.11,8.28,/home/djhuai/zuo/stf/new/STF/save_scenarios_1d/scenario_1_0001_dawn_03.json,0,[],0,False,20260909T160734.097185Z,0,0,scenario_1_0001_dawn_03
8.11,running,[],8deeb37b0fc17ed4ce2df94500a89cc7c7ad39009332fcfc791dad2449f72cda,2697.7,0.0,97.47,0.52,0.13,0.11,-2.49,0.57,8.11,-384.12,222.91,-170.29,8.1,/home/djhuai/zuo/stf/new/STF/save_scenarios_1d/scenario_1_0001_dawn_04.json,0,[],0,False,20260909T160734.097185Z,0,0,scenario_1_0001_dawn_04
0.0,running,[],b27131662be99a9f49337b485354f42969a8e7781eb3b7e685fdaac1639d4bb2,2712.8,0.0,78.27,0.0,0.0,-0.0,-0.34,-0.0,0.0,-364.69,222.76,-169.39,8.28,/home/djhuai/zuo/stf/new/STF/save_scenarios_1d/scenario_1_0001_dawn_05.json,0,[],0,False,20260909T160734.097185Z,0,0,scenario_1_0001_dawn_05
8.09,running,[],79b2ee23712d64e6db6295f9100fa0c242495b22a5e1c28b196707050c9801cb,2728.6,0.0,107.98,0.03,0.06,0.11,-2.4,0.4,8.09,-394.49,221.22,-171.21,7.64,/home/djhuai/zuo/stf/new/STF/save_scenarios_1d/scenario_1_0001_dawn_06.json,0,[],0,False,20260909T160734.097185Z,0,0,scenario_1_0001_dawn_06
0.0,running,[],6c92a1d8cc72a38eb8399610dee7a9f6e0691ccc4eaf708c881345e71dd5b1d6,2742.6,0.0,78.27,0.0,-0.0,0.0,-0.34,-0.0,0.0,-364.69,222.76,-169.39,8.28,/home/djhuai/zuo/stf/new/STF/save_scenarios_1d/scenario_1_0001_dawn_07.json,0,[],0,False,20260909T160734.097185Z,0,0,scenario_1_0001_dawn_07
8.07,running,[],06dfd11efa356d2b5ce3e0c1a419b8a47e63abfd3ccb87622dd786d428941afb,2756.7,0.0,94.96,-1.76,-0.18,-0.88,-2.62,0.57,8.07,-381.13,219.88,-170.17,8.18,/home/djhuai/zuo/stf/new/STF/save_scenarios_1d/scenario_1_0001_dawn_08.json,0,[],0,False,20260909T160734.097185Z,0,0,scenario_1_0001_dawn_08
0.0,running,[],60558b8240b69470b144be4af70bce9ce77119c552949a9d2266a045a66e8726,2772.3,0.0,78.27,-0.0,-0.0,0.0,-0.34,-0.0,0.0,-364.69,222.76,-169.39,8.28,/home/djhuai/zuo/stf/new/STF/save_scenarios_1d/scenario_1_0001_dusk_01.json,0,[],0,False,20260909T160734.097185Z,0,0,scenario_1_0001_dusk_01
8.08,running,[],fd20c09116d40910cd6977be00f68c82c3e48b5a2370f3bc9c535da7ae98fa27,2787.7,0.0,105.48,-0.43,0.03,-0.02,-2.3,0.38,8.08,-391.5,218.14,-170.99,7.72,/home/djhuai/zuo/stf/new/STF/save_scenarios_1d/scenario_1_0001_dusk_02.json,0,[],0,False,20260909T160734.097185Z,0,0,scenario_1_0001_dusk_02
0.0,running,[],88c5bb4ccfc1358845f564ddacc6a8185242243613676e8b9836e0f9cdbb982f,2803.4,0.0,78.41,0.0,-0.0,-0.0,-0.34,0.0,0.0,-365.35,226.19,-170.11,8.28,/home/djhuai/zuo/stf/new/STF/save_scenarios_1d/scenario_1_0001_dusk_03.json,0,[],0,False,20260909T160734.097185Z,0,0,scenario_1_0001_dusk_03
8.07,running,[],50b8d3415041ec1a9d7bae82255ba0e50dacbc35faa29d3c3210b13b0fa1b696,2819.6,0.0,111.54,0.47,0.25,0.9,-2.19,0.49,8.07,-397.49,217.22,-171.4,7.47,/home/djhuai/zuo/stf/new/STF/save_scenarios_1d/scenario_1_0001_dusk_04.json,0,[],0,False,20260909T160734.097185Z,0,0,scenario_1_0001_dusk_04
0.0,running,[],c38907c94d2792c3b8306d516829ede9edd47ae9393c287776d12f542ac0cf74,2834.2,0.0,78.27,0.0,-0.0,0.0,-0.34,-0.0,0.0,-364.69,222.76,-169.39,8.28,/home/djhuai/zuo/stf/new/STF/save_scenarios_1d/scenario_1_0001_dusk_05.json,0,[],0,False,20260909T160734.097185Z,0,0,scenario_1_0001_dusk_05
8.03,running,[],a85a0fd1122d950368c4e29c6d41305af5f5babb713cd9158f2ff691676b88ec,2848.9,0.0,99.42,0.2,0.61,0.01,-2.53,0.66,8.03,-385.52,219.12,-170.38,7.98,/home/djhuai/zuo/stf/new/STF/save_scenarios_1d/scenario_1_0001_dusk_06.json,0,[],0,False,20260909T160734.097185Z,0,0,scenario_1_0001_dusk_06
0.0,running,[],3d9fe4136752f942ded69d8eb81bbc65821401bb14d1846eb4b1e2cef2c844bb,2864.0,0.0,78.27,-0.0,0.0,0.0,-0.34,-0.0,0.0,-364.69,222.76,-169.39,8.28,/home/djhuai/zuo/stf/new/STF/save_scenarios_1d/scenario_1_0001_dusk_07.json,0,[],0,False,20260909T160734.097185Z,0,0,scenario_1_0001_dusk_07
8.09,running,[],37d39cb454ff6eb490833e3ccfd685677d3798bcea61c036db493211e86ddb67,2878.8,0.0,100.62,-0.71,0.03,-0.02,-2.56,0.46,8.09,-386.71,218.92,-170.54,7.92,/home/djhuai/zuo/stf/new/STF/save_scenarios_1d/scenario_1_0001_dusk_08.json,0,[],0,False,20260909T160734.097185Z,0,0,scenario_1_0001_dusk_08
0.0,running,[],17761b06eb6a1044de4461fba98332523b79c41efde961fef3cd82aae950d2ab,2893.8,0.0,78.27,-0.0,0.0,-0.0,-0.34,-0.0,0.0,-364.69,222.76,-169.39,8.28,/home/djhuai/zuo/stf/new/STF/save_scenarios_1d/scenario_1_0001_fog_01.json,0,[],0,False,20260909T160734.097185Z,0,0,scenario_1_0001_fog_01
8.09,running,[],4cd0a1dc59e408f0bba985e8393296ad91a44a87361892768dcd9cf39e141cf0,2908.6,0.0,100.62,-0.71,0.03,-0.02,-2.56,0.46,8.09,-386.71,218.92,-170.54,7.92,/home/djhuai/zuo/stf/new/STF/save_scenarios_1d/scenario_1_0001_fog_02.json,0,[],0,False,20260909T160734.097185Z,0,0,scenario_1_0001_fog_02
0.0,running,[],65c4dd757f960552fcec9f961c7d4a63bebf437c7917714ab8ef82b1a267eab5,2925.5,0.0,78.27,0.0,0.0,-0.0,-0.34,-0.0,0.0,-364.69,222.76,-169.39,8.28,/home/djhuai/zuo/stf/new/STF/save_scenarios_1d/scenario_1_0001_fog_03.json,0,[],0,False,20260909T160734.097185Z,0,0,scenario_1_0001_fog_03
8.08,running,[],d8e648344580fc7c5763fa8a3c8f860555bda7155c814e8eecc97150093d29d9,2942.1,0.0,115.18,-0.23,-0.02,0.42,-1.11,0.58,8.08,-401.09,216.68,-171.51,7.36,/home/djhuai/zuo/stf/new/STF/save_scenarios_1d/scenario_1_0001_fog_04.json,0,[],0,False,20260909T160734.097185Z,0,0,scenario_1_0001_fog_04
0.0,running,[],fdc160398513cc4b8335e5990fd6335bda65c7d62beb4e47db7060c6e3778339,2958.2,0.0,78.27,-0.0,-0.0,0.0,-0.34,-0.0,0.0,-364.69,222.76,-169.39,8.28,/home/djhuai/zuo/stf/new/STF/save_scenarios_1d/scenario_1_0001_fog_05.json,0,[],0,False,20260909T160734.097185Z,0,0,scenario_1_0001_fog_05
0.0,running,[],c562ca1df36b9460db5ddd18492b5f631496b6531e4a197015a1b537404122c2,2975.5,0.0,78.27,0.0,-0.0,0.0,-0.34,-0.0,0.0,-364.69,222.76,-169.39,8.28,/home/djhuai/zuo/stf/new/STF/save_scenarios_1d/scenario_1_0001_fog_06.json,0,[],0,False,20260909T160734.097185Z,0,0,scenario_1_0001_fog_06
4.7,running,[],5b191532ac5d614cf9a3de0711c46da11a38982e6c299baaaa8c55f119b7888a,2991.1,0.0,83.52,0.58,0.1,0.0,-0.35,-0.0,4.7,-369.86,221.85,-170.03,8.25,/home/djhuai/zuo/stf/new/STF/save_scenarios_1d/scenario_1_0001_fog_07.json,0,[],0,False,20260909T160734.097185Z,0,0,scenario_1_0001_fog_07
0.0,running,[],70e018d28aab32c9c0e8cac9499a1d81aab04ce65fcf6929dbecfabbe33485c3,3007.3,0.0,78.41,0.0,0.0,0.0,-0.34,0.0,0.0,-365.35,226.19,-170.11,8.28,/home/djhuai/zuo/stf/new/STF/save_scenarios_1d/scenario_1_0001_fog_08.json,0,[],0,False,20260909T160734.097185Z,0,0,scenario_1_0001_fog_08
8.44,running,[],1758f7953955d612d2a9f4fa9cac2fd0b2b5c7cf586ee10def2dcfde8b0767a6,3022.4,0.0,90.61,-0.8,-0.13,1.61,0.85,0.24,8.44,-376.85,220.63,-170.06,8.24,/home/djhuai/zuo/stf/new/STF/save_scenarios_1d/scenario_1_0001_heavy_rain_01.json,0,[],0,False,20260909T160734.097185Z,0,0,scenario_1_0001_heavy_rain_01
0.0,running,[],9e9b7b93ba456576a277e4543667d6d08ba3ec55e7b65e26406e5761540750ea,3038.1,0.0,78.27,0.0,-0.0,-0.0,-0.34,-0.0,0.0,-364.69,222.76,-169.39,8.28,/home/djhuai/zuo/stf/new/STF/save_scenarios_1d/scenario_1_0001_heavy_rain_02.json,0,[],0,False,20260909T160734.097185Z,0,0,scenario_1_0001_heavy_rain_02
8.03,running,[],1ecd66f466c5d9ceb05518616e3ca74ecf65e532942748cda0268d7a31b7e530,3053.7,0.0,99.35,0.09,0.58,0.1,-2.53,0.68,8.03,-385.46,219.13,-170.36,7.98,/home/djhuai/zuo/stf/new/STF/save_scenarios_1d/scenario_1_0001_heavy_rain_03.json,0,[],0,False,20260909T160734.097185Z,0,0,scenario_1_0001_heavy_rain_03
0.0,running,[],02e4c880b6ae6a0f781b5ce818f30a1c3698544d8a8bf07ce33e32513760725d,3068.1,0.0,78.27,0.0,-0.0,0.0,-0.34,-0.0,0.0,-364.69,222.76,-169.39,8.28,/home/djhuai/zuo/stf/new/STF/save_scenarios_1d/scenario_1_0001_heavy_rain_04.json,0,[],0,False,20260909T160734.097185Z,0,0,scenario_1_0001_heavy_rain_04
5.27,running,[],0c69e1c65a251ff76d496259f650c14718522ff941ed48e33cdb9cd05a27dbf7,3082.1,0.0,85.48,0.08,-0.01,-0.04,-0.32,-0.0,5.27,-371.79,221.51,-170.06,8.24,/home/djhuai/zuo/stf/new/STF/save_scenarios_1d/scenario_1_0001_heavy_rain_05.json,0,[],0,False,20260909T160734.097185Z,0,0,scenario_1_0001_heavy_rain_05
0.0,running,[],df1325705ae93253537627ea2a679fe33087c6fbd75c28a373501622a2ffa327,3096.3,0.0,78.27,-0.0,0.0,-0.0,-0.34,-0.0,0.0,-364.69,222.76,-169.39,8.28,/home/djhuai/zuo/stf/new/STF/save_scenarios_1d/scenario_1_0001_heavy_rain_06.json,0,[],0,False,20260909T160734.097185Z,0,0,scenario_1_0001_heavy_rain_06
8.16,running,[],ff69d9c74a4170d159c2f301411a6f0d7f06a572dc3564e2a1097905717f49fd,3113.7,0.0,95.86,-0.48,-0.03,0.02,-2.54,0.57,8.16,-382.02,219.72,-170.23,8.13,/home/djhuai/zuo/stf/new/STF/save_scenarios_1d/scenario_1_0001_heavy_rain_07.json,0,[],0,False,20260909T160734.097185Z,0,0,scenario_1_0001_heavy_rain_07
0.0,running,[],c8bc39d42d89183ece3e74838f07385205b7feda4aaa167dbb77f5b4bc894bcc,3129.9,0.0,78.27,0.0,0.0,-0.0,-0.34,-0.0,0.0,-364.69,222.76,-169.39,8.28,/home/djhuai/zuo/stf/new/STF/save_scenarios_1d/scenario_1_0001_heavy_rain_08.json,0,[],0,False,20260909T160734.097185Z,0,0,scenario_1_0001_heavy_rain_08
8.08,running,[],e5b2803ef175b8ff6873b498ea5973af5d6abdd88024e6ece12b178739e04171,3145.9,0.0,110.33,-0.38,0.02,-0.01,-2.32,0.41,8.08,-396.29,217.4,-171.32,7.52,/home/djhuai/zuo/stf/new/STF/save_scenarios_1d/scenario_1_0001_light_rain_01.json,0,[],0,False,20260909T160734.097185Z,0,0,scenario_1_0001_light_rain_01
0.0,running,[],63b696208bd5faac9dd6c64a109d6a0eee4eca1a0d45e5f0ba72b59aa9810981,3161.9,0.0,78.27,-0.0,0.0,0.0,-0.34,-0.0,0.0,-364.69,222.76,-169.39,8.28,/home/djhuai/zuo/stf/new/STF/save_scenarios_1d/scenario_1_0001_light_rain_02.json,0,[],0,False,20260909T160734.097185Z,0,0,scenario_1_0001_light_rain_02
8.11,running,[],ee40a74ce601457243f8ec3e5b01fd9e229fc6fa39bf85dd47414c72343b040e,3176.8,0.0,101.43,-0.49,-0.1,0.26,-2.49,0.51,8.11,-387.51,218.79,-170.63,7.89,/home/djhuai/zuo/stf/new/STF/save_scenarios_1d/scenario_1_0001_light_rain_03.json,0,[],0,False,20260909T160734.097185Z,0,0,scenario_1_0001_light_rain_03
0.0,running,[],edc04103459ec3cc6e4755c31d3c8ea0c1e7b4f4459c5f27763606f2a18e1bed,3191.8,0.0,78.27,-0.0,0.0,-0.0,-0.34,-0.0,0.0,-364.69,222.76,-169.39,8.28,/home/djhuai/zuo/stf/new/STF/save_scenarios_1d/scenario_1_0001_light_rain_04.json,0,[],0,False,20260909T160734.097185Z,0,0,scenario_1_0001_light_rain_04
7.73,running,[],cca64a86b71d0af1616ab0f35247d3a304ce8b744ac827269951ee2bd7162529,3206.6,0.0,100.09,-0.58,0.02,0.25,-2.53,0.55,7.73,-386.19,219.01,-170.48,7.95,/home/djhuai/zuo/stf/new/STF/save_scenarios_1d/scenario_1_0001_light_rain_05.json,0,[],0,False,20260909T160734.097185Z,0,0,scenario_1_0001_light_rain_05
0.0,running,[],afe610d287d6befcfccab2bd44804112230fe6d162f9b989ba8f496d0fe162cf,3223.1,0.0,78.27,0.0,-0.0,-0.0,-0.34,-0.0,0.0,-364.69,222.76,-169.39,8.28,/home/djhuai/zuo/stf/new/STF/save_scenarios_1d/scenario_1_0001_light_rain_06.json,0,[],0,False,20260909T160734.097185Z,0,0,scenario_1_0001_light_rain_06
8.09,running,[],105da2e2efc13bb3cb78ac0c5c3f02a835260b660ac4d422ce9e756ed4895093,3238.6,0.0,106.29,-0.44,-0.02,-0.17,-2.3,0.4,8.09,-392.3,218.02,-171.08,7.69,/home/djhuai/zuo/stf/new/STF/save_scenarios_1d/scenario_1_0001_light_rain_07.json,0,[],0,False,20260909T160734.097185Z,0,0,scenario_1_0001_light_rain_07
0.0,running,[],317e1eb83bca9f4dbaac07b0555a17381ad35292175238810b355ffb8ca5386d,3253.6,0.0,78.27,-0.0,0.0,-0.0,-0.34,-0.0,0.0,-364.69,222.76,-169.39,8.28,/home/djhuai/zuo/stf/new/STF/save_scenarios_1d/scenario_1_0001_light_rain_08.json,0,[],0,False,20260909T160734.097185Z,0,0,scenario_1_0001_light_rain_08
8.06,running,[],fb3cbd8eb3dae6a9f859bf2a78ce2e8ffdc5200b78784ff081fb99eaaf63d166,3269.8,0.0,112.35,0.5,0.12,0.96,-1.99,0.45,8.06,-398.29,217.1,-171.43,7.44,/home/djhuai/zuo/stf/new/STF/save_scenarios_1d/scenario_1_0001_night_01.json,0,[],0,False,20260909T160734.097185Z,0,0,scenario_1_0001_night_01
0.0,running,[],84b8edeca6353b3e057bb0f1ac1c6eaac4105e87c55aea38fc6ac8351d6373e2,3286.9,0.0,78.27,-0.0,0.0,0.0,-0.34,-0.0,0.0,-364.69,222.76,-169.39,8.28,/home/djhuai/zuo/stf/new/STF/save_scenarios_1d/scenario_1_0001_night_02.json,0,[],0,False,20260909T160734.097185Z,0,0,scenario_1_0001_night_02
8.06,running,[],0610e4e224cdf63bd76db35174250aeb8dc3cfc4f363e2ddf8d461fc03cb79d2,3303.6,0.0,116.39,0.25,0.04,0.29,-0.82,0.61,8.06,-402.29,216.5,-171.54,7.34,/home/djhuai/zuo/stf/new/STF/save_scenarios_1d/scenario_1_0001_night_03.json,0,[],0,False,20260909T160734.097185Z,0,0,scenario_1_0001_night_03
0.0,running,[],de785fe4693d0511dbee1aafef2f88646dbd801d6ebbbfc10ee49091b35230d0,3320.5,0.0,78.27,0.0,-0.0,0.0,-0.34,-0.0,0.0,-364.69,222.76,-169.39,8.28,/home/djhuai/zuo/stf/new/STF/save_scenarios_1d/scenario_1_0001_night_04.json,0,[],0,False,20260909T160734.097185Z,0,0,scenario_1_0001_night_04
0.0,running,[],6f706d02c4a3927611ab7aca232b2d459e764727ca3042aa3c82d7bec26d2b98,3337.5,0.0,78.27,-0.0,-0.0,-0.0,-0.34,-0.0,0.0,-364.69,222.76,-169.39,8.28,/home/djhuai/zuo/stf/new/STF/save_scenarios_1d/scenario_1_0001_night_05.json,0,[],0,False,20260909T160734.097185Z,0,0,scenario_1_0001_night_05
5.69,running,[],33757aba9adf50c3cac136d9fbd43bbb8aa9107f2c1cad4767ab2bbd25cd032f,3354.0,0.0,86.29,-4.01,-0.69,-0.02,-0.32,0.0,5.69,-372.59,221.37,-170.07,8.23,/home/djhuai/zuo/stf/new/STF/save_scenarios_1d/scenario_1_0001_night_06.json,0,[],0,False,20260909T160734.097185Z,0,0,scenario_1_0001_night_06
0.0,running,[],bddab08cb32db353b493e24a7abfeb48bd5fd7d1f712211c57ae979e0b5b2cec,3369.9,0.0,78.27,0.0,-0.0,0.0,-0.34,-0.0,0.0,-364.69,222.76,-169.39,8.28,/home/djhuai/zuo/stf/new/STF/save_scenarios_1d/scenario_1_0001_night_07.json,0,[],0,False,20260909T160734.097185Z,0,0,scenario_1_0001_night_07
7.18,running,[],eafff4f5da48b35b1d8e2c426fa8aea6f1790b18839cfa9257b30367e477d7ec,3387.0,0.0,105.1,-1.31,-0.08,-0.05,-2.29,0.37,7.18,-391.13,218.2,-170.92,7.74,/home/djhuai/zuo/stf/new/STF/save_scenarios_1d/scenario_1_0001_night_08.json,0,[],0,False,20260909T160734.097185Z,0,0,scenario_1_0001_night_08
0.0,running,[],4c8c2410de0253cafc0bf1456e0eb3ff015111e0939bbf9be4faf8e41a89e2fc,3402.8,0.0,78.27,-0.0,0.0,0.0,-0.34,-0.0,0.0,-364.69,222.76,-169.39,8.28,/home/djhuai/zuo/stf/new/STF/save_scenarios_1d/scenario_1_0001_overcast_01.json,0,[],0,False,20260909T160734.097185Z,0,0,scenario_1_0001_overcast_01
8.07,running,[],c22ec30d518184a79aa63a5e305594d55173a3574f4bed1557dd0fe110924df4,3419.3,0.0,113.97,0.31,0.06,-0.34,-1.59,0.57,8.07,-399.89,216.86,-171.47,7.39,/home/djhuai/zuo/stf/new/STF/save_scenarios_1d/scenario_1_0001_overcast_02.json,0,[],0,False,20260909T160734.097185Z,0,0,scenario_1_0001_overcast_02
0.0,running,[],34a9a029d8bd459b5836c91ba6ddc4550d54c862327dffe4cecd93f5679c4c0b,3435.0,0.0,78.27,0.0,-0.0,-0.0,-0.34,-0.0,0.0,-364.69,222.76,-169.39,8.28,/home/djhuai/zuo/stf/new/STF/save_scenarios_1d/scenario_1_0001_overcast_03.json,0,[],0,False,20260909T160734.097185Z,0,0,scenario_1_0001_overcast_03
4.57,running,[],bbfd630f75a562c05415b5311548a93dc4ce070756a67e7372082d168c6721ad,3449.6,0.0,95.71,-5.75,-0.98,-0.23,-2.41,0.56,4.57,-381.87,219.75,-170.25,8.14,/home/djhuai/zuo/stf/new/STF/save_scenarios_1d/scenario_1_0001_overcast_04.json,0,[],0,False,20260909T160734.097185Z,0,0,scenario_1_0001_overcast_04
0.0,running,[],5481a5f6f7dd02f7f8dfd51b9c1fdd163bda1ce5ecbf89169c497ccb868337eb,3465.5,0.0,78.27,-0.0,0.0,-0.0,-0.34,-0.0,0.0,-364.69,222.76,-169.39,8.28,/home/djhuai/zuo/stf/new/STF/save_scenarios_1d/scenario_1_0001_overcast_05.json,0,[],0,False,20260909T160734.097185Z,0,0,scenario_1_0001_overcast_05
8.14,running,[],17cc3b1ee70a9ea268c5e76bba8c95025a94f40ea413c3ce7f0cbdc2d21f24ab,3479.9,0.0,97.07,0.38,0.09,0.13,-2.5,0.57,8.14,-383.72,222.98,-170.28,8.12,/home/djhuai/zuo/stf/new/STF/save_scenarios_1d/scenario_1_0001_overcast_06.json,0,[],0,False,20260909T160734.097185Z,0,0,scenario_1_0001_overcast_06
0.0,running,[],e8f93d62a4575e5cfb244c7f80d4b46e4d9025da5b2020e61bcab42781291646,3496.8,0.0,78.27,0.0,-0.0,0.0,-0.34,-0.0,0.0,-364.69,222.76,-169.39,8.28,/home/djhuai/zuo/stf/new/STF/save_scenarios_1d/scenario_1_0001_overcast_07.json,0,[],0,False,20260909T160734.097185Z,0,0,scenario_1_0001_overcast_07
8.1,running,[],a7db20fd7f5787c319f018154db2a00f6504eaaaf130219766b501b192975051,3512.5,0.0,107.9,-0.29,-0.04,-0.14,-2.49,0.44,8.1,-393.9,217.77,-171.18,7.62,/home/djhuai/zuo/stf/new/STF/save_scenarios_1d/scenario_1_0001_overcast_08.json,0,[],0,False,20260909T160734.097185Z,0,0,scenario_1_0001_overcast_08
0.0,running,[],9f001f872804816a0dce5355b1af63c0a109e2d8ee021f8664c635c83302b3b9,3528.7,0.0,78.27,0.0,0.0,-0.0,-0.34,-0.0,0.0,-364.69,222.76,-169.39,8.28,/home/djhuai/zuo/stf/new/STF/save_scenarios_1d/scenario_1_0001_rainy_dusk_01.json,0,[],0,False,20260909T160734.097185Z,0,0,scenario_1_0001_rainy_dusk_01
8.11,running,[],9fe6b3b81d64f74e784eb22d972594289a8ad17257fea7650bd3a31b3561ce67,3543.6,0.0,101.43,-0.49,-0.1,0.26,-2.49,0.51,8.11,-387.51,218.79,-170.63,7.89,/home/djhuai/zuo/stf/new/STF/save_scenarios_1d/scenario_1_0001_rainy_dusk_02.json,0,[],0,False,20260909T160734.097185Z,0,0,scenario_1_0001_rainy_dusk_02
0.0,running,[],7e40806f84186678dd3c868405bc4686b2492656e6722f24d38b27bbd906b5e0,3558.9,0.0,78.27,-0.0,0.0,0.0,-0.34,-0.0,0.0,-364.69,222.76,-169.39,8.28,/home/djhuai/zuo/stf/new/STF/save_scenarios_1d/scenario_1_0001_rainy_dusk_03.json,0,[],0,False,20260909T160734.097185Z,0,0,scenario_1_0001_rainy_dusk_03
8.1,running,[],56ecd035931e3a924fa829836edc091190d96f68136f116d08fb98f04010e2b1,3574.0,0.0,103.06,-0.16,0.07,0.18,-2.35,0.44,8.1,-389.11,218.53,-170.73,7.82,/home/djhuai/zuo/stf/new/STF/save_scenarios_1d/scenario_1_0001_rainy_dusk_04.json,0,[],0,False,20260909T160734.097185Z,0,0,scenario_1_0001_rainy_dusk_04
0.0,running,[],77533ba86afdc1492f8b00b28ba4129342d0153c7992aaeede2c76d4035d0d2a,3590.1,0.0,78.27,0.0,-0.0,-0.0,-0.34,-0.0,0.0,-364.69,222.76,-169.39,8.28,/home/djhuai/zuo/stf/new/STF/save_scenarios_1d/scenario_1_0001_rainy_dusk_05.json,0,[],0,False,20260909T160734.097185Z,0,0,scenario_1_0001_rainy_dusk_05
8.1,running,[],92fc8fc2e8359cdd518d2aa82eb5908acc6bf593b381ecf69ce16aa58d47ec0e,3606.2,0.0,111.14,-0.48,-0.01,-0.68,-2.25,0.55,8.1,-397.09,217.28,-171.38,7.48,/home/djhuai/zuo/stf/new/STF/save_scenarios_1d/scenario_1_0001_rainy_dusk_06.json,0,[],0,False,20260909T160734.097185Z,0,0,scenario_1_0001_rainy_dusk_06
0.0,running,[],27300af76e60bbcb3c68f09bef2c386057baa2b8e578de2e50827a9b570dcf23,3622.9,0.0,78.27,-0.0,0.0,-0.0,-0.34,-0.0,0.0,-364.69,222.76,-169.39,8.28,/home/djhuai/zuo/stf/new/STF/save_scenarios_1d/scenario_1_0001_rainy_dusk_07.json,0,[],0,False,20260909T160734.097185Z,0,0,scenario_1_0001_rainy_dusk_07
0.0,running,[],b034e0d70c5aae07daccd135e92a20cb680c320a3b6f5dc9f50a962dc67a0af3,3640.0,0.0,78.27,0.0,-0.0,0.0,-0.34,-0.0,0.0,-364.69,222.76,-169.39,8.28,/home/djhuai/zuo/stf/new/STF/save_scenarios_1d/scenario_1_0001_rainy_dusk_08.json,0,[],0,False,20260909T160734.097185Z,0,0,scenario_1_0001_rainy_dusk_08
3.66,running,[],e5b7d19454c986641ce665fa4176e33179c385b6e2a1e01e8770c367e5d4f7e6,3654.6,0.0,79.42,-6.07,-1.07,-0.04,-0.27,-0.0,3.66,-365.82,222.56,-169.67,8.27,/home/djhuai/zuo/stf/new/STF/save_scenarios_1d/scenario_1_0001_sandstorm_01.json,0,[],0,False,20260909T160734.097185Z,0,0,scenario_1_0001_sandstorm_01
0.0,running,[],286e69b0bb9ebc9256ce7af1d58a72718681296bb015beed96f15419505995de,3671.8,0.0,78.41,-0.0,-0.0,0.0,-0.34,0.0,0.0,-365.35,226.19,-170.11,8.28,/home/djhuai/zuo/stf/new/STF/save_scenarios_1d/scenario_1_0001_sandstorm_02.json,0,[],0,False,20260909T160734.097185Z,0,0,scenario_1_0001_sandstorm_02
8.08,running,[],466e1246f504fdf8ec0df7e462213b4fe833207606fe1a1b53bfbb909d496b7f,3689.0,0.0,108.0,0.37,0.06,-0.11,-2.5,0.44,8.08,-394.0,217.75,-171.18,7.62,/home/djhuai/zuo/stf/new/STF/save_scenarios_1d/scenario_1_0001_sandstorm_03.json,0,[],0,False,20260909T160734.097185Z,0,0,scenario_1_0001_sandstorm_03
0.0,running,[],bb1a1baba8332550cbaeff1c2ddcae58b8ebebb4ad1615b016f60b83e94cf397,3706.3,0.0,78.27,0.0,-0.0,-0.0,-0.34,-0.0,0.0,-364.69,222.76,-169.39,8.28,/home/djhuai/zuo/stf/new/STF/save_scenarios_1d/scenario_1_0001_sandstorm_04.json,0,[],0,False,20260909T160734.097185Z,0,0,scenario_1_0001_sandstorm_04
8.07,running,[],c4c1e5d3f91e9f86082c4bd704166c56d18ec370438a73ccbd427aadcafe2386,3723.2,0.0,118.01,0.27,0.02,0.11,-0.38,0.71,8.07,-403.89,216.26,-171.57,7.32,/home/djhuai/zuo/stf/new/STF/save_scenarios_1d/scenario_1_0001_sandstorm_05.json,0,[],0,False,20260909T160734.097185Z,0,0,scenario_1_0001_sandstorm_05
0.0,running,[],e86d77368b5235535ddbc4e2c07d9872f0c0496815cf309affaae1dfd290bd07,3740.3,0.0,71.63,-0.0,0.0,-0.0,-0.35,0.0,0.0,-358.66,227.35,-170.31,8.32,/home/djhuai/zuo/stf/new/STF/save_scenarios_1d/scenario_1_0001_sandstorm_06.json,0,[],0,False,20260909T160734.097185Z,0,0,scenario_1_0001_sandstorm_06
8.05,running,[],9cb6edfb603c44170c0a72884aa72db272d31a4e454edbc7ca358d01b4466ba2,3757.0,0.0,115.59,0.51,0.09,0.32,-1.05,0.58,8.05,-401.49,216.62,-171.52,7.35,/home/djhuai/zuo/stf/new/STF/save_scenarios_1d/scenario_1_0001_sandstorm_07.json,0,[],0,False,20260909T160734.097185Z,0,0,scenario_1_0001_sandstorm_07
0.0,running,[],e4701bc2e34539d879ee239174d92ec46eddfe7fd958868fb2888f0be2071096,3774.0,0.0,78.41,0.0,0.0,0.0,-0.34,0.0,0.0,-365.35,226.19,-170.11,8.28,/home/djhuai/zuo/stf/new/STF/save_scenarios_1d/scenario_1_0001_sandstorm_08.json,0,[],0,False,20260909T160734.097185Z,0,0,scenario_1_0001_sandstorm_08
0.0,running,[],c6bb7be3de270c6c1b388bef58575fdb01270b5b730be4783fe1d12eca5cec2d,3790.0,0.0,78.27,0.0,-0.0,-0.0,-0.34,-0.0,0.0,-364.69,222.76,-169.39,8.28,/home/djhuai/zuo/stf/new/STF/save_scenarios_1d/scenario_1_0001_snowy_heavy_01.json,0,[],0,False,20260909T160734.097185Z,0,0,scenario_1_0001_snowy_heavy_01
5.28,running,[],ff143c55fa2eba02c73b056adde00fedab9758580f7d0bb138f827246fa3f1fb,3806.8,0.0,85.2,-4.43,-0.78,-0.12,-0.32,-0.0,5.28,-371.51,221.56,-170.06,8.24,/home/djhuai/zuo/stf/new/STF/save_scenarios_1d/scenario_1_0001_snowy_heavy_02.json,0,[],0,False,20260909T160734.097185Z,0,0,scenario_1_0001_snowy_heavy_02
0.0,running,[],cb53fc3e6f83d7cfbf22abd538d1aa790f90688c68570759bd816a1894ef421f,3823.8,0.0,78.27,0.0,0.0,-0.0,-0.34,-0.0,0.0,-364.69,222.76,-169.39,8.28,/home/djhuai/zuo/stf/new/STF/save_scenarios_1d/scenario_1_0001_snowy_heavy_03.json,0,[],0,False,20260909T160734.097185Z,0,0,scenario_1_0001_snowy_heavy_03
8.08,running,[],72743e6216cad6e92b5c104d435dba903851bf4a1e963fc3340292ecb2b912ff,3840.8,0.0,118.85,-0.39,0.09,0.56,-0.28,0.75,8.08,-404.72,216.13,-171.58,7.31,/home/djhuai/zuo/stf/new/STF/save_scenarios_1d/scenario_1_0001_snowy_heavy_04.json,0,[],0,False,20260909T160734.097185Z,0,0,scenario_1_0001_snowy_heavy_04
0.0,running,[],c3781419ace5c3f0187e16a74ef393cea1a21f09cc11744c570174baa93707d5,3858.2,0.0,78.27,0.0,-0.0,-0.0,-0.34,-0.0,0.0,-364.69,222.76,-169.39,8.28,/home/djhuai/zuo/stf/new/STF/save_scenarios_1d/scenario_1_0001_snowy_heavy_05.json,0,[],0,False,20260909T160734.097185Z,0,0,scenario_1_0001_snowy_heavy_05
4.65,running,[],69b5e064478c704cf30323dd6b31a385922c2be529cecd2c3ad4b5659c69bfe4,3875.2,0.0,87.95,-0.61,-0.22,-0.04,0.05,0.1,4.65,-374.22,221.09,-170.03,8.23,/home/djhuai/zuo/stf/new/STF/save_scenarios_1d/scenario_1_0001_snowy_heavy_06.json,0,[],0,False,20260909T160734.097185Z,0,0,scenario_1_0001_snowy_heavy_06
0.0,running,[],05046f0a818df047b366dd3ab05eea6f086a5aa2c18630c952f5bb8ca0c98db8,3892.7,0.0,78.41,0.0,-0.0,-0.0,-0.34,0.0,0.0,-365.35,226.19,-170.11,8.28,/home/djhuai/zuo/stf/new/STF/save_scenarios_1d/scenario_1_0001_snowy_heavy_07.json,0,[],0,False,20260909T160734.097185Z,0,0,scenario_1_0001_snowy_heavy_07
8.09,running,[],4e6b5fe4d7b9df1906e79c04ca4a2d71219400f39c69595963ba6235541aa52b,3910.1,0.0,121.64,-0.63,-0.34,-1.37,0.47,1.01,8.09,-407.49,215.73,-171.77,7.32,/home/djhuai/zuo/stf/new/STF/save_scenarios_1d/scenario_1_0001_snowy_heavy_08.json,0,[],0,False,20260909T160734.097185Z,0,0,scenario_1_0001_snowy_heavy_08
0.0,running,[],1c15900e6c6c25f2ec6c8a6a8baf7b3e03a73fe4ff075f96ede403c5fca23fba,3925.1,0.0,78.41,-0.0,-0.0,0.0,-0.34,0.0,0.0,-365.35,226.19,-170.11,8.28,/home/djhuai/zuo/stf/new/STF/save_scenarios_1d/scenario_1_0001_snowy_light_01.json,0,[],0,False,20260909T160734.097185Z,0,0,scenario_1_0001_snowy_light_01
0.0,running,[],b071f3d1496e6e9b03f697d0e9ab8c3394a44c512bf2bff0de6206ccafbdc8ca,3940.4,0.0,78.27,-0.0,-0.0,-0.0,-0.34,-0.0,0.0,-364.69,222.76,-169.39,8.28,/home/djhuai/zuo/stf/new/STF/save_scenarios_1d/scenario_1_0001_snowy_light_02.json,0,[],0,False,20260909T160734.097185Z,0,0,scenario_1_0001_snowy_light_02
0.0,running,[],af3f08386e51aa5ec093675be785241461e3c06a0ff37aaa7aa2f0e7b448789c,3954.8,0.0,78.41,-0.0,0.0,0.0,-0.34,0.0,0.0,-365.35,226.19,-170.11,8.28,/home/djhuai/zuo/stf/new/STF/save_scenarios_1d/scenario_1_0001_snowy_light_03.json,0,[],0,False,20260909T160734.097185Z,0,0,scenario_1_0001_snowy_light_03
0.0,running,[],fe733a3fc8fdbdc5ef0d9f0e5c4e344b44492451d10af63ce31450f4b9e8e4f5,3969.5,0.0,78.41,-0.0,-0.0,-0.0,-0.34,0.0,0.0,-365.35,226.19,-170.11,8.28,/home/djhuai/zuo/stf/new/STF/save_scenarios_1d/scenario_1_0001_snowy_light_04.json,0,[],0,False,20260909T160734.097185Z,0,0,scenario_1_0001_snowy_light_04
0.0,running,[],828195d9fbbd19853614c8c961ade03ecc5c6433186826fe76c81ad0378ecdb2,3984.9,0.0,78.27,0.0,-0.0,-0.0,-0.34,-0.0,0.0,-364.69,222.76,-169.39,8.28,/home/djhuai/zuo/stf/new/STF/save_scenarios_1d/scenario_1_0001_snowy_light_05.json,0,[],0,False,20260909T160734.097185Z,0,0,scenario_1_0001_snowy_light_05
0.0,running,[],6511cd3cd850d2a42e91dcf4ab5b5f79fe0cfe7d3ab7ca783e36b8f7149fdeed,4001.4,0.0,78.27,0.0,-0.0,-0.0,-0.34,-0.0,0.0,-364.69,222.76,-169.39,8.28,/home/djhuai/zuo/stf/new/STF/save_scenarios_1d/scenario_1_0001_snowy_light_06.json,0,[],0,False,20260909T160734.097185Z,0,0,scenario_1_0001_snowy_light_06
8.0,running,[],2c7f4667cc429f7cb43aa883ba748f423206cd28ec981ae38c85632621758d41,4018.9,0.0,89.36,-4.88,-0.76,-0.16,0.63,0.26,8.0,-375.61,220.84,-170.07,8.24,/home/djhuai/zuo/stf/new/STF/save_scenarios_1d/scenario_1_0001_snowy_light_07.json,0,[],0,False,20260909T160734.097185Z,0,0,scenario_1_0001_snowy_light_07
0.0,running,[],32f574722aceaed0943897a946807f639f84997e5ce233b7ed6d8dec2050a872,4035.5,0.0,78.27,-0.0,0.0,-0.0,-0.34,-0.0,0.0,-364.69,222.76,-169.39,8.28,/home/djhuai/zuo/stf/new/STF/save_scenarios_1d/scenario_1_0001_snowy_light_08.json,0,[],0,False,20260909T160734.097185Z,0,0,scenario_1_0001_snowy_light_08
8.04,running,[],6be4cd0503ae2142a2f66c547965fbb750192741300fc34de8548671e8e060e5,4052.6,0.0,119.63,0.56,0.26,0.86,-0.04,0.75,8.04,-405.49,216.02,-171.64,7.31,/home/djhuai/zuo/stf/new/STF/save_scenarios_1d/scenario_1_0001_sunny_01.json,0,[],0,False,20260909T160734.097185Z,0,0,scenario_1_0001_sunny_01
0.0,running,[],bbc195cc60005d06c348ccecc54324fc7bc0cc3685a083aa2ff4776d4be2b7ee,4067.4,0.0,78.27,0.0,-0.0,0.0,-0.34,-0.0,0.0,-364.69,222.76,-169.39,8.28,/home/djhuai/zuo/stf/new/STF/save_scenarios_1d/scenario_1_0001_sunny_02.json,0,[],0,False,20260909T160734.097185Z,0,0,scenario_1_0001_sunny_02
8.1,running,[],2f7416f33983a25dff7554479be2eb3cf6d3bdd804f88ec24ca6b4e4830d5dbf,4082.3,0.0,101.84,0.24,0.06,-0.12,-2.45,0.54,8.1,-387.91,218.72,-170.66,7.87,/home/djhuai/zuo/stf/new/STF/save_scenarios_1d/scenario_1_0001_sunny_03.json,0,[],0,False,20260909T160734.097185Z,0,0,scenario_1_0001_sunny_03
0.0,running,[],5901d208a93b88f23fbf4e68d81d8e912de2dbb5c4122a8eeef0a8de290c94ac,4098.5,0.0,78.41,-0.0,0.0,0.0,-0.34,0.0,0.0,-365.35,226.19,-170.11,8.28,/home/djhuai/zuo/stf/new/STF/save_scenarios_1d/scenario_1_0001_sunny_04.json,0,[],0,False,20260909T160734.097185Z,0,0,scenario_1_0001_sunny_04
6.85,running,[],f50764849d7417fccdb1c5632729848c538a43378aa531e9dd47bf464706dc58,4113.7,0.0,96.77,-1.41,-0.22,-0.0,-2.46,0.57,6.85,-383.43,223.04,-170.26,8.13,/home/djhuai/zuo/stf/new/STF/save_scenarios_1d/scenario_1_0001_sunny_05.json,0,[],0,False,20260909T160734.097185Z,0,0,scenario_1_0001_sunny_05
0.0,running,[],9ddd2fbfc6a859633890636075b63771290f6d4d4d984ffe77e7307e1a726093,4129.4,0.0,78.27,-0.0,-0.0,0.0,-0.34,-0.0,0.0,-364.69,222.76,-169.39,8.28,/home/djhuai/zuo/stf/new/STF/save_scenarios_1d/scenario_1_0001_sunny_06.json,0,[],0,False,20260909T160734.097185Z,0,0,scenario_1_0001_sunny_06
4.88,running,[],ae12c8d1225e0e558e80ca81355f509aa990ba25cb65ebe55675df012a0d09b8,4144.1,0.0,95.97,-5.65,-0.97,-0.22,-2.41,0.56,4.88,-382.64,223.17,-170.22,8.16,/home/djhuai/zuo/stf/new/STF/save_scenarios_1d/scenario_1_0001_sunny_07.json,0,[],0,False,20260909T160734.097185Z,0,0,scenario_1_0001_sunny_07
0.0,running,[],df06b585c1adfe1edc4e9b27e508c8c4b1d5653f1a6698d0e263532a3e5f18d6,4159.7,0.0,78.27,0.0,0.0,-0.0,-0.34,-0.0,0.0,-364.69,222.76,-169.39,8.28,/home/djhuai/zuo/stf/new/STF/save_scenarios_1d/scenario_1_0001_sunny_08.json,0,[],0,False,20260909T160734.097185Z,0,0,scenario_1_0001_sunny_08
6.81,running,[],c35e0fae51c3b5eb4df30836b1aa7b83a9379fb21ecd4ae5ce7d718488806a9e,4174.9,0.0,102.44,0.66,0.19,-0.07,-2.41,0.52,6.81,-388.5,218.63,-170.7,7.85,/home/djhuai/zuo/stf/new/STF/save_scenarios_1d/scenario_1_0001_wind_01.json,0,[],0,False,20260909T160734.097185Z,0,0,scenario_1_0001_wind_01
0.0,running,[],0124605c024fcec3a5a985ff55cc888a12a6cf768cf2e4b3a7c77bbfac8fa4e7,4190.8,0.0,78.41,-0.0,0.0,0.0,-0.34,0.0,0.0,-365.35,226.19,-170.11,8.28,/home/djhuai/zuo/stf/new/STF/save_scenarios_1d/scenario_1_0001_wind_02.json,0,[],0,False,20260909T160734.097185Z,0,0,scenario_1_0001_wind_02
8.06,running,[],9c4ffb2b4baa9e846a13851c489f942d54205d00d0268fe3d3653262d24312c3,4206.1,0.0,105.07,0.29,0.13,0.02,-2.29,0.38,8.06,-391.1,218.21,-170.94,7.74,/home/djhuai/zuo/stf/new/STF/save_scenarios_1d/scenario_1_0001_wind_03.json,0,[],0,False,20260909T160734.097185Z,0,0,scenario_1_0001_wind_03
0.0,running,[],cf1c15e658fdafbac86b8ff5c1e2db2b5f0b6064f19309ace3dba7c8c1e7d63f,4220.5,0.0,78.27,0.0,0.0,-0.0,-0.34,-0.0,0.0,-364.69,222.76,-169.39,8.28,/home/djhuai/zuo/stf/new/STF/save_scenarios_1d/scenario_1_0001_wind_04.json,0,[],0,False,20260909T160734.097185Z,0,0,scenario_1_0001_wind_04
5.75,running,[],1251f7be722eb18fce892cb93a38d08ddc978fdac1ab0320f4b3c0aaa195c866,4235.9,0.0,103.55,1.59,0.3,0.04,-2.32,0.37,5.75,-389.6,218.45,-170.76,7.8,/home/djhuai/zuo/stf/new/STF/save_scenarios_1d/scenario_1_0001_wind_05.json,0,[],0,False,20260909T160734.097185Z,0,0,scenario_1_0001_wind_05
0.0,running,[],ef2cdf21857137bebc2275169cbb483a270cec12ba1f9436fea8e58ce4c4ba90,4249.9,0.0,78.27,0.0,-0.0,0.0,-0.34,-0.0,0.0,-364.69,222.76,-169.39,8.28,/home/djhuai/zuo/stf/new/STF/save_scenarios_1d/scenario_1_0001_wind_06.json,0,[],0,False,20260909T160734.097185Z,0,0,scenario_1_0001_wind_06
7.43,running,[],c0e0947821f21f44a20c02f60642249d8b097b51240f6e0daa94b80bff97601b,4265.3,0.0,104.06,-0.84,-0.16,0.11,-2.29,0.36,7.43,-390.1,218.37,-170.77,7.78,/home/djhuai/zuo/stf/new/STF/save_scenarios_1d/scenario_1_0001_wind_07.json,0,[],0,False,20260909T160734.097185Z,0,0,scenario_1_0001_wind_07
0.0,running,[],20242fa0613dfbf88b0359421dfc613ca3f7d43b22f53faf36ac621a65543b69,4280.0,0.0,78.27,0.0,-0.0,0.0,-0.34,-0.0,0.0,-364.69,222.76,-169.39,8.28,/home/djhuai/zuo/stf/new/STF/save_scenarios_1d/scenario_1_0001_wind_08.json,0,[],0,False,20260909T160734.097185Z,0,0,scenario_1_0001_wind_08
2.51,running,[],26ce6dd5d13a5b8748666e961adef210bc995a93a298922364eff29c40b76192,4295.9,0.0,68.14,-6.25,-1.13,-0.04,-0.28,-0.0,2.51,-368.52,222.09,-170.0,8.26,/home/djhuai/zuo/stf/new/STF/save_scenarios_1d/scenario_1_0002_cloudy_01.json,0,[],0,False,20260909T160734.097185Z,0,0,scenario_1_0002_cloudy_01
0.0,running,[],a3473715927aa913b84b55848e079b4beeb16d59a34eaf3a273095fdcc08429f,4312.8,0.0,64.16,-0.0,0.0,0.0,-0.34,-0.0,0.0,-364.6,222.79,-169.86,8.28,/home/djhuai/zuo/stf/new/STF/save_scenarios_1d/scenario_1_0002_cloudy_02.json,0,[],0,False,20260909T160734.097185Z,0,0,scenario_1_0002_cloudy_02
3.72,running,[],147f39c2e6686bf86082ffd3025b5e8d601822a0a30c4c6260bcbc7e48c456ed,4329.5,0.0,71.19,4.63,0.78,0.03,-0.37,-0.0,3.72,-371.52,221.57,-170.02,8.24,/home/djhuai/zuo/stf/new/STF/save_scenarios_1d/scenario_1_0002_cloudy_03.json,0,[],0,False,20260909T160734.097185Z,0,0,scenario_1_0002_cloudy_03
0.0,running,[],4c9cc24f731261ae9eeff5b86e68bbc46a3a04fabf11d7f5776592214642ba4f,4345.9,0.0,64.16,0.0,-0.0,0.0,-0.34,-0.0,0.0,-364.6,222.79,-169.86,8.28,/home/djhuai/zuo/stf/new/STF/save_scenarios_1d/scenario_1_0002_cloudy_04.json,0,[],0,False,20260909T160734.097185Z,0,0,scenario_1_0002_cloudy_04
0.0,running,[],e0992c66da925843d564d396ab4ec2646911cdbd404ba724b6ce2715c9d8b3dc,4363.4,0.0,64.16,0.0,0.0,-0.0,-0.34,-0.0,0.0,-364.6,222.79,-169.86,8.28,/home/djhuai/zuo/stf/new/STF/save_scenarios_1d/scenario_1_0002_cloudy_05.json,0,[],0,False,20260909T160734.097185Z,0,0,scenario_1_0002_cloudy_05
4.49,running,[],acfb78d7f7839e41d0ed596b11664f59114a4f9b1111d174e672c4e374226d5c,4381.3,0.0,73.26,1.93,0.34,0.71,-0.28,0.0,4.49,-373.56,221.21,-170.04,8.23,/home/djhuai/zuo/stf/new/STF/save_scenarios_1d/scenario_1_0002_cloudy_06.json,0,[],0,False,20260909T160734.097185Z,0,0,scenario_1_0002_cloudy_06
0.0,running,[],9934070e97f60e1e7b6f2c2e040e9df6a23bf2365671c2f1b53810ce26d98060,4398.6,0.0,64.16,0.0,0.0,0.0,-0.34,-0.0,0.0,-364.6,222.79,-169.86,8.28,/home/djhuai/zuo/stf/new/STF/save_scenarios_1d/scenario_1_0002_cloudy_07.json,0,[],0,False,20260909T160734.097185Z,0,0,scenario_1_0002_cloudy_07
4.02,running,[],c9737934187ba7a51ec4a82750e80e78b972595208a3397467a6333560bdd405,4414.8,0.0,68.97,-5.66,-1.02,-0.03,-0.27,-0.0,4.02,-369.34,221.95,-170.0,8.25,/home/djhuai/zuo/stf/new/STF/save_scenarios_1d/scenario_1_0002_cloudy_08.json,0,[],0,False,20260909T160734.097185Z,0,0,scenario_1_0002_cloudy_08
0.0,running,[],ab4f18aa47376ae80323f93893ae54da1101cb3ad5d30b23efdca29f74f125b6,4432.8,0.0,64.16,0.0,-0.0,0.0,-0.34,-0.0,0.0,-364.6,222.79,-169.86,8.28,/home/djhuai/zuo/stf/new/STF/save_scenarios_1d/scenario_1_0002_cold_fog_01.json,0,[],0,False,20260909T160734.097185Z,0,0,scenario_1_0002_cold_fog_01
2.17,running,[],efc90dd0f968703d14db981bffb45101f78809f702976e8343a461425024f04f,4450.4,0.0,72.75,-6.06,-1.07,-0.04,-0.3,-0.0,2.17,-373.05,221.3,-169.97,8.23,/home/djhuai/zuo/stf/new/STF/save_scenarios_1d/scenario_1_0002_cold_fog_02.json,0,[],0,False,20260909T160734.097185Z,0,0,scenario_1_0002_cold_fog_02
0.0,running,[],db2038681066be08aef40dd219ab7345a1bb7fb4f34d9f140dc6605aa60ffaf7,4467.5,0.0,64.16,0.0,-0.0,-0.0,-0.34,-0.0,0.0,-364.6,222.79,-169.86,8.28,/home/djhuai/zuo/stf/new/STF/save_scenarios_1d/scenario_1_0002_cold_fog_03.json,0,[],0,False,20260909T160734.097185Z,0,0,scenario_1_0002_cold_fog_03
0.0,running,[],9b9b8da7c35037432a78dd279b2115dd5b2bf75771b01e817ba3bc2966c16ff6,4486.5,0.0,64.41,-0.0,0.0,-0.0,-0.34,0.0,0.0,-365.37,226.19,-170.13,8.28,/home/djhuai/zuo/stf/new/STF/save_scenarios_1d/scenario_1_0002_cold_fog_04.json,0,[],0,False,20260909T160734.097185Z,0,0,scenario_1_0002_cold_fog_04
7.9,running,[],62dc12e0e3b8e80204b1e8b5d78578ee84016e2889a0676d753be9f8fc6cf2d4,4505.3,0.0,97.07,-0.58,-0.03,0.01,-2.2,0.4,7.9,-397.56,220.75,-171.37,7.52,/home/djhuai/zuo/stf/new/STF/save_scenarios_1d/scenario_1_0002_cold_fog_05.json,0,[],0,False,20260909T160734.097185Z,0,0,scenario_1_0002_cold_fog_05
0.0,running,[],d2ab1c996e14dc7980f2f8a739612d4594d34dfa14e2afdbf12462dbfbb80779,4523.7,0.0,64.23,0.0,0.0,0.0,-0.38,-0.0,0.0,-365.18,226.22,-170.08,8.28,/home/djhuai/zuo/stf/new/STF/save_scenarios_1d/scenario_1_0002_cold_fog_06.json,0,[],0,False,20260909T160734.097185Z,0,0,scenario_1_0002_cold_fog_06
8.07,running,[],59c3a02b48d153da62f2ed08bc990c50c5f8e97b029c5e28c3fe0640e1cb7a6d,4542.3,0.0,104.76,-0.29,-0.0,-0.07,-0.02,0.72,8.07,-405.18,219.61,-171.57,7.36,/home/djhuai/zuo/stf/new/STF/save_scenarios_1d/scenario_1_0002_cold_fog_07.json,0,[],0,False,20260909T160734.097185Z,0,0,scenario_1_0002_cold_fog_07
5.29,running,[],7b7396da8eb9331779ad40745f17e5355aa6f46fea7eca58545e70b98689f8ea,4561.8,0.0,71.11,-4.43,-0.79,-0.12,-0.32,-0.0,5.29,-371.44,221.58,-170.01,8.24,/home/djhuai/zuo/stf/new/STF/save_scenarios_1d/scenario_1_0002_cold_fog_08.json,0,[],0,False,20260909T160734.097185Z,0,0,scenario_1_0002_cold_fog_08
0.0,running,[],2d2f1e32c49c589f211845d8b4cdf80a2ddeaa7714650c7d35a78c1bc2ecd1e1,4577.9,0.0,64.16,-0.0,-0.0,0.0,-0.34,-0.0,0.0,-364.6,222.79,-169.86,8.28,/home/djhuai/zuo/stf/new/STF/save_scenarios_1d/scenario_1_0002_dawn_01.json,0,[],0,False,20260909T160734.097185Z,0,0,scenario_1_0002_dawn_01
1.03,running,[],6f9004ef3d0d8c10720e5db4e824434a195837bed2ca9897ec44de219d428ab9,4595.3,0.0,72.42,-5.57,-0.98,-0.03,-0.35,-0.0,1.03,-372.74,221.35,-169.98,8.23,/home/djhuai/zuo/stf/new/STF/save_scenarios_1d/scenario_1_0002_dawn_02.json,0,[],0,False,20260909T160734.097185Z,0,0,scenario_1_0002_dawn_02
0.0,running,[],ed3552a67241a86b61394bb67842c8992bc9741cedadcee2e4a6c1ec28f82a53,4612.5,0.0,64.41,0.0,-0.0,-0.0,-0.34,0.0,0.0,-365.37,226.19,-170.13,8.28,/home/djhuai/zuo/stf/new/STF/save_scenarios_1d/scenario_1_0002_dawn_03.json,0,[],0,False,20260909T160734.097185Z,0,0,scenario_1_0002_dawn_03
2.19,running,[],9872c61bd917565d73dfc7ea68170939926a911bd12fe10cab19d60882de20f8,4628.4,0.0,68.03,-5.89,-1.0,-0.04,-0.29,-0.0,2.19,-368.4,222.11,-170.0,8.26,/home/djhuai/zuo/stf/new/STF/save_scenarios_1d/scenario_1_0002_dawn_04.json,0,[],0,False,20260909T160734.097185Z,0,0,scenario_1_0002_dawn_04
0.0,running,[],8bf5eba94aa01e05b884b4cda397927e738d6b52fda4ff9f8b6e904d949d577e,4645.2,0.0,64.16,0.0,-0.0,-0.0,-0.34,-0.0,0.0,-364.6,222.79,-169.86,8.28,/home/djhuai/zuo/stf/new/STF/save_scenarios_1d/scenario_1_0002_dawn_05.json,0,[],0,False,20260909T160734.097185Z,0,0,scenario_1_0002_dawn_05
8.15,running,[],bab59daf54cac935b75d95e35800f06ab44f09d91d0fe9601e55a5d504cf5f8e,4661.0,0.0,82.53,0.07,0.05,0.11,-2.52,0.57,8.15,-383.22,223.07,-170.27,8.14,/home/djhuai/zuo/stf/new/STF/save_scenarios_1d/scenario_1_0002_dawn_06.json,0,[],0,False,20260909T160734.097185Z,0,0,scenario_1_0002_dawn_06
0.0,running,[],86ad016c3bbbd27c528ee9129cbb87e8cb8f2d8997bfdc20158c562a6b7c9f71,4677.0,0.0,64.41,-0.0,-0.0,0.0,-0.34,0.0,0.0,-365.37,226.19,-170.13,8.28,/home/djhuai/zuo/stf/new/STF/save_scenarios_1d/scenario_1_0002_dawn_07.json,0,[],0,False,20260909T160734.097185Z,0,0,scenario_1_0002_dawn_07
0.0,running,[],55fd54b5eec16b2cfe7de8b8f0b4bfad98fb27e939c009c52a2956ecba09723c,4693.4,0.0,64.16,0.0,-0.0,0.0,-0.34,-0.0,0.0,-364.6,222.79,-169.86,8.28,/home/djhuai/zuo/stf/new/STF/save_scenarios_1d/scenario_1_0002_dawn_08.json,0,[],0,False,20260909T160734.097185Z,0,0,scenario_1_0002_dawn_08
0.0,running,[],3e1815f8ef80152c1053537d82f7418333f59377f7d0361196a2d1d643f69699,4709.9,0.0,64.16,-0.0,0.0,0.0,-0.34,-0.0,0.0,-364.6,222.79,-169.86,8.28,/home/djhuai/zuo/stf/new/STF/save_scenarios_1d/scenario_1_0002_dusk_01.json,0,[],0,False,20260909T160734.097185Z,0,0,scenario_1_0002_dusk_01
0.0,running,[],ca9816c7e48eaa02b9c30f42b9ee68afd22b827201546c89845a858f83323eda,4726.2,0.0,64.16,0.0,-0.0,-0.0,-0.34,-0.0,0.0,-364.6,222.79,-169.86,8.28,/home/djhuai/zuo/stf/new/STF/save_scenarios_1d/scenario_1_0002_dusk_02.json,0,[],0,False,20260909T160734.097185Z,0,0,scenario_1_0002_dusk_02
4.91,running,[],26bd231cfa8343c60ab1ea02b2a999c3f4eda61f2c87677d95cd6ad9a37e7d66,4744.3,0.0,74.07,-1.39,-0.35,-0.05,0.19,0.14,4.91,-374.36,221.07,-170.02,8.23,/home/djhuai/zuo/stf/new/STF/save_scenarios_1d/scenario_1_0002_dusk_03.json,0,[],0,False,20260909T160734.097185Z,0,0,scenario_1_0002_dusk_03
0.0,running,[],4b8ae9d9288da938d55758685fb6170b38bc4a06aa45611504ce76f10a130f9d,4761.1,0.0,64.16,-0.0,0.0,0.0,-0.34,-0.0,0.0,-364.6,222.79,-169.86,8.28,/home/djhuai/zuo/stf/new/STF/save_scenarios_1d/scenario_1_0002_dusk_04.json,0,[],0,False,20260909T160734.097185Z,0,0,scenario_1_0002_dusk_04
1.89,running,[],6df9830d8442f3bff177b74bdd1dd4f05b55e57a56dec3691c598931c26aef52,4777.0,0.0,67.92,-5.6,-1.01,-0.03,-0.29,-0.0,1.89,-368.3,222.13,-169.98,8.26,/home/djhuai/zuo/stf/new/STF/save_scenarios_1d/scenario_1_0002_dusk_05.json,0,[],0,False,20260909T160734.097185Z,0,0,scenario_1_0002_dusk_05
0.0,running,[],50198f7d3c3bd738864ec018c09996c2bf197adfaee6eb9bf8844bb178ccdd63,4794.2,0.0,64.16,-0.0,0.0,-0.0,-0.34,-0.0,0.0,-364.6,222.79,-169.86,8.28,/home/djhuai/zuo/stf/new/STF/save_scenarios_1d/scenario_1_0002_dusk_06.json,0,[],0,False,20260909T160734.097185Z,0,0,scenario_1_0002_dusk_06
3.05,running,[],8ff02ece6daa2cd048fb210d3418fc55f2b4facdc87a424c75b52fde2495c233,4811.1,0.0,71.7,4.35,0.77,0.03,-0.39,-0.0,3.05,-372.02,221.48,-170.02,8.24,/home/djhuai/zuo/stf/new/STF/save_scenarios_1d/scenario_1_0002_dusk_07.json,0,[],0,False,20260909T160734.097185Z,0,0,scenario_1_0002_dusk_07
0.0,running,[],3c2d89d32203a7d10fc14090ab7a208d51a90e3420cd295293d0b577d55bd333,4828.1,0.0,64.16,-0.0,-0.0,-0.0,-0.34,-0.0,0.0,-364.6,222.79,-169.86,8.28,/home/djhuai/zuo/stf/new/STF/save_scenarios_1d/scenario_1_0002_dusk_08.json,0,[],0,False,20260909T160734.097185Z,0,0,scenario_1_0002_dusk_08
0.0,running,[],e3df41b3a87903bbf43d342cf9e778c611b116cf6cc3a28ab965a870823bd984,4844.9,0.0,64.16,0.0,-0.0,-0.0,-0.34,-0.0,0.0,-364.6,222.79,-169.86,8.28,/home/djhuai/zuo/stf/new/STF/save_scenarios_1d/scenario_1_0002_fog_01.json,0,[],0,False,20260909T160734.097185Z,0,0,scenario_1_0002_fog_01
0.0,running,[],868729cdb7da547ae781396e576f3d73de1c47ed523b0416bf5c106a797735ad,4861.4,0.0,64.41,0.0,-0.0,-0.0,-0.34,0.0,0.0,-365.37,226.19,-170.13,8.28,/home/djhuai/zuo/stf/new/STF/save_scenarios_1d/scenario_1_0002_fog_02.json,0,[],0,False,20260909T160734.097185Z,0,0,scenario_1_0002_fog_02
0.0,running,[],f885efa3d952e7f8a64337dd442a74cbf2c12b75784ae09c03ddf5b4e68b8de8,4879.9,0.0,64.16,-0.0,-0.0,0.0,-0.34,-0.0,0.0,-364.6,222.79,-169.86,8.28,/home/djhuai/zuo/stf/new/STF/save_scenarios_1d/scenario_1_0002_fog_03.json,0,[],0,False,20260909T160734.097185Z,0,0,scenario_1_0002_fog_03
3.75,running,[],69924a0d3ff6fec60c35da94f146f6f6b9ab8d9101b953832e2612d78317d1a2,4898.5,0.0,72.79,-6.01,-1.08,-0.04,-0.27,-0.0,3.75,-373.1,221.29,-170.03,8.23,/home/djhuai/zuo/stf/new/STF/save_scenarios_1d/scenario_1_0002_fog_04.json,0,[],0,False,20260909T160734.097185Z,0,0,scenario_1_0002_fog_04
0.0,running,[],0459b3201fff1057b0abc16c7a80293a611d0e57f42e6a6be3197dd99bd90ac7,4916.8,0.0,64.16,-0.0,-0.0,-0.0,-0.34,-0.0,0.0,-364.6,222.79,-169.86,8.28,/home/djhuai/zuo/stf/new/STF/save_scenarios_1d/scenario_1_0002_fog_05.json,0,[],0,False,20260909T160734.097185Z,0,0,scenario_1_0002_fog_05
8.07,running,[],e99f95e69920d885d612ed05af29301e2a76ac4cd48d5208a275a5849fba3b8a,4935.5,0.0,108.4,-0.05,-0.02,0.21,0.59,0.89,8.07,-408.77,219.08,-171.81,7.38,/home/djhuai/zuo/stf/new/STF/save_scenarios_1d/scenario_1_0002_fog_06.json,0,[],0,False,20260909T160734.097185Z,0,0,scenario_1_0002_fog_06
1.86,running,[],d7f81a26028eef6638b87721e1067d0139614a34a91c2fa2bf5691f745825baa,4952.9,0.0,64.48,-6.44,-1.11,-0.04,-0.29,-0.0,1.86,-364.92,222.73,-169.85,8.28,/home/djhuai/zuo/stf/new/STF/save_scenarios_1d/scenario_1_0002_fog_07.json,0,[],0,False,20260909T160734.097185Z,0,0,scenario_1_0002_fog_07
0.0,running,[],f477052dc8178709f3730506aac7a5ffb1ebe4956155421993041852fdf68413,4971.7,0.0,64.16,-0.0,-0.0,0.0,-0.34,-0.0,0.0,-364.6,222.79,-169.86,8.28,/home/djhuai/zuo/stf/new/STF/save_scenarios_1d/scenario_1_0002_fog_08.json,0,[],0,False,20260909T160734.097185Z,0,0,scenario_1_0002_fog_08
2.4,running,[],d2c3d91e6f8bbc950f8e0d14279c10d0f0ec210e651e0188dbc5b0d6e01524ec,4988.7,0.0,72.1,4.2,0.74,0.03,-0.4,-0.0,2.4,-372.42,221.41,-170.03,8.23,/home/djhuai/zuo/stf/new/STF/save_scenarios_1d/scenario_1_0002_heavy_rain_01.json,0,[],0,False,20260909T160734.097185Z,0,0,scenario_1_0002_heavy_rain_01
0.0,running,[],6a8a8fd66813191c79e8da197f6fc4da381ff5b59e7511600abdf9b2d399f5d9,5004.1,0.0,53.91,-0.0,-0.0,0.0,-0.35,0.01,0.0,-355.01,227.96,-170.78,8.34,/home/djhuai/zuo/stf/new/STF/save_scenarios_1d/scenario_1_0002_heavy_rain_02.json,0,[],0,False,20260909T160734.097185Z,0,0,scenario_1_0002_heavy_rain_02
8.09,running,[],ec0f84cd356fd9e247ec5a0bc19597c0ba0a47b92cb132469c10342f621449b3,5020.5,0.0,89.11,0.1,0.24,0.05,-2.62,0.64,8.09,-389.69,221.98,-170.73,7.85,/home/djhuai/zuo/stf/new/STF/save_scenarios_1d/scenario_1_0002_heavy_rain_03.json,0,[],0,False,20260909T160734.097185Z,0,0,scenario_1_0002_heavy_rain_03
0.0,running,[],a060d3f86bcb6f16d2901e79763e8405a42fe0f4e1ad3e8757915e7754a06197,5038.3,0.0,64.16,-0.0,-0.0,-0.0,-0.34,-0.0,0.0,-364.6,222.79,-169.86,8.28,/home/djhuai/zuo/stf/new/STF/save_scenarios_1d/scenario_1_0002_heavy_rain_04.json,0,[],0,False,20260909T160734.097185Z,0,0,scenario_1_0002_heavy_rain_04
0.0,running,[],61d74b15f005d59cb5589868245d10e957dadaf1202ef76a878683e592599a0c,5055.5,0.0,72.32,23.03,4.01,0.14,-0.46,-0.0,0.0,-372.63,221.37,-169.96,8.23,/home/djhuai/zuo/stf/new/STF/save_scenarios_1d/scenario_1_0002_heavy_rain_05.json,0,[],0,False,20260909T160734.097185Z,0,0,scenario_1_0002_heavy_rain_05
0.0,running,[],a6ed69c4f8d94f3db241d5465df1a1d88678bdfdc3c618ebf9fe1c83a2fdea47,5071.4,0.0,64.16,-0.0,-0.0,0.0,-0.34,-0.0,0.0,-364.6,222.79,-169.86,8.28,/home/djhuai/zuo/stf/new/STF/save_scenarios_1d/scenario_1_0002_heavy_rain_06.json,0,[],0,False,20260909T160734.097185Z,0,0,scenario_1_0002_heavy_rain_06
0.0,running,[],11f7a687d103e91b3973c0a8a081a3b318217cf6d1cdf14a6632ab4f9affcf97,5090.6,0.0,64.16,-0.0,-0.0,-0.0,-0.34,-0.0,0.0,-364.6,222.79,-169.86,8.28,/home/djhuai/zuo/stf/new/STF/save_scenarios_1d/scenario_1_0002_heavy_rain_07.json,0,[],0,False,20260909T160734.097185Z,0,0,scenario_1_0002_heavy_rain_07
1.52,running,[],4a6e6c6e9384c1eda4a75d40ffdfdabff520ec34cb15134e43d9bece2554a113,5108.0,0.0,72.83,-5.28,-0.95,-0.03,-0.32,-0.0,1.52,-373.13,221.28,-169.96,8.23,/home/djhuai/zuo/stf/new/STF/save_scenarios_1d/scenario_1_0002_heavy_rain_08.json,0,[],0,False,20260909T160734.097185Z,0,0,scenario_1_0002_heavy_rain_08
0.0,running,[],bb915655d1f6fbc1b60b31c8cf05b50c4fe54b95a25fcd0277e17cfd704858c2,5124.5,0.0,64.16,-0.0,0.0,0.0,-0.34,-0.0,0.0,-364.6,222.79,-169.86,8.28,/home/djhuai/zuo/stf/new/STF/save_scenarios_1d/scenario_1_0002_light_rain_01.json,0,[],0,False,20260909T160734.097185Z,0,0,scenario_1_0002_light_rain_01
4.02,running,[],cb559d97fe1ceed5de57ee0a74ddeb04de2f0c3b6290a32e2a74dc135ddbe42c,5140.7,0.0,68.97,-5.66,-1.02,-0.03,-0.27,-0.0,4.02,-369.34,221.95,-170.0,8.25,/home/djhuai/zuo/stf/new/STF/save_scenarios_1d/scenario_1_0002_light_rain_02.json,0,[],0,False,20260909T160734.097185Z,0,0,scenario_1_0002_light_rain_02
0.0,running,[],73a8ad2940112ea0e0ded6f0f8cb65c005f925f2ea065cffa9ee83f3a20a7b54,5156.8,0.0,64.41,-0.0,0.0,-0.0,-0.34,0.0,0.0,-365.37,226.19,-170.13,8.28,/home/djhuai/zuo/stf/new/STF/save_scenarios_1d/scenario_1_0002_light_rain_03.json,0,[],0,False,20260909T160734.097185Z,0,0,scenario_1_0002_light_rain_03
0.0,running,[],c12128a553a62463a24d5d184c5e29b1b761c36f0f9c93e656c699e6b76bd260,5172.2,0.0,67.59,-0.0,-0.0,-0.0,-0.43,-0.0,0.0,-367.97,222.19,-169.97,8.26,/home/djhuai/zuo/stf/new/STF/save_scenarios_1d/scenario_1_0002_light_rain_04.json,0,[],0,False,20260909T160734.097185Z,0,0,scenario_1_0002_light_rain_04
0.0,running,[],719b96d72e259cb2cd7cf47deb8f320044f43737c124c0efa664f491aebb629a,5188.4,0.0,64.16,0.0,-0.0,-0.0,-0.34,-0.0,0.0,-364.6,222.79,-169.86,8.28,/home/djhuai/zuo/stf/new/STF/save_scenarios_1d/scenario_1_0002_light_rain_05.json,0,[],0,False,20260909T160734.097185Z,0,0,scenario_1_0002_light_rain_05
0.24,running,[],2e5ae9cc71e0f66971dfc73484497e7201cc9f5e1d71eb3fca7a2c923b8c0048,5205.7,0.0,72.33,-4.76,-0.84,-0.03,-0.44,-0.0,0.24,-372.64,221.37,-169.98,8.23,/home/djhuai/zuo/stf/new/STF/save_scenarios_1d/scenario_1_0002_light_rain_06.json,0,[],0,False,20260909T160734.097185Z,0,0,scenario_1_0002_light_rain_06
0.0,running,[],c867548d0d9252df135c5676d0bf64d601ff32180e47e30d8b300f4285f607bf,5222.5,0.0,64.41,0.0,0.0,-0.0,-0.34,0.0,0.0,-365.37,226.19,-170.13,8.28,/home/djhuai/zuo/stf/new/STF/save_scenarios_1d/scenario_1_0002_light_rain_07.json,0,[],0,False,20260909T160734.097185Z,0,0,scenario_1_0002_light_rain_07
0.0,running,[],3fdbe40b3aa9f9e9682d457f6e60e8ded16a9db18a6763bd56f52c2b43eae97e,5238.4,0.0,64.16,-0.0,0.0,-0.0,-0.34,-0.0,0.0,-364.6,222.79,-169.86,8.28,/home/djhuai/zuo/stf/new/STF/save_scenarios_1d/scenario_1_0002_light_rain_08.json,0,[],0,False,20260909T160734.097185Z,0,0,scenario_1_0002_light_rain_08
4.79,running,[],b0d9a775caab2e958a36b085a0d3893edd1dc350a3876792f4d7ac655a220947,5256.5,0.0,63.57,-5.44,-0.95,-0.03,-0.27,0.0,4.79,-364.54,226.33,-170.14,8.28,/home/djhuai/zuo/stf/new/STF/save_scenarios_1d/scenario_1_0002_night_01.json,0,[],0,False,20260909T160734.097185Z,0,0,scenario_1_0002_night_01
0.0,running,[],ffadcfa49fd323d677a2c0103b1a91c533696234a6467675a719ecc31a0387ba,5275.3,0.0,64.16,0.0,-0.0,-0.0,-0.34,-0.0,0.0,-364.6,222.79,-169.86,8.28,/home/djhuai/zuo/stf/new/STF/save_scenarios_1d/scenario_1_0002_night_02.json,0,[],0,False,20260909T160734.097185Z,0,0,scenario_1_0002_night_02
4.5,running,[],8b1995f5ef2f7338556d46fede5465b810229ea112ea0da1f75da4bcf9e34d2e,5294.2,0.0,77.09,-3.0,-0.7,-0.92,0.57,0.41,4.5,-377.34,220.54,-170.04,8.25,/home/djhuai/zuo/stf/new/STF/save_scenarios_1d/scenario_1_0002_night_03.json,0,[],0,False,20260909T160734.097185Z,0,0,scenario_1_0002_night_03
0.0,running,[],e8cd939c4f1689c86289b5f24071a1b7af77855ba6e18b558fc10f9e87155625,5313.1,0.0,57.41,-0.0,0.0,-0.0,-0.35,0.0,0.0,-358.47,227.39,-170.22,8.32,/home/djhuai/zuo/stf/new/STF/save_scenarios_1d/scenario_1_0002_night_04.json,0,[],0,False,20260909T160734.097185Z,0,0,scenario_1_0002_night_04
0.0,running,[],21389259ce6eb942ed0999ede527fdf7125edaf53399c8f86b9dd353a8ebc1f4,5330.9,0.0,64.16,0.0,0.0,0.0,-0.34,-0.0,0.0,-364.6,222.79,-169.86,8.28,/home/djhuai/zuo/stf/new/STF/save_scenarios_1d/scenario_1_0002_night_05.json,0,[],0,False,20260909T160734.097185Z,0,0,scenario_1_0002_night_05
8.1,running,[],60d243ec04b03d5acfb262bbc1f686a8d02dec1790d4d1ccf2e4c6b8a5c83042,5349.9,0.0,93.89,-0.31,0.01,0.06,-2.39,0.4,8.1,-394.42,221.23,-171.2,7.64,/home/djhuai/zuo/stf/new/STF/save_scenarios_1d/scenario_1_0002_night_06.json,0,[],0,False,20260909T160734.097185Z,0,0,scenario_1_0002_night_06
0.0,running,[],09fb4382512eb0190c781140abedc680e1b20f6db28ecde2e73a8ecc6d05e1ee,5369.1,0.0,64.16,0.0,-0.0,-0.0,-0.34,-0.0,0.0,-364.6,222.79,-169.86,8.28,/home/djhuai/zuo/stf/new/STF/save_scenarios_1d/scenario_1_0002_night_07.json,0,[],0,False,20260909T160734.097185Z,0,0,scenario_1_0002_night_07
4.5,running,[],10bad420c4bb5ce4a4f568d1c4403fc95c4001508e0ec1cd10556fede251bd24,5388.0,0.0,77.09,-3.0,-0.7,-0.92,0.57,0.41,4.5,-377.34,220.54,-170.04,8.25,/home/djhuai/zuo/stf/new/STF/save_scenarios_1d/scenario_1_0002_night_08.json,0,[],0,False,20260909T160734.097185Z,0,0,scenario_1_0002_night_08
0.0,running,[],45113576c5b0c7c179289ba4d49f080f818ed28873f3164a048a2855e88ff296,5405.5,0.0,64.16,-0.0,-0.0,-0.0,-0.34,-0.0,0.0,-364.6,222.79,-169.86,8.28,/home/djhuai/zuo/stf/new/STF/save_scenarios_1d/scenario_1_0002_overcast_01.json,0,[],0,False,20260909T160734.097185Z,0,0,scenario_1_0002_overcast_01
0.0,running,[],15281d310d4fca45977171a2beb181251d55f916fb74e43a4a1a8b1dcef781ef,5422.5,0.0,64.16,0.0,0.0,-0.0,-0.34,-0.0,0.0,-364.6,222.79,-169.86,8.28,/home/djhuai/zuo/stf/new/STF/save_scenarios_1d/scenario_1_0002_overcast_02.json,0,[],0,False,20260909T160734.097185Z,0,0,scenario_1_0002_overcast_02
1.52,running,[],331fbce71b979e4811cbd6624a51d21d461ea3dfab7f4cd39f5052a086f40809,5439.9,0.0,72.83,-5.28,-0.95,-0.03,-0.32,-0.0,1.52,-373.13,221.28,-169.96,8.23,/home/djhuai/zuo/stf/new/STF/save_scenarios_1d/scenario_1_0002_overcast_03.json,0,[],0,False,20260909T160734.097185Z,0,0,scenario_1_0002_overcast_03
0.0,running,[],d0a0052d0c75fb657e8ca4dc4fbe86278496a38bfdb5a33795e0048ea93d347b,5456.8,0.0,64.41,0.0,0.0,-0.0,-0.34,0.0,0.0,-365.37,226.19,-170.13,8.28,/home/djhuai/zuo/stf/new/STF/save_scenarios_1d/scenario_1_0002_overcast_04.json,0,[],0,False,20260909T160734.097185Z,0,0,scenario_1_0002_overcast_04
0.24,running,[],f3341240ff276de9e6d786f90a4601ec555a38f7c664a67999a2becc0321b153,5474.1,0.0,72.33,-4.76,-0.84,-0.03,-0.44,-0.0,0.24,-372.64,221.37,-169.98,8.23,/home/djhuai/zuo/stf/new/STF/save_scenarios_1d/scenario_1_0002_overcast_05.json,0,[],0,False,20260909T160734.097185Z,0,0,scenario_1_0002_overcast_05
0.0,running,[],706eb011ee0fc1a83960cee8e76323cf02396791dcd013269896db35de5f8a52,5490.7,0.0,64.16,0.0,-0.0,-0.0,-0.34,-0.0,0.0,-364.6,222.79,-169.86,8.28,/home/djhuai/zuo/stf/new/STF/save_scenarios_1d/scenario_1_0002_overcast_06.json,0,[],0,False,20260909T160734.097185Z,0,0,scenario_1_0002_overcast_06
2.45,running,[],9bc3b880f4794b71a1c13e905cb6582a0f2de6227b8a541708a56aa9eb438860,5508.8,0.0,73.87,-4.38,-0.79,-0.0,0.07,0.1,2.45,-374.16,221.1,-170.0,8.23,/home/djhuai/zuo/stf/new/STF/save_scenarios_1d/scenario_1_0002_overcast_07.json,0,[],0,False,20260909T160734.097185Z,0,0,scenario_1_0002_overcast_07
3.95,running,[],215aa46e62f0e62415e3dab89b19227b17b74ade0f6b615ed8644a40f51ff069,5527.1,0.0,65.5,-5.82,-1.02,-0.04,-0.27,-0.0,3.95,-365.92,222.56,-169.92,8.27,/home/djhuai/zuo/stf/new/STF/save_scenarios_1d/scenario_1_0002_overcast_08.json,0,[],0,False,20260909T160734.097185Z,0,0,scenario_1_0002_overcast_08
0.0,running,[],0f431bfbfe2b326a5dadd978e04fd9851059755443746ecbab86133fd90224b0,5543.1,0.0,64.16,-0.0,-0.0,0.0,-0.34,-0.0,0.0,-364.6,222.79,-169.86,8.28,/home/djhuai/zuo/stf/new/STF/save_scenarios_1d/scenario_1_0002_rainy_dusk_01.json,0,[],0,False,20260909T160734.097185Z,0,0,scenario_1_0002_rainy_dusk_01
2.61,running,[],fa220922ff3eb1e2676b0791cdc21602ea940580168fbfa1bc50b38ae9f1b9d5,5560.1,0.0,71.98,4.27,0.73,0.03,-0.39,-0.0,2.61,-372.3,221.43,-170.02,8.23,/home/djhuai/zuo/stf/new/STF/save_scenarios_1d/scenario_1_0002_rainy_dusk_02.json,0,[],0,False,20260909T160734.097185Z,0,0,scenario_1_0002_rainy_dusk_02
0.0,running,[],d541c048d8b78ab48e906588e93af89b069d3b5c1a6681557d028be7085e6b28,5576.2,0.0,64.42,-0.0,0.0,-0.0,-0.34,0.0,0.0,-365.38,226.19,-170.13,8.28,/home/djhuai/zuo/stf/new/STF/save_scenarios_1d/scenario_1_0002_rainy_dusk_03.json,0,[],0,False,20260909T160734.097185Z,0,0,scenario_1_0002_rainy_dusk_03
0.74,running,[],1caab314c0a96066f52a12f9ea86266011042adaef5f709c60c54067db7fa3a0,5593.6,0.0,72.38,-5.0,-0.89,-0.03,-0.38,-0.0,0.74,-372.69,221.36,-169.97,8.23,/home/djhuai/zuo/stf/new/STF/save_scenarios_1d/scenario_1_0002_rainy_dusk_04.json,0,[],0,False,20260909T160734.097185Z,0,0,scenario_1_0002_rainy_dusk_04
0.0,running,[],6b99e5a826dff3dbcb0d7b3922049a4e272a4387a3cddba65ce45242715d7ce6,5611.1,0.0,64.16,0.0,-0.0,0.0,-0.34,-0.0,0.0,-364.6,222.79,-169.86,8.28,/home/djhuai/zuo/stf/new/STF/save_scenarios_1d/scenario_1_0002_rainy_dusk_05.json,0,[],0,False,20260909T160734.097185Z,0,0,scenario_1_0002_rainy_dusk_05
2.4,running,[],45eea996df227927da6312430b00d2ca34100ee9c95ad835d5187f8ca183e91f,5628.1,0.0,72.1,4.2,0.74,0.03,-0.4,-0.0,2.4,-372.42,221.41,-170.03,8.23,/home/djhuai/zuo/stf/new/STF/save_scenarios_1d/scenario_1_0002_rainy_dusk_06.json,0,[],0,False,20260909T160734.097185Z,0,0,scenario_1_0002_rainy_dusk_06
0.0,running,[],2dae80787b1ffb83a720bdb2c96a8fecc4ff3e0a7341fac33a82f044da0e4bbf,5646.6,0.0,64.41,0.0,-0.0,-0.0,-0.34,0.0,0.0,-365.37,226.19,-170.13,8.28,/home/djhuai/zuo/stf/new/STF/save_scenarios_1d/scenario_1_0002_rainy_dusk_07.json,0,[],0,False,20260909T160734.097185Z,0,0,scenario_1_0002_rainy_dusk_07
0.0,running,[],40593c31523c3880bf6b9ebadcb90fb14ca12121d203326171ff5073da1d1d41,5665.0,0.0,64.16,0.0,-0.0,0.0,-0.34,-0.0,0.0,-364.6,222.79,-169.86,8.28,/home/djhuai/zuo/stf/new/STF/save_scenarios_1d/scenario_1_0002_rainy_dusk_08.json,0,[],0,False,20260909T160734.097185Z,0,0,scenario_1_0002_rainy_dusk_08
4.19,running,[],d0aaab913dd443a73e1febd47fdfad3e2c9bc20b9b7ec96c222f84fdde358394,5681.6,0.0,70.8,4.45,0.8,0.03,-0.35,-0.0,4.19,-371.14,221.63,-170.02,8.24,/home/djhuai/zuo/stf/new/STF/save_scenarios_1d/scenario_1_0002_sandstorm_01.json,0,[],0,False,20260909T160734.097185Z,0,0,scenario_1_0002_sandstorm_01
0.0,running,[],8bc2cd7a32b7c986b9384094f21516353d8f4a6b9f597ee79490bcb2a9062b5c,5700.3,0.0,64.16,-0.0,0.0,0.0,-0.34,-0.0,0.0,-364.6,222.79,-169.86,8.28,/home/djhuai/zuo/stf/new/STF/save_scenarios_1d/scenario_1_0002_sandstorm_02.json,0,[],0,False,20260909T160734.097185Z,0,0,scenario_1_0002_sandstorm_02
8.06,running,[],cc014314f26aea0b3fead97a4dd67f8d38447d56e32e3923ac705dd7d5af156b,5718.7,0.0,103.55,0.36,0.03,0.26,-0.34,0.64,8.06,-403.98,219.79,-171.55,7.36,/home/djhuai/zuo/stf/new/STF/save_scenarios_1d/scenario_1_0002_sandstorm_03.json,0,[],0,False,20260909T160734.097185Z,0,0,scenario_1_0002_sandstorm_03
0.19,running,[],bf8109e5033b8a07156080e504974d7e6bb13be6f151793e0505962a27667b22,5737.8,0.0,64.17,-1.67,-0.28,-0.01,-0.34,-0.0,0.19,-364.61,222.79,-169.87,8.28,/home/djhuai/zuo/stf/new/STF/save_scenarios_1d/scenario_1_0002_sandstorm_04.json,0,[],0,False,20260909T160734.097185Z,0,0,scenario_1_0002_sandstorm_04
0.0,running,[],915b469b00f79ce2f8d0e4582279f2f268630966e388cb8e51079b29b76ff448,5756.8,0.0,64.16,-0.0,-0.0,0.0,-0.34,-0.0,0.0,-364.6,222.79,-169.86,8.28,/home/djhuai/zuo/stf/new/STF/save_scenarios_1d/scenario_1_0002_sandstorm_05.json,0,[],0,False,20260909T160734.097185Z,0,0,scenario_1_0002_sandstorm_05
8.05,running,[],52bed9a50839a92ed275eae93b3a8b7ae5e3f0b5f3ce6a4f92b9643382f2195d,5776.0,0.0,110.0,0.32,0.07,-0.01,0.62,0.86,8.05,-410.36,218.85,-171.85,7.39,/home/djhuai/zuo/stf/new/STF/save_scenarios_1d/scenario_1_0002_sandstorm_06.json,0,[],0,False,20260909T160734.097185Z,0,0,scenario_1_0002_sandstorm_06
0.0,running,[],49680a6538affa3b76b47ee445ea81cdab37c16f1487af2b16a99eaf7feb241e,5794.3,0.0,64.41,-0.0,0.0,0.0,-0.34,0.0,0.0,-365.37,226.19,-170.13,8.28,/home/djhuai/zuo/stf/new/STF/save_scenarios_1d/scenario_1_0002_sandstorm_07.json,0,[],0,False,20260909T160734.097185Z,0,0,scenario_1_0002_sandstorm_07
0.0,running,[],4610381ab6f6132f23b4f241aa69eb20543fc4fff98f794a477494c5d04f072c,5812.5,0.0,64.16,0.0,0.0,0.0,-0.34,-0.0,0.0,-364.6,222.79,-169.86,8.28,/home/djhuai/zuo/stf/new/STF/save_scenarios_1d/scenario_1_0002_sandstorm_08.json,0,[],0,False,20260909T160734.097185Z,0,0,scenario_1_0002_sandstorm_08
1.83,running,[],05dc59c5915dd7b2c22c68d26cbbf85144dfbdc4aa52d726e8f22829a343f323,5828.7,0.0,64.48,-6.36,-1.1,-0.04,-0.29,-0.0,1.83,-364.91,222.73,-169.88,8.28,/home/djhuai/zuo/stf/new/STF/save_scenarios_1d/scenario_1_0002_snowy_heavy_01.json,0,[],0,False,20260909T160734.097185Z,0,0,scenario_1_0002_snowy_heavy_01
0.0,running,[],65e03528f4b4f874c31df042180633fea2ffdc0ac9b1d55cc75cfe32e057166f,5847.2,0.0,64.16,0.0,-0.0,0.0,-0.34,-0.0,0.0,-364.6,222.79,-169.86,8.28,/home/djhuai/zuo/stf/new/STF/save_scenarios_1d/scenario_1_0002_snowy_heavy_02.json,0,[],0,False,20260909T160734.097185Z,0,0,scenario_1_0002_snowy_heavy_02
4.5,running,[],704e0e8a9e747fb2933ef5e232616d0e627b1a6aa6aafafc81a70507a3d96fdb,5866.1,0.0,77.09,-3.0,-0.7,-0.92,0.57,0.41,4.5,-377.34,220.54,-170.04,8.25,/home/djhuai/zuo/stf/new/STF/save_scenarios_1d/scenario_1_0002_snowy_heavy_03.json,0,[],0,False,20260909T160734.097185Z,0,0,scenario_1_0002_snowy_heavy_03
0.0,running,[],1ebf1d459719aad0b21f3762dbce7daa2ad09368ee1ffe44ba60e92f7305995c,5884.7,0.0,64.16,-0.0,0.0,0.0,-0.34,-0.0,0.0,-364.6,222.79,-169.86,8.28,/home/djhuai/zuo/stf/new/STF/save_scenarios_1d/scenario_1_0002_snowy_heavy_04.json,0,[],0,False,20260909T160734.097185Z,0,0,scenario_1_0002_snowy_heavy_04
0.0,running,[],f09a2eaa0ea7b50fbb27e013eab1b112f02c67360db2f287cbd7889fde07d958,5902.6,0.0,64.16,-0.0,0.0,-0.0,-0.34,-0.0,0.0,-364.6,222.79,-169.86,8.28,/home/djhuai/zuo/stf/new/STF/save_scenarios_1d/scenario_1_0002_snowy_heavy_05.json,0,[],0,False,20260909T160734.097185Z,0,0,scenario_1_0002_snowy_heavy_05
7.65,running,[],7c9bde0db5d359fa8dde8f5277ac2161fd6e551527520ce67fa4774279ea9d49,5921.8,0.0,77.21,-4.91,-1.04,-1.57,0.6,0.44,7.65,-377.45,220.53,-170.05,8.25,/home/djhuai/zuo/stf/new/STF/save_scenarios_1d/scenario_1_0002_snowy_heavy_06.json,0,[],0,False,20260909T160734.097185Z,0,0,scenario_1_0002_snowy_heavy_06
0.0,running,[],1ebea27e9aa350c650f77de669526b211fe0fe02ce9152618990ab4386325504,5940.6,0.0,64.16,-0.0,-0.0,0.0,-0.34,-0.0,0.0,-364.6,222.79,-169.86,8.28,/home/djhuai/zuo/stf/new/STF/save_scenarios_1d/scenario_1_0002_snowy_heavy_07.json,0,[],0,False,20260909T160734.097185Z,0,0,scenario_1_0002_snowy_heavy_07
2.06,running,[],dc26a138e5613379f16c9618747c658dec07bd40945fd6ada24e5372e6aca509,5958.6,0.0,73.65,-1.45,-0.32,-0.1,-0.06,0.02,2.06,-373.94,221.14,-169.99,8.23,/home/djhuai/zuo/stf/new/STF/save_scenarios_1d/scenario_1_0002_snowy_heavy_08.json,0,[],0,False,20260909T160734.097185Z,0,0,scenario_1_0002_snowy_heavy_08
0.0,running,[],0ae32869d2c878b6355f339d2ad3436232cff7f7b04e5f370b80bbea77d4b01f,5974.6,0.0,64.16,0.0,0.0,-0.0,-0.34,-0.0,0.0,-364.6,222.79,-169.86,8.28,/home/djhuai/zuo/stf/new/STF/save_scenarios_1d/scenario_1_0002_snowy_light_01.json,0,[],0,False,20260909T160734.097185Z,0,0,scenario_1_0002_snowy_light_01
1.04,running,[],a8a6425281f9e59f0d7a2d74f773230de870d4086059262a703164f7cac8fb35,5990.3,0.0,67.7,-5.59,-1.0,-0.03,-0.32,-0.0,1.04,-368.08,222.17,-169.98,8.26,/home/djhuai/zuo/stf/new/STF/save_scenarios_1d/scenario_1_0002_snowy_light_02.json,0,[],0,False,20260909T160734.097185Z,0,0,scenario_1_0002_snowy_light_02
0.0,running,[],ac13cb732a8db2b0077ea7dbb7a00931bfcee2cc7060dc323d32372c0c05dba9,6006.2,0.0,64.16,-0.0,0.0,-0.0,-0.34,-0.0,0.0,-364.6,222.79,-169.86,8.28,/home/djhuai/zuo/stf/new/STF/save_scenarios_1d/scenario_1_0002_snowy_light_03.json,0,[],0,False,20260909T160734.097185Z,0,0,scenario_1_0002_snowy_light_03
0.0,running,[],16e465c0f41da6da29f7252edcfa86f398da3d7cecbd66e4b617223b8d3311ef,6021.6,0.0,64.16,0.0,0.0,-0.0,-0.35,-0.0,0.0,-364.6,222.79,-169.86,8.28,/home/djhuai/zuo/stf/new/STF/save_scenarios_1d/scenario_1_0002_snowy_light_04.json,0,[],0,False,20260909T160734.097185Z,0,0,scenario_1_0002_snowy_light_04
3.65,running,[],02f74ac3608497677c587622fabcb443c30d23c42bc51c25e60567ea89134d32,6040.4,0.0,65.31,-6.1,-1.07,-0.04,-0.27,-0.0,3.65,-365.73,222.59,-169.92,8.27,/home/djhuai/zuo/stf/new/STF/save_scenarios_1d/scenario_1_0002_snowy_light_05.json,0,[],0,False,20260909T160734.097185Z,0,0,scenario_1_0002_snowy_light_05
0.0,running,[],5a5f88dc7eada9f97fa635b7c754e37ed287f3ec1e2edfe737562f314ef27bb6,6059.5,0.0,64.16,0.0,0.0,0.0,-0.34,-0.0,0.0,-364.6,222.79,-169.86,8.28,/home/djhuai/zuo/stf/new/STF/save_scenarios_1d/scenario_1_0002_snowy_light_06.json,0,[],0,False,20260909T160734.097185Z,0,0,scenario_1_0002_snowy_light_06
4.42,running,[],ad443de5866cf55733ceae298a858d6183dd1b211bb8014c3febfa58262a0d07,6078.0,0.0,75.09,-5.12,-0.86,0.01,0.56,0.25,4.42,-375.36,220.89,-170.01,8.24,/home/djhuai/zuo/stf/new/STF/save_scenarios_1d/scenario_1_0002_snowy_light_07.json,0,[],0,False,20260909T160734.097185Z,0,0,scenario_1_0002_snowy_light_07
0.0,running,[],7da17ca0125135b2ce61e504b80498d755066ed1afdec1389adc5756569f7e2e,6096.9,0.0,64.16,0.0,0.0,0.0,-0.34,-0.0,0.0,-364.6,222.79,-169.86,8.28,/home/djhuai/zuo/stf/new/STF/save_scenarios_1d/scenario_1_0002_snowy_light_08.json,0,[],0,False,20260909T160734.097185Z,0,0,scenario_1_0002_snowy_light_08
8.06,running,[],2a44abea30b7b28bc4c01597f174c95019e0685482ed4cc27c91dfbc553565bc,6115.2,0.0,102.74,0.35,0.03,0.23,-0.56,0.59,8.06,-403.18,219.9,-171.54,7.37,/home/djhuai/zuo/stf/new/STF/save_scenarios_1d/scenario_1_0002_sunny_01.json,0,[],0,False,20260909T160734.097185Z,0,0,scenario_1_0002_sunny_01
5.26,running,[],9537db7c864fcc37e1d58af9b88ed495fa64b985b605ac49c9ebab4fb098846d,6131.4,0.0,66.95,1.23,0.22,-0.03,-0.29,-0.0,5.26,-367.34,222.3,-169.96,8.26,/home/djhuai/zuo/stf/new/STF/save_scenarios_1d/scenario_1_0002_sunny_02.json,0,[],0,False,20260909T160734.097185Z,0,0,scenario_1_0002_sunny_02
0.0,running,[],21c8f9ba949c35233c841f64b0fc54486069027c9301fccb633e3d8b6b737a1b,6148.6,0.0,64.16,-0.0,0.0,-0.0,-0.34,-0.0,0.0,-364.6,222.79,-169.86,8.28,/home/djhuai/zuo/stf/new/STF/save_scenarios_1d/scenario_1_0002_sunny_03.json,0,[],0,False,20260909T160734.097185Z,0,0,scenario_1_0002_sunny_03
2.17,running,[],1f80c3e2f1b27ee0524e4aa1225b7217825ed4e7f84ec4ed93c1eee00427022a,6166.5,0.0,73.34,3.28,0.57,0.26,-0.24,-0.0,2.17,-373.64,221.19,-169.98,8.23,/home/djhuai/zuo/stf/new/STF/save_scenarios_1d/scenario_1_0002_sunny_04.json,0,[],0,False,20260909T160734.097185Z,0,0,scenario_1_0002_sunny_04
0.0,running,[],8b2c765f8e90a0d326f242dc2849fd575934cafacae4b9a4a8d31dcb37ab1a3d,6183.4,0.0,64.16,-0.0,0.0,0.0,-0.34,-0.0,0.0,-364.6,222.79,-169.86,8.28,/home/djhuai/zuo/stf/new/STF/save_scenarios_1d/scenario_1_0002_sunny_05.json,0,[],0,False,20260909T160734.097185Z,0,0,scenario_1_0002_sunny_05
7.91,running,[],8f9920a3c7b7c2c0a5f71bb34df0a9a1d77681a320309529463d814e7211500b,6200.3,0.0,90.98,0.27,0.15,0.11,-2.55,0.59,7.91,-391.56,221.68,-170.89,7.77,/home/djhuai/zuo/stf/new/STF/save_scenarios_1d/scenario_1_0002_sunny_06.json,0,[],0,False,20260909T160734.097185Z,0,0,scenario_1_0002_sunny_06
0.0,running,[],3bf00b3a9231ad966425a1a104fd42293e32c4b756ff796691bbc3afbe7c93bf,6217.9,0.0,64.16,-0.0,-0.0,-0.0,-0.34,-0.0,0.0,-364.6,222.79,-169.86,8.28,/home/djhuai/zuo/stf/new/STF/save_scenarios_1d/scenario_1_0002_sunny_07.json,0,[],0,False,20260909T160734.097185Z,0,0,scenario_1_0002_sunny_07
0.0,running,[],2d21530324c260b35c1df8d61c6fcf4a9eb0cc5cb3dba13e1bab1097b9f26a5c,6234.5,0.0,64.16,0.0,-0.0,-0.0,-0.34,-0.0,0.0,-364.6,222.79,-169.86,8.28,/home/djhuai/zuo/stf/new/STF/save_scenarios_1d/scenario_1_0002_sunny_08.json,0,[],0,False,20260909T160734.097185Z,0,0,scenario_1_0002_sunny_08
1.26,running,[],04e7b88677caeebbfaf314a48b0fdba73fe86df26cb3a6aebc9c6d6b8ffdedb9,6251.4,0.0,64.33,-5.11,-0.91,-0.03,-0.3,-0.0,1.26,-364.76,222.76,-169.89,8.28,/home/djhuai/zuo/stf/new/STF/save_scenarios_1d/scenario_1_0002_wind_01.json,0,[],0,False,20260909T160734.097185Z,0,0,scenario_1_0002_wind_01
0.0,running,[],4eb08ba6821ae5bfc02321c695158a9f7a535cf57bca2ddf341f9f3fec9c5166,6268.0,0.0,64.16,0.0,0.0,-0.0,-0.34,-0.0,0.0,-364.6,222.79,-169.86,8.28,/home/djhuai/zuo/stf/new/STF/save_scenarios_1d/scenario_1_0002_wind_02.json,0,[],0,False,20260909T160734.097185Z,0,0,scenario_1_0002_wind_02
2.51,running,[],467e657a53432735b8a7778f835c49ce2e4646b74bd273e90b383d312e7e9d84,6284.9,0.0,72.31,4.24,0.73,0.03,-0.4,-0.0,2.51,-372.63,221.37,-170.02,8.23,/home/djhuai/zuo/stf/new/STF/save_scenarios_1d/scenario_1_0002_wind_03.json,0,[],0,False,20260909T160734.097185Z,0,0,scenario_1_0002_wind_03
0.0,running,[],1d626131bec38a33d596225ffccd4deb676a23e72fc7bc7df026f088d27b1933,6301.0,0.0,64.16,0.0,-0.0,0.0,-0.34,-0.0,0.0,-364.6,222.79,-169.86,8.28,/home/djhuai/zuo/stf/new/STF/save_scenarios_1d/scenario_1_0002_wind_04.json,0,[],0,False,20260909T160734.097185Z,0,0,scenario_1_0002_wind_04
7.06,running,[],ce5d61e67b2fb07d7cd1990092e1eb3f64f534660a6d8ad70da1bc390658b229,6317.8,0.0,87.93,0.48,0.15,0.08,-2.52,0.74,7.06,-388.53,222.17,-170.66,7.91,/home/djhuai/zuo/stf/new/STF/save_scenarios_1d/scenario_1_0002_wind_05.json,0,[],0,False,20260909T160734.097185Z,0,0,scenario_1_0002_wind_05
0.0,running,[],e8b5be17847bc12162a0dcda45462daf3e131cd906e007d8fc4d0e35df52afc6,6334.2,0.0,64.16,-0.0,0.0,-0.0,-0.34,-0.0,0.0,-364.6,222.79,-169.86,8.28,/home/djhuai/zuo/stf/new/STF/save_scenarios_1d/scenario_1_0002_wind_06.json,0,[],0,False,20260909T160734.097185Z,0,0,scenario_1_0002_wind_06
8.07,running,[],3caa659198b7c474e3ba59c277e2f03f470d23be05adcb9f7b68590235a839bd,6351.4,0.0,96.28,0.03,0.04,0.02,-2.45,0.42,8.07,-396.78,220.87,-171.35,7.55,/home/djhuai/zuo/stf/new/STF/save_scenarios_1d/scenario_1_0002_wind_07.json,0,[],0,False,20260909T160734.097185Z,0,0,scenario_1_0002_wind_07
0.0,running,[],db0849f612b3c298410d8544411bf2c1870953c995874f37af2b2fc3207787a0,6367.5,0.0,64.16,-0.0,0.0,-0.0,-0.34,-0.0,0.0,-364.6,222.79,-169.86,8.28,/home/djhuai/zuo/stf/new/STF/save_scenarios_1d/scenario_1_0002_wind_08.json,0,[],0,False,20260909T160734.097185Z,0,0,scenario_1_0002_wind_08
0.0,running,[],a7fed5c8a3077a22cab03f4e17a476c4f803034e8f32c74f0567ee676cbd2bdb,6384.8,0.0,74.86,-0.0,0.0,0.0,-0.34,-0.0,0.0,-363.81,219.38,-169.83,8.28,/home/djhuai/zuo/stf/new/STF/save_scenarios_1d/scenario_1_0003_cloudy_01.json,0,[],0,False,20260909T160734.097185Z,0,0,scenario_1_0003_cloudy_01
0.0,running,[],222603472909cc0236b22dee59207b40263f7ad6d0ca862acc00007a41e6abfe,6400.4,0.0,71.7,-0.0,-0.0,-0.0,-0.34,-0.0,0.0,-360.69,219.94,-169.73,8.3,/home/djhuai/zuo/stf/new/STF/save_scenarios_1d/scenario_1_0003_cloudy_02.json,0,[],0,False,20260909T160734.097185Z,0,0,scenario_1_0003_cloudy_02
4.46,running,[],f7309234ade2954fcba8d08aee721bfa465d85f5aed265a91af761c12aedfc36,6416.6,0.0,93.43,-0.04,0.05,-0.07,-2.48,0.48,4.46,-382.1,216.16,-170.23,8.07,/home/djhuai/zuo/stf/new/STF/save_scenarios_1d/scenario_1_0003_cloudy_03.json,0,[],0,False,20260909T160734.097185Z,0,0,scenario_1_0003_cloudy_03
8.07,running,[],c23fc58495f978244cb1815f8240aa73818fd841c3fc1100d2972d44cfccc07f,6434.6,0.0,86.48,-5.74,-0.94,0.08,0.18,0.26,8.07,-375.25,217.36,-170.02,8.22,/home/djhuai/zuo/stf/new/STF/save_scenarios_1d/scenario_1_0003_cloudy_04.json,0,[],0,False,20260909T160734.097185Z,0,0,scenario_1_0003_cloudy_04
0.0,running,[],0c7002195107d8a5d306195f20845e5ad069ae8ba8871a38b0e8ba233d73a04d,6450.8,0.0,74.42,-0.0,0.0,-0.0,-0.34,-0.0,0.0,-363.37,219.45,-169.83,8.28,/home/djhuai/zuo/stf/new/STF/save_scenarios_1d/scenario_1_0003_cloudy_05.json,0,[],0,False,20260909T160734.097185Z,0,0,scenario_1_0003_cloudy_05
4.46,running,[],0e6ca26165addf0722f0383c19e8aa31b7a1aea390fc11bad4616cc0b43b943b,6467.0,0.0,93.12,0.02,0.03,-0.07,-2.47,0.56,4.46,-381.79,216.21,-170.22,8.08,/home/djhuai/zuo/stf/new/STF/save_scenarios_1d/scenario_1_0003_cloudy_06.json,0,[],0,False,20260909T160734.097185Z,0,0,scenario_1_0003_cloudy_06
0.0,running,[],893de4cd12769bb38a00ea04d11689cb4d0e9d9eb171b304d0dea4aa40c247f3,6482.8,0.0,76.84,0.0,-0.0,0.0,-0.34,-0.0,0.0,-365.75,219.03,-170.03,8.27,/home/djhuai/zuo/stf/new/STF/save_scenarios_1d/scenario_1_0003_cloudy_07.json,0,[],0,False,20260909T160734.097185Z,0,0,scenario_1_0003_cloudy_07
4.46,running,[],d799eff0789a5d3dc9e719605bef034779b774dee8fe8d803e2ee86288cefce0,6499.5,0.0,96.11,-0.03,0.01,-0.06,-2.36,0.44,4.46,-384.73,215.71,-170.36,7.95,/home/djhuai/zuo/stf/new/STF/save_scenarios_1d/scenario_1_0003_cloudy_08.json,0,[],0,False,20260909T160734.097185Z,0,0,scenario_1_0003_cloudy_08
0.0,running,[],2a38235000df728a19c52009dec123622489b467619c16d2fe0ef7bf3cd97536,6515.9,0.0,76.82,0.0,0.0,0.0,-0.34,-0.0,0.0,-365.73,219.03,-169.86,8.27,/home/djhuai/zuo/stf/new/STF/save_scenarios_1d/scenario_1_0003_cold_fog_01.json,0,[],0,False,20260909T160734.097185Z,0,0,scenario_1_0003_cold_fog_01
4.46,running,[],57c1b3c2b7e7acbe4f48a70bf21131141909cae9fd5ac62ed12aa4ea3ea67292,6533.2,0.0,98.78,-0.02,0.0,-0.0,-2.3,0.36,4.46,-387.37,215.27,-170.6,7.84,/home/djhuai/zuo/stf/new/STF/save_scenarios_1d/scenario_1_0003_cold_fog_02.json,0,[],0,False,20260909T160734.097185Z,0,0,scenario_1_0003_cold_fog_02
0.0,running,[],7213b687559bbda73bce426cca5c1a60ffc949012753fee7da6936a06df40474,6549.5,0.0,70.94,0.0,-0.0,0.0,-0.34,-0.0,0.0,-359.95,220.07,-169.66,8.31,/home/djhuai/zuo/stf/new/STF/save_scenarios_1d/scenario_1_0003_cold_fog_03.json,0,[],0,False,20260909T160734.097185Z,0,0,scenario_1_0003_cold_fog_03
4.45,running,[],ed907f342fe1003473a809657256b282fcf7f0e510f9de1b4f306c6fb289958f,6568.2,0.0,104.8,0.03,0.01,0.01,-2.61,0.44,4.45,-393.31,214.32,-171.1,7.6,/home/djhuai/zuo/stf/new/STF/save_scenarios_1d/scenario_1_0003_cold_fog_04.json,0,[],0,False,20260909T160734.097185Z,0,0,scenario_1_0003_cold_fog_04
8.02,running,[],88ddd0693837fd7b4ce76bab452f195de7f7c6267ab9090cfe2c081a6597e5ca,6586.3,0.0,89.58,1.69,0.34,-0.06,-1.14,0.51,8.02,-378.3,216.82,-170.07,8.2,/home/djhuai/zuo/stf/new/STF/save_scenarios_1d/scenario_1_0003_cold_fog_05.json,0,[],0,False,20260909T160734.097185Z,0,0,scenario_1_0003_cold_fog_05
0.0,running,[],853bb41dc8e5586ed37d268979c2ef16665c73ea4ca7c05bd32ecb35c8eeca24,6604.9,0.0,76.82,-0.0,0.0,0.0,-0.34,-0.0,0.0,-365.73,219.03,-169.86,8.27,/home/djhuai/zuo/stf/new/STF/save_scenarios_1d/scenario_1_0003_cold_fog_06.json,0,[],0,False,20260909T160734.097185Z,0,0,scenario_1_0003_cold_fog_06
4.46,running,[],13054de7551057a2cc1c2881c35e13b670eb1f32e02b93f6ce0cf2b66ac77d4f,6624.1,0.0,107.25,-0.01,0.05,-0.1,-2.36,0.55,4.46,-395.73,213.95,-171.28,7.49,/home/djhuai/zuo/stf/new/STF/save_scenarios_1d/scenario_1_0003_cold_fog_07.json,0,[],0,False,20260909T160734.097185Z,0,0,scenario_1_0003_cold_fog_07
0.0,running,[],e1a0c2f17689953261eedbb5d5b582ee7ce47a23a8e64135f857936f7b59a6de,6643.0,0.0,76.84,-0.0,0.0,0.0,-0.34,-0.0,0.0,-365.75,219.03,-170.03,8.27,/home/djhuai/zuo/stf/new/STF/save_scenarios_1d/scenario_1_0003_cold_fog_08.json,0,[],0,False,20260909T160734.097185Z,0,0,scenario_1_0003_cold_fog_08
0.0,running,[],5563dcf55cd6f660858227b9c68e22ae88fdc2f4110a39e6818c1f63e05f6ac0,6657.7,0.0,75.1,-0.0,-0.0,0.0,-0.34,-0.0,0.0,-364.04,219.33,-169.81,8.28,/home/djhuai/zuo/stf/new/STF/save_scenarios_1d/scenario_1_0003_dawn_01.json,0,[],0,False,20260909T160734.097185Z,0,0,scenario_1_0003_dawn_01
0.0,running,[],7d798a869cb9e3c86884a228a347b04f96fc0b37e76b2d0c4c3bb5c765b80cf2,6673.3,0.0,76.84,0.0,-0.0,0.0,-0.34,-0.0,0.0,-365.75,219.03,-170.03,8.27,/home/djhuai/zuo/stf/new/STF/save_scenarios_1d/scenario_1_0003_dawn_02.json,0,[],0,False,20260909T160734.097185Z,0,0,scenario_1_0003_dawn_02
0.0,running,[],4b6d213b9489f776fddcc057c9c5c8db18845240ca68cab06cfc46d223f487ce,6688.7,0.0,76.84,-0.0,-0.0,-0.0,-0.34,-0.0,0.0,-365.75,219.03,-170.03,8.27,/home/djhuai/zuo/stf/new/STF/save_scenarios_1d/scenario_1_0003_dawn_03.json,0,[],0,False,20260909T160734.097185Z,0,0,scenario_1_0003_dawn_03
0.2,running,[],affb213f3d181d05768d3ee640f92ed4f505da02cd498fde6a7f914154e9d839,6705.2,0.0,70.09,-1.93,-0.36,-0.01,-0.34,-0.0,0.2,-359.11,220.22,-169.57,8.31,/home/djhuai/zuo/stf/new/STF/save_scenarios_1d/scenario_1_0003_dawn_04.json,0,[],0,False,20260909T160734.097185Z,0,0,scenario_1_0003_dawn_04
0.0,running,[],13f6c322f7aa8e529eaf6478298325e18e48c845a728ba2479b56c1a72342ec5,6719.6,0.0,71.7,-0.0,-0.0,0.0,-0.34,-0.0,0.0,-360.69,219.94,-169.73,8.3,/home/djhuai/zuo/stf/new/STF/save_scenarios_1d/scenario_1_0003_dawn_05.json,0,[],0,False,20260909T160734.097185Z,0,0,scenario_1_0003_dawn_05
4.25,running,[],bbd52b47129d96c9f97708bc084579115c281981a30169ba54b5a2c7a31e1a41,6735.1,0.0,78.39,-5.56,-0.98,-0.03,-0.27,-0.0,4.25,-367.28,218.76,-170.01,8.26,/home/djhuai/zuo/stf/new/STF/save_scenarios_1d/scenario_1_0003_dawn_06.json,0,[],0,False,20260909T160734.097185Z,0,0,scenario_1_0003_dawn_06
0.0,running,[],4cb34ee92ae9ac42fec32be0fe84cfc44acfc09d59dfa1b87959c4a9355d5bd5,6749.4,0.0,76.84,-0.0,-0.0,0.0,-0.34,-0.0,0.0,-365.75,219.03,-170.03,8.27,/home/djhuai/zuo/stf/new/STF/save_scenarios_1d/scenario_1_0003_dawn_07.json,0,[],0,False,20260909T160734.097185Z,0,0,scenario_1_0003_dawn_07
2.46,running,[],f2f8fab8d5e10c8f68ae34b3e5c8c952428cd8163b3bd2a6d39fd3976b43e673,6765.0,0.0,75.37,-6.23,-1.0,-0.04,-0.28,-0.0,2.46,-364.31,219.29,-169.88,8.28,/home/djhuai/zuo/stf/new/STF/save_scenarios_1d/scenario_1_0003_dawn_08.json,0,[],0,False,20260909T160734.097185Z,0,0,scenario_1_0003_dawn_08
0.0,running,[],2c7f30fca3c9c51e126b7521ef1237f835b5d8ad9de06bcaca0e1f3ce7dd316b,6782.1,0.0,76.84,0.0,-0.0,0.0,-0.34,-0.0,0.0,-365.75,219.03,-170.03,8.27,/home/djhuai/zuo/stf/new/STF/save_scenarios_1d/scenario_1_0003_dusk_01.json,0,[],0,False,20260909T160734.097185Z,0,0,scenario_1_0003_dusk_01
5.29,running,[],c00ecdabd3d8487f0bd0cec914037bf6c6ee2c1799df600227e542e5824a77c9,6797.6,0.0,88.04,-3.11,-0.73,-2.0,0.42,0.44,5.29,-376.79,217.09,-169.95,8.22,/home/djhuai/zuo/stf/new/STF/save_scenarios_1d/scenario_1_0003_dusk_02.json,0,[],0,False,20260909T160734.097185Z,0,0,scenario_1_0003_dusk_02
0.0,running,[],48b195a874c7f6a2fa94485e57a38c353c42798e1352d6e3fc3bfa9d8398f733,6812.9,0.0,69.77,0.0,-0.0,-0.0,-0.34,-0.0,0.0,-358.8,220.28,-169.49,8.31,/home/djhuai/zuo/stf/new/STF/save_scenarios_1d/scenario_1_0003_dusk_03.json,0,[],0,False,20260909T160734.097185Z,0,0,scenario_1_0003_dusk_03
4.46,running,[],8e626106bf3a0812f6656eb46b40741dc26e35adbb24f0b36ede4aa971e355e0,6828.7,0.0,91.49,0.02,0.04,-0.17,-2.54,0.56,4.46,-380.18,216.49,-170.14,8.15,/home/djhuai/zuo/stf/new/STF/save_scenarios_1d/scenario_1_0003_dusk_04.json,0,[],0,False,20260909T160734.097185Z,0,0,scenario_1_0003_dusk_04
0.0,running,[],3bcf89fbbdd437ec2dc5205b021097d1727a3290c6490cae2e98c283688385fa,6844.6,0.0,74.84,0.0,0.0,0.0,-0.34,-0.0,0.0,-363.78,219.38,-169.84,8.28,/home/djhuai/zuo/stf/new/STF/save_scenarios_1d/scenario_1_0003_dusk_05.json,0,[],0,False,20260909T160734.097185Z,0,0,scenario_1_0003_dusk_05
4.45,running,[],d4a21bf685a8c4836592e83c4ca287d94e60464a08db81074526251061b7a098,6860.0,0.0,89.49,0.1,0.06,0.04,-1.19,0.5,4.45,-378.21,216.84,-170.06,8.2,/home/djhuai/zuo/stf/new/STF/save_scenarios_1d/scenario_1_0003_dusk_06.json,0,[],0,False,20260909T160734.097185Z,0,0,scenario_1_0003_dusk_06
0.0,running,[],9ff15ab8b54544738b966f010b96bb700050219edeb4a646df77801012568ac5,6875.3,0.0,76.82,-0.0,0.0,0.0,-0.34,-0.0,0.0,-365.73,219.03,-169.86,8.27,/home/djhuai/zuo/stf/new/STF/save_scenarios_1d/scenario_1_0003_dusk_07.json,0,[],0,False,20260909T160734.097185Z,0,0,scenario_1_0003_dusk_07
4.45,running,[],8a8bc09c9ff997f2520643aa309b42be6ad3a3a65faee8344592a9d9bf92610f,6890.3,0.0,88.47,0.32,0.18,-0.01,-0.08,0.51,4.45,-377.2,217.01,-170.05,8.22,/home/djhuai/zuo/stf/new/STF/save_scenarios_1d/scenario_1_0003_dusk_08.json,0,[],0,False,20260909T160734.097185Z,0,0,scenario_1_0003_dusk_08
0.0,running,[],ecf7c7cdf9350155f655bd344bcbee3b0f7eb4796b8162039ae41f12107961de,6906.9,0.0,76.84,-0.0,0.0,-0.0,-0.34,-0.0,0.0,-365.75,219.03,-170.03,8.27,/home/djhuai/zuo/stf/new/STF/save_scenarios_1d/scenario_1_0003_fog_01.json,0,[],0,False,20260909T160734.097185Z,0,0,scenario_1_0003_fog_01
4.46,running,[],0956a6daa1edd3e30d90821f4e3562e0517c0f2011c8c5bc0f83caef43bc5700,6923.4,0.0,94.99,0.02,0.01,0.16,-2.41,0.47,4.46,-383.63,215.9,-170.27,8.0,/home/djhuai/zuo/stf/new/STF/save_scenarios_1d/scenario_1_0003_fog_02.json,0,[],0,False,20260909T160734.097185Z,0,0,scenario_1_0003_fog_02
0.0,running,[],6d0712c2080405a60499a221aa70e544f83829a6f3156da07c1b75d1cb0cd9fc,6940.2,0.0,69.08,0.0,-0.0,-0.0,-0.34,-0.0,0.0,-358.12,220.41,-169.47,8.32,/home/djhuai/zuo/stf/new/STF/save_scenarios_1d/scenario_1_0003_fog_03.json,0,[],0,False,20260909T160734.097185Z,0,0,scenario_1_0003_fog_03
4.45,running,[],b220ae377408739f370c3f7687b537e66e120fe17df1c56ded66c1838f9aaff7,6958.0,0.0,100.79,0.02,0.02,0.0,-2.31,0.36,4.45,-389.35,214.95,-170.67,7.76,/home/djhuai/zuo/stf/new/STF/save_scenarios_1d/scenario_1_0003_fog_04.json,0,[],0,False,20260909T160734.097185Z,0,0,scenario_1_0003_fog_04
0.0,running,[],c7eaabe2eb0ad06aa4296c3296e89eb19edc2acce9ad5b32daaf17dd92cb035f,6976.6,0.0,70.15,-0.0,0.0,0.0,-0.34,-0.0,0.0,-359.17,220.21,-169.51,8.31,/home/djhuai/zuo/stf/new/STF/save_scenarios_1d/scenario_1_0003_fog_05.json,0,[],0,False,20260909T160734.097185Z,0,0,scenario_1_0003_fog_05
0.0,running,[],a94ffedcfd4d68c84090a781c04bb19cd4aca0b0c6b3d9bc2bf2d3a2a06a7e9f,6993.2,0.0,76.84,-0.0,0.0,-0.0,-0.34,-0.0,0.0,-365.75,219.03,-170.03,8.27,/home/djhuai/zuo/stf/new/STF/save_scenarios_1d/scenario_1_0003_fog_06.json,0,[],0,False,20260909T160734.097185Z,0,0,scenario_1_0003_fog_06
3.05,running,[],8114efdce58e4b12c285673e2eb70da3ef9f65998b6175028d71b9ef9b5186c4,7011.9,0.0,89.03,26.41,4.65,0.64,-0.74,0.52,3.05,-377.75,216.91,-170.28,8.21,/home/djhuai/zuo/stf/new/STF/save_scenarios_1d/scenario_1_0003_fog_07.json,0,[],0,False,20260909T160734.097185Z,0,0,scenario_1_0003_fog_07
0.0,running,[],7c613092e3de649614dbefe8ce393cc3fd906715c4c879504147ceb53926a8d9,7029.3,0.0,74.84,-0.0,-0.0,0.0,-0.34,-0.0,0.0,-363.78,219.38,-169.84,8.28,/home/djhuai/zuo/stf/new/STF/save_scenarios_1d/scenario_1_0003_fog_08.json,0,[],0,False,20260909T160734.097185Z,0,0,scenario_1_0003_fog_08
4.68,running,[],ff13a1bc20334967d504416679e5fd488b2195ce2b0a819369d93f20feaf8d44,7044.1,0.0,76.86,-1.41,-0.25,-0.01,-0.31,-0.0,4.68,-365.78,219.03,-169.91,8.27,/home/djhuai/zuo/stf/new/STF/save_scenarios_1d/scenario_1_0003_heavy_rain_01.json,0,[],0,False,20260909T160734.097185Z,0,0,scenario_1_0003_heavy_rain_01
0.0,running,[],78d3f6d33cb7abcf6110f5baa3c337544f930ff4ac706fc7a950c70bf98f8580,7060.8,0.0,76.84,0.0,-0.0,0.0,-0.34,-0.0,0.0,-365.75,219.03,-170.03,8.27,/home/djhuai/zuo/stf/new/STF/save_scenarios_1d/scenario_1_0003_heavy_rain_02.json,0,[],0,False,20260909T160734.097185Z,0,0,scenario_1_0003_heavy_rain_02
4.68,running,[],3e464bfe67c136658ed223f1e38c75c245e5215ebfa9b7f91621a4e32d3be234,7076.9,0.0,82.16,2.45,0.42,0.02,-0.34,-0.0,4.68,-370.99,218.11,-170.0,8.24,/home/djhuai/zuo/stf/new/STF/save_scenarios_1d/scenario_1_0003_heavy_rain_03.json,0,[],0,False,20260909T160734.097185Z,0,0,scenario_1_0003_heavy_rain_03
0.0,running,[],0d8f11e174f16277e9d9599e5e0e8802cb2e711f80ca50189500868289e85bf2,7092.6,0.0,71.72,-0.0,-0.0,0.0,-0.34,-0.0,0.0,-360.71,219.93,-169.69,8.3,/home/djhuai/zuo/stf/new/STF/save_scenarios_1d/scenario_1_0003_heavy_rain_04.json,0,[],0,False,20260909T160734.097185Z,0,0,scenario_1_0003_heavy_rain_04
4.45,running,[],175192def93ed00b43792a0dd9abcc32086a156a736868d805cdbdd8128f8380,7110.2,0.0,99.9,0.02,0.01,-0.0,-2.3,0.36,4.45,-388.47,215.09,-170.65,7.8,/home/djhuai/zuo/stf/new/STF/save_scenarios_1d/scenario_1_0003_heavy_rain_05.json,0,[],0,False,20260909T160734.097185Z,0,0,scenario_1_0003_heavy_rain_05
0.0,running,[],4f2ef5e619785da226f3f00a08642a2d357abc4c51a869b28acece0727a131b7,7126.1,0.0,74.84,0.0,-0.0,-0.0,-0.34,-0.0,0.0,-363.78,219.38,-169.84,8.28,/home/djhuai/zuo/stf/new/STF/save_scenarios_1d/scenario_1_0003_heavy_rain_06.json,0,[],0,False,20260909T160734.097185Z,0,0,scenario_1_0003_heavy_rain_06
0.0,running,[],f248ea824bd4dd34ab3a3441802dd5a0b0063fb2b07d98cb2fcff5c38b6a7f32,7143.7,0.0,76.84,-0.0,0.0,-0.0,-0.34,-0.0,0.0,-365.75,219.03,-170.03,8.27,/home/djhuai/zuo/stf/new/STF/save_scenarios_1d/scenario_1_0003_heavy_rain_07.json,0,[],0,False,20260909T160734.097185Z,0,0,scenario_1_0003_heavy_rain_07
3.85,running,[],824c5f5ed07edbb227ff4a4e3464e01258a090fc9555fe235aace4f2ac332f22,7162.5,0.0,103.59,-4.1,-0.68,-0.16,-2.5,0.42,3.85,-392.12,214.51,-170.89,7.65,/home/djhuai/zuo/stf/new/STF/save_scenarios_1d/scenario_1_0003_heavy_rain_08.json,0,[],0,False,20260909T160734.097185Z,0,0,scenario_1_0003_heavy_rain_08
0.0,running,[],afce17377493f61c7136052f6264940c9265293a5486e8e6464fbe8ae556f10b,7178.0,0.0,75.61,-0.0,0.0,0.0,-0.34,-0.0,0.0,-364.54,219.24,-169.86,8.28,/home/djhuai/zuo/stf/new/STF/save_scenarios_1d/scenario_1_0003_light_rain_01.json,0,[],0,False,20260909T160734.097185Z,0,0,scenario_1_0003_light_rain_01
4.46,running,[],f0ebfcdf0af7de7ec463d446754b5106a3db586224035d107806dde9e978b0da,7193.7,0.0,91.79,0.09,-0.04,-0.18,-2.52,0.59,4.46,-380.48,216.44,-170.16,8.14,/home/djhuai/zuo/stf/new/STF/save_scenarios_1d/scenario_1_0003_light_rain_02.json,0,[],0,False,20260909T160734.097185Z,0,0,scenario_1_0003_light_rain_02
0.0,running,[],41961aca257c96ffb033c9b58214d0be215abdfd576cfb763c89874bce17e6c4,7208.7,0.0,76.82,-0.0,0.0,0.0,-0.34,-0.0,0.0,-365.73,219.03,-169.86,8.27,/home/djhuai/zuo/stf/new/STF/save_scenarios_1d/scenario_1_0003_light_rain_03.json,0,[],0,False,20260909T160734.097185Z,0,0,scenario_1_0003_light_rain_03
4.46,running,[],dcf1c7b9a323d78b7d658560fa8960e44e1e630321bf95487758418b3a4f2c73,7223.8,0.0,88.35,-0.34,-0.01,-0.29,0.05,0.5,4.46,-377.09,217.04,-170.04,8.22,/home/djhuai/zuo/stf/new/STF/save_scenarios_1d/scenario_1_0003_light_rain_04.json,0,[],0,False,20260909T160734.097185Z,0,0,scenario_1_0003_light_rain_04
0.0,running,[],2951dd946f18b20f17b41fa4b333cb9f8db22e54ad881709932226cf66eb0379,7239.5,0.0,74.84,-0.0,0.0,0.0,-0.34,-0.0,0.0,-363.78,219.38,-169.84,8.28,/home/djhuai/zuo/stf/new/STF/save_scenarios_1d/scenario_1_0003_light_rain_05.json,0,[],0,False,20260909T160734.097185Z,0,0,scenario_1_0003_light_rain_05
4.45,running,[],543d08c5128fe4e37238fd05c6696974752c88b731490b9b6b8e3078f45bee82,7254.9,0.0,90.09,-0.06,0.03,0.03,-1.8,0.5,4.45,-378.81,216.73,-170.07,8.19,/home/djhuai/zuo/stf/new/STF/save_scenarios_1d/scenario_1_0003_light_rain_06.json,0,[],0,False,20260909T160734.097185Z,0,0,scenario_1_0003_light_rain_06
0.0,running,[],9f5efcd9fb88e450e44d6b9b8eca904ee31674b53ea18e2bf39faace7ac78f1c,7271.3,0.0,74.84,-0.0,0.0,-0.0,-0.34,-0.0,0.0,-363.78,219.38,-169.84,8.28,/home/djhuai/zuo/stf/new/STF/save_scenarios_1d/scenario_1_0003_light_rain_07.json,0,[],0,False,20260909T160734.097185Z,0,0,scenario_1_0003_light_rain_07
4.46,running,[],60152d69e2fded36782a9453e434a1dba8917ce93eca90cc1cb6664207d73809,7286.8,0.0,90.54,-0.01,0.03,0.01,-2.25,0.5,4.46,-379.24,216.66,-170.07,8.18,/home/djhuai/zuo/stf/new/STF/save_scenarios_1d/scenario_1_0003_light_rain_08.json,0,[],0,False,20260909T160734.097185Z,0,0,scenario_1_0003_light_rain_08
0.0,running,[],cef7ef122d1ed83771fb2f7f00cc808fccbbb05e74a92b2523952c405074c2e7,7305.2,0.0,76.82,0.0,-0.0,-0.0,-0.34,-0.0,0.0,-365.73,219.03,-169.86,8.27,/home/djhuai/zuo/stf/new/STF/save_scenarios_1d/scenario_1_0003_night_01.json,0,[],0,False,20260909T160734.097185Z,0,0,scenario_1_0003_night_01
4.45,running,[],1822459982a63a3e94eb6c861cd7a4e99e1cfdf4203f2179bccced38e916fcaf,7323.7,0.0,103.91,0.02,0.03,-0.04,-2.47,0.44,4.45,-392.43,214.46,-171.05,7.63,/home/djhuai/zuo/stf/new/STF/save_scenarios_1d/scenario_1_0003_night_02.json,0,[],0,False,20260909T160734.097185Z,0,0,scenario_1_0003_night_02
6.52,running,[],b5d9009da5d37134a8138cae89e907a905cd8ab3f555051bf73f69f92ca7a7e2,7342.1,0.0,98.35,4.26,0.69,0.18,-2.35,0.36,6.52,-386.95,215.34,-170.59,7.86,/home/djhuai/zuo/stf/new/STF/save_scenarios_1d/scenario_1_0003_night_03.json,0,[],0,False,20260909T160734.097185Z,0,0,scenario_1_0003_night_03
0.0,running,[],331bcd22f9cd3e3f81a1a316b0dff5186a213789efffd491977be15bf0adf193,7359.8,0.0,76.84,0.0,-0.0,0.0,-0.34,-0.0,0.0,-365.75,219.03,-170.03,8.27,/home/djhuai/zuo/stf/new/STF/save_scenarios_1d/scenario_1_0003_night_04.json,0,[],0,False,20260909T160734.097185Z,0,0,scenario_1_0003_night_04
4.45,running,[],15c613bde004b4b59f6db6481eecc2604ef85c5c754f7e7826e2e4cb48792aea,7378.3,0.0,104.13,-0.04,0.02,-0.02,-2.51,0.44,4.45,-392.65,214.43,-171.06,7.62,/home/djhuai/zuo/stf/new/STF/save_scenarios_1d/scenario_1_0003_night_05.json,0,[],0,False,20260909T160734.097185Z,0,0,scenario_1_0003_night_05
0.0,running,[],04d699192dbdfdd144d474d3b4617d5f32cfd956997fc0c0aee3f53db07565e5,7396.2,0.0,76.84,0.0,-0.0,-0.0,-0.34,-0.0,0.0,-365.75,219.03,-170.03,8.27,/home/djhuai/zuo/stf/new/STF/save_scenarios_1d/scenario_1_0003_night_06.json,0,[],0,False,20260909T160734.097185Z,0,0,scenario_1_0003_night_06
4.45,running,[],621f2c5b793bcfa218f8aaa6a93cf110b74169fa08fdc48c43c5522e812b8fe4,7414.4,0.0,102.57,0.02,-0.04,-0.13,-2.31,0.41,4.45,-391.11,214.67,-170.95,7.69,/home/djhuai/zuo/stf/new/STF/save_scenarios_1d/scenario_1_0003_night_07.json,0,[],0,False,20260909T160734.097185Z,0,0,scenario_1_0003_night_07
7.77,running,[],99c311a953bc05cda5906acd70443da5d50b902f27ffd59cd650bacdf5744e1a,7432.5,0.0,96.89,-2.32,-0.35,0.03,-2.32,0.39,7.77,-385.5,215.58,-170.46,7.92,/home/djhuai/zuo/stf/new/STF/save_scenarios_1d/scenario_1_0003_night_08.json,0,[],0,False,20260909T160734.097185Z,0,0,scenario_1_0003_night_08
0.0,running,[],17a0bc5ba30a56c90a35fcbe126c2b0493eff3c5a21c7199af794d905b884385,7449.3,0.0,76.84,-0.0,0.0,0.0,-0.34,-0.0,0.0,-365.75,219.03,-170.03,8.27,/home/djhuai/zuo/stf/new/STF/save_scenarios_1d/scenario_1_0003_overcast_01.json,0,[],0,False,20260909T160734.097185Z,0,0,scenario_1_0003_overcast_01
5.05,running,[],3c7f0d7ee8f0d175b4ba4a439815711b715042818ba16ced61c0d9dc897fb484,7464.3,0.0,77.21,-2.19,-0.38,0.1,-0.31,-0.0,5.05,-366.12,218.97,-169.92,8.27,/home/djhuai/zuo/stf/new/STF/save_scenarios_1d/scenario_1_0003_overcast_02.json,0,[],0,False,20260909T160734.097185Z,0,0,scenario_1_0003_overcast_02
0.0,running,[],9f2e67a6ba9ecc0c8d394eb4d70e116293414446a3583948973c98d7d459f286,7481.7,0.0,76.82,0.0,-0.0,-0.0,-0.34,-0.0,0.0,-365.73,219.03,-169.86,8.27,/home/djhuai/zuo/stf/new/STF/save_scenarios_1d/scenario_1_0003_overcast_03.json,0,[],0,False,20260909T160734.097185Z,0,0,scenario_1_0003_overcast_03
5.41,running,[],0739e457f579ae6b52e89e7bf3d6babb784d66950232b3c67e1d44cebdf9936c,7498.3,0.0,84.43,-0.76,-0.14,-0.01,-0.32,-0.0,5.41,-373.23,217.71,-170.01,8.22,/home/djhuai/zuo/stf/new/STF/save_scenarios_1d/scenario_1_0003_overcast_04.json,0,[],0,False,20260909T160734.097185Z,0,0,scenario_1_0003_overcast_04
0.0,running,[],92787952bc389b7d45fd61a85ba7b1066f3c8135cf1d8d652f6a50ec04e19db2,7513.1,0.0,68.22,-0.0,-0.0,0.0,-0.34,-0.0,0.0,-357.27,220.56,-169.52,8.32,/home/djhuai/zuo/stf/new/STF/save_scenarios_1d/scenario_1_0003_overcast_05.json,0,[],0,False,20260909T160734.097185Z,0,0,scenario_1_0003_overcast_05
4.53,running,[],c27592cd5bfdfc95a0066f1ed27f3da7edd11851c43697dddb6a4bebcc2e5751,7528.4,0.0,79.95,-2.98,-0.5,-0.02,-0.33,-0.0,4.53,-368.82,218.49,-169.97,8.25,/home/djhuai/zuo/stf/new/STF/save_scenarios_1d/scenario_1_0003_overcast_06.json,0,[],0,False,20260909T160734.097185Z,0,0,scenario_1_0003_overcast_06
0.0,running,[],02ebc27b65b86941698c8191dcb007bd3778a21ef284e676d7a44b10320a3c97,7543.3,0.0,76.84,0.0,-0.0,-0.0,-0.34,-0.0,0.0,-365.75,219.03,-170.03,8.27,/home/djhuai/zuo/stf/new/STF/save_scenarios_1d/scenario_1_0003_overcast_07.json,0,[],0,False,20260909T160734.097185Z,0,0,scenario_1_0003_overcast_07
4.46,running,[],d12d7722720991643955d39cc4f66ca84b63b49a6a601f5449dade0f2c3dfab1,7560.3,0.0,97.0,-0.04,0.05,-0.07,-2.31,0.36,4.46,-385.61,215.56,-170.48,7.92,/home/djhuai/zuo/stf/new/STF/save_scenarios_1d/scenario_1_0003_overcast_08.json,0,[],0,False,20260909T160734.097185Z,0,0,scenario_1_0003_overcast_08
0.0,running,[],5ed56595b2bb440621c9edd6535200d15c2c496b2094e8755e098a3ca4ae82f5,7575.3,0.0,74.84,-0.0,0.0,0.0,-0.34,-0.0,0.0,-363.78,219.38,-169.84,8.28,/home/djhuai/zuo/stf/new/STF/save_scenarios_1d/scenario_1_0003_rainy_dusk_01.json,0,[],0,False,20260909T160734.097185Z,0,0,scenario_1_0003_rainy_dusk_01
4.46,running,[],2af18b0858bb76305232768b040824a75af264d947164dcee41d0f38794ded88,7591.5,0.0,93.66,0.1,-0.1,0.3,-2.47,0.5,4.46,-382.32,216.12,-170.23,8.06,/home/djhuai/zuo/stf/new/STF/save_scenarios_1d/scenario_1_0003_rainy_dusk_02.json,0,[],0,False,20260909T160734.097185Z,0,0,scenario_1_0003_rainy_dusk_02
0.0,running,[],85370a391d94ba4fe3804913661047185e0894d914804ae894fdd09874f7dcff,7606.4,0.0,75.1,0.0,-0.0,0.0,-0.34,-0.0,0.0,-364.04,219.33,-169.81,8.28,/home/djhuai/zuo/stf/new/STF/save_scenarios_1d/scenario_1_0003_rainy_dusk_03.json,0,[],0,False,20260909T160734.097185Z,0,0,scenario_1_0003_rainy_dusk_03
0.0,running,[],905694fcc559a41a882cf3c57d1978d7d385949036deddc37abffa05f766c2f0,7622.8,0.0,74.85,-0.0,-0.0,-0.0,-0.34,-0.0,0.0,-363.8,219.38,-169.83,8.28,/home/djhuai/zuo/stf/new/STF/save_scenarios_1d/scenario_1_0003_rainy_dusk_04.json,0,[],0,False,20260909T160734.097185Z,0,0,scenario_1_0003_rainy_dusk_04
0.0,running,[],99ffa9f6c95921352d9e069bb24181b5cd71a216034ff26911f297a082c9efbb,7638.8,0.0,76.82,-0.0,-0.0,-0.0,-0.34,-0.0,0.0,-365.73,219.03,-169.86,8.27,/home/djhuai/zuo/stf/new/STF/save_scenarios_1d/scenario_1_0003_rainy_dusk_05.json,0,[],0,False,20260909T160734.097185Z,0,0,scenario_1_0003_rainy_dusk_05
4.49,running,[],054c8197b648b93f3f4f0f4a75fab4213a5a7af49ada58e5c3609048462ab7c7,7653.5,0.0,87.21,-0.01,0.01,-0.01,0.37,0.24,4.49,-375.97,217.23,-170.03,8.22,/home/djhuai/zuo/stf/new/STF/save_scenarios_1d/scenario_1_0003_rainy_dusk_06.json,0,[],0,False,20260909T160734.097185Z,0,0,scenario_1_0003_rainy_dusk_06
0.24,running,[],37f374eeebfd282b09a88f2c520c44e149ca75c6b05a5d440eaaddaa37918fd6,7670.6,0.0,74.85,-2.75,-0.48,-0.02,-0.33,-0.0,0.24,-363.79,219.38,-169.83,8.28,/home/djhuai/zuo/stf/new/STF/save_scenarios_1d/scenario_1_0003_rainy_dusk_07.json,0,[],0,False,20260909T160734.097185Z,0,0,scenario_1_0003_rainy_dusk_07
0.0,running,[],253d43b11f8414dc99946837939cf96d1ab8805bec465c18fe0c4d44ff38ca8f,7689.0,0.0,76.84,-0.0,0.0,0.0,-0.34,-0.0,0.0,-365.75,219.03,-170.03,8.27,/home/djhuai/zuo/stf/new/STF/save_scenarios_1d/scenario_1_0003_rainy_dusk_08.json,0,[],0,False,20260909T160734.097185Z,0,0,scenario_1_0003_rainy_dusk_08
4.46,running,[],560121ac707666c1a61e7db1fd149fa98286a6353133807375340248453fecc7,7705.6,0.0,95.3,-0.01,-0.02,-0.17,-2.4,0.45,4.46,-383.93,215.85,-170.28,7.99,/home/djhuai/zuo/stf/new/STF/save_scenarios_1d/scenario_1_0003_sandstorm_01.json,0,[],0,False,20260909T160734.097185Z,0,0,scenario_1_0003_sandstorm_01
0.0,running,[],77a5c2f122b02161938009ac27561d1966adfcc32a3ab621126d68c02a28caca,7723.8,0.0,76.84,-0.0,0.0,0.0,-0.34,-0.0,0.0,-365.75,219.03,-170.03,8.27,/home/djhuai/zuo/stf/new/STF/save_scenarios_1d/scenario_1_0003_sandstorm_02.json,0,[],0,False,20260909T160734.097185Z,0,0,scenario_1_0003_sandstorm_02
4.45,running,[],f6ae8e3637ebd8b4183e334f00b45afafe5a21c0a09c1a2f0d03327341faaaf0,7742.4,0.0,104.35,0.02,0.01,-0.0,-2.54,0.44,4.45,-392.87,214.39,-171.08,7.62,/home/djhuai/zuo/stf/new/STF/save_scenarios_1d/scenario_1_0003_sandstorm_03.json,0,[],0,False,20260909T160734.097185Z,0,0,scenario_1_0003_sandstorm_03
0.0,running,[],318cc523e5b6a1862a0b97e4b75d6e68140eb89ea360b30ae52e850458c98e17,7759.9,0.0,76.84,0.0,-0.0,0.0,-0.34,-0.0,0.0,-365.75,219.03,-170.03,8.27,/home/djhuai/zuo/stf/new/STF/save_scenarios_1d/scenario_1_0003_sandstorm_04.json,0,[],0,False,20260909T160734.097185Z,0,0,scenario_1_0003_sandstorm_04
4.46,running,[],80d168aaabef6655e9abf2ebf68248d32289ff31c3b8f9c2383de80ba9eaaeca,7777.9,0.0,101.9,-0.02,0.01,-0.0,-2.3,0.38,4.46,-390.45,214.77,-170.87,7.72,/home/djhuai/zuo/stf/new/STF/save_scenarios_1d/scenario_1_0003_sandstorm_05.json,0,[],0,False,20260909T160734.097185Z,0,0,scenario_1_0003_sandstorm_05
4.78,running,[],43325084202cafe701d72d95f9a66fb924b1d59b4ad3447d5bebbbf732404634,7795.7,0.0,81.26,-1.27,-0.23,-0.01,-0.35,-0.0,4.78,-370.1,218.26,-169.98,8.24,/home/djhuai/zuo/stf/new/STF/save_scenarios_1d/scenario_1_0003_sandstorm_06.json,0,[],0,False,20260909T160734.097185Z,0,0,scenario_1_0003_sandstorm_06
0.0,running,[],af8915c5fcd8811e2d954f6f00223262ba76ad20f12bcc69f064f3fac86a13d7,7813.5,0.0,68.64,-0.0,0.0,-0.0,-0.34,-0.0,0.0,-357.69,220.49,-169.54,8.32,/home/djhuai/zuo/stf/new/STF/save_scenarios_1d/scenario_1_0003_sandstorm_07.json,0,[],0,False,20260909T160734.097185Z,0,0,scenario_1_0003_sandstorm_07
4.46,running,[],9fe567739cad54ec0d69e8d51086926222badb50c8af56afa6126d174c8e5b7f,7831.5,0.0,101.9,-0.02,0.01,-0.0,-2.3,0.38,4.46,-390.45,214.77,-170.87,7.72,/home/djhuai/zuo/stf/new/STF/save_scenarios_1d/scenario_1_0003_sandstorm_08.json,0,[],0,False,20260909T160734.097185Z,0,0,scenario_1_0003_sandstorm_08
0.0,running,[],5d095fb79a33729aea9f9cfebaa2ab3e161d555ac7f6024d9dc2110eab82f0ea,7847.1,0.0,76.84,0.0,-0.0,0.0,-0.34,-0.0,0.0,-365.75,219.03,-170.03,8.27,/home/djhuai/zuo/stf/new/STF/save_scenarios_1d/scenario_1_0003_snowy_heavy_01.json,0,[],0,False,20260909T160734.097185Z,0,0,scenario_1_0003_snowy_heavy_01
4.45,running,[],4b3a60e4c68ef1d88b6d10287de957fca7d3b928956a572fa1ff461e2a7a7d84,7865.3,0.0,102.35,-0.02,0.01,-0.02,-2.3,0.38,4.45,-390.89,214.7,-170.92,7.7,/home/djhuai/zuo/stf/new/STF/save_scenarios_1d/scenario_1_0003_snowy_heavy_02.json,0,[],0,False,20260909T160734.097185Z,0,0,scenario_1_0003_snowy_heavy_02
7.24,running,[],532a96e01d92a415da445a13061fd61d705519d30d371a1244c1f230a5023df1,7884.0,0.0,85.31,-4.48,-0.9,0.16,-0.18,0.23,7.24,-374.1,217.56,-170.03,8.22,/home/djhuai/zuo/stf/new/STF/save_scenarios_1d/scenario_1_0003_snowy_heavy_03.json,0,[],0,False,20260909T160734.097185Z,0,0,scenario_1_0003_snowy_heavy_03
0.0,running,[],a44a302d5612a4da44d29876c07a2163901a4f11b10df6ce2a3d348ee257445d,7901.3,0.0,76.84,0.0,0.0,-0.0,-0.34,-0.0,0.0,-365.75,219.03,-170.03,8.27,/home/djhuai/zuo/stf/new/STF/save_scenarios_1d/scenario_1_0003_snowy_heavy_04.json,0,[],0,False,20260909T160734.097185Z,0,0,scenario_1_0003_snowy_heavy_04
4.45,running,[],58e2878d570f88150e598c6189f79be255401b711da5f776ab00aac5a5c5ac96,7920.1,0.0,105.02,-0.02,0.0,0.0,-2.64,0.44,4.45,-393.53,214.29,-171.1,7.59,/home/djhuai/zuo/stf/new/STF/save_scenarios_1d/scenario_1_0003_snowy_heavy_05.json,0,[],0,False,20260909T160734.097185Z,0,0,scenario_1_0003_snowy_heavy_05
0.0,running,[],b61ec5b2aedfd99b92503905ac8f99c247e92329fff2cee64d4e5354974496a8,7938.6,0.0,70.95,0.0,0.0,0.0,-0.34,-0.0,0.0,-359.96,220.07,-169.61,8.31,/home/djhuai/zuo/stf/new/STF/save_scenarios_1d/scenario_1_0003_snowy_heavy_06.json,0,[],0,False,20260909T160734.097185Z,0,0,scenario_1_0003_snowy_heavy_06
4.46,running,[],71f39f64720c66a4816f9a070c3f900d9ae079e3700dd448de63b9c47afd9f3f,7956.0,0.0,99.23,-0.02,0.0,-0.0,-2.3,0.36,4.46,-387.81,215.2,-170.62,7.83,/home/djhuai/zuo/stf/new/STF/save_scenarios_1d/scenario_1_0003_snowy_heavy_07.json,0,[],0,False,20260909T160734.097185Z,0,0,scenario_1_0003_snowy_heavy_07
0.97,running,[],51f9555e8fd7e1e1ded322f07c16ae64d2d54eb983f9b9ab7634bef227d533f4,7973.9,0.0,69.66,-5.68,-1.06,-0.03,-0.3,-0.0,0.97,-358.68,220.3,-169.52,8.31,/home/djhuai/zuo/stf/new/STF/save_scenarios_1d/scenario_1_0003_snowy_heavy_08.json,0,[],0,False,20260909T160734.097185Z,0,0,scenario_1_0003_snowy_heavy_08
0.0,running,[],5e3d7543d0ae8f1a49013512ae8af857dd74868cdebe42c4fe4dc04fe845af99,7989.0,0.0,76.84,0.0,-0.0,0.0,-0.34,-0.0,0.0,-365.75,219.03,-170.03,8.27,/home/djhuai/zuo/stf/new/STF/save_scenarios_1d/scenario_1_0003_snowy_light_01.json,0,[],0,False,20260909T160734.097185Z,0,0,scenario_1_0003_snowy_light_01
5.33,running,[],fe42de860d8d4f919102777116f5b7efc4dee95d5acbb5fab652da8552b94294,8004.7,0.0,82.36,-0.48,-0.07,-0.04,-0.32,-0.0,5.33,-371.18,218.07,-170.01,8.24,/home/djhuai/zuo/stf/new/STF/save_scenarios_1d/scenario_1_0003_snowy_light_02.json,0,[],0,False,20260909T160734.097185Z,0,0,scenario_1_0003_snowy_light_02
0.0,running,[],1ee838e53c8630e016eac3d1ba50b6df5ddd55ed9a56051082001799a2f0c625,8021.5,0.0,76.84,-0.0,0.0,0.0,-0.34,-0.0,0.0,-365.75,219.03,-170.03,8.27,/home/djhuai/zuo/stf/new/STF/save_scenarios_1d/scenario_1_0003_snowy_light_03.json,0,[],0,False,20260909T160734.097185Z,0,0,scenario_1_0003_snowy_light_03
4.44,running,[],cd6abbe178ca2dd6875f0c359b3623d4a895be37d718c84617e7b5c14c19b8da,8036.6,0.0,88.91,-0.09,0.0,0.05,-0.56,0.51,4.44,-377.64,216.94,-170.06,8.21,/home/djhuai/zuo/stf/new/STF/save_scenarios_1d/scenario_1_0003_snowy_light_04.json,0,[],0,False,20260909T160734.097185Z,0,0,scenario_1_0003_snowy_light_04
0.0,running,[],b86012b8d29f092eac3a087179dd20b0c1ca5b605c0b4f6ab9523b97ca1191d1,8054.9,0.0,76.82,0.0,0.0,-0.0,-0.34,-0.0,0.0,-365.73,219.03,-169.86,8.27,/home/djhuai/zuo/stf/new/STF/save_scenarios_1d/scenario_1_0003_snowy_light_05.json,0,[],0,False,20260909T160734.097185Z,0,0,scenario_1_0003_snowy_light_05
4.45,running,[],922aa532e3ea8c819e3e055ff574854755346122c33c257064cc034df510c7c1,8074.0,0.0,106.58,-0.01,-0.18,-0.19,-2.39,0.48,4.45,-395.07,214.05,-171.22,7.52,/home/djhuai/zuo/stf/new/STF/save_scenarios_1d/scenario_1_0003_snowy_light_06.json,0,[],0,False,20260909T160734.097185Z,0,0,scenario_1_0003_snowy_light_06
0.0,running,[],0ad00eda9f5bff3027bbc4b7139009d5b6cc43f901258ee58baf0c1efde3b7cf,8091.9,0.0,76.84,-0.0,0.0,0.0,-0.34,-0.0,0.0,-365.75,219.03,-170.03,8.27,/home/djhuai/zuo/stf/new/STF/save_scenarios_1d/scenario_1_0003_snowy_light_07.json,0,[],0,False,20260909T160734.097185Z,0,0,scenario_1_0003_snowy_light_07
4.46,running,[],2314f7905a6da8e48e0b9ac65a9b843d1ecb93f08d4cfe1247eff96a2024c1a4,8109.2,0.0,98.56,0.02,0.01,-0.0,-2.3,0.36,4.46,-387.15,215.31,-170.59,7.85,/home/djhuai/zuo/stf/new/STF/save_scenarios_1d/scenario_1_0003_snowy_light_08.json,0,[],0,False,20260909T160734.097185Z,0,0,scenario_1_0003_snowy_light_08
4.4,running,[],94949c98b9c444b58325352681e84db0b12d07a488525712ca1a14b03ec67cfe,8128.1,0.0,100.47,-0.07,-0.02,-0.0,-2.31,0.37,4.4,-389.03,214.99,-170.7,7.78,/home/djhuai/zuo/stf/new/STF/save_scenarios_1d/scenario_1_0003_sunny_01.json,0,[],0,False,20260909T160734.097185Z,0,0,scenario_1_0003_sunny_01
0.0,running,[],e30c82cd1bff7634d16fa7f46b1d048f47c556a093b8181e44289beacdc3f9f3,8144.1,0.0,74.84,0.0,0.0,0.0,-0.34,-0.0,0.0,-363.78,219.38,-169.84,8.28,/home/djhuai/zuo/stf/new/STF/save_scenarios_1d/scenario_1_0003_sunny_02.json,0,[],0,False,20260909T160734.097185Z,0,0,scenario_1_0003_sunny_02
4.45,running,[],742f4fd617ba9c6f60dde0a01ecb0ecea73dc2ad15104366bc4fa678faf255e2,8159.4,0.0,89.87,-0.05,-0.05,0.02,-1.58,0.5,4.45,-378.59,216.77,-170.07,8.19,/home/djhuai/zuo/stf/new/STF/save_scenarios_1d/scenario_1_0003_sunny_03.json,0,[],0,False,20260909T160734.097185Z,0,0,scenario_1_0003_sunny_03
0.0,running,[],9efa73fddc26c5dfaf4ff333e697ebf1ba7682c76f6930673b0bf545db36fc8f,8174.3,0.0,76.84,-0.0,0.0,0.0,-0.34,-0.0,0.0,-365.75,219.03,-170.03,8.27,/home/djhuai/zuo/stf/new/STF/save_scenarios_1d/scenario_1_0003_sunny_04.json,0,[],0,False,20260909T160734.097185Z,0,0,scenario_1_0003_sunny_04
4.4,running,[],260e5f51f9523f6eaf5b5da6eed3bd460621bb1c39a04ab3f6a227a93a43a8b5,8190.7,0.0,82.14,-2.09,-0.37,-0.01,-0.35,-0.0,4.4,-370.97,218.11,-170.0,8.24,/home/djhuai/zuo/stf/new/STF/save_scenarios_1d/scenario_1_0003_sunny_05.json,0,[],0,False,20260909T160734.097185Z,0,0,scenario_1_0003_sunny_05
0.0,running,[],83f0ff18cf5ac3407ac49ec70c0665c264b6ff51e736d42e5d5c7b80c55eaf50,8206.3,0.0,74.84,0.0,-0.0,-0.0,-0.34,-0.0,0.0,-363.78,219.38,-169.84,8.28,/home/djhuai/zuo/stf/new/STF/save_scenarios_1d/scenario_1_0003_sunny_06.json,0,[],0,False,20260909T160734.097185Z,0,0,scenario_1_0003_sunny_06
4.46,running,[],f7485720a7d9b3a3404cc2d242244263f14875143c20a044e402a8a81bd740ac,8222.3,0.0,92.77,-0.0,0.04,0.08,-2.48,0.59,4.46,-381.44,216.28,-170.2,8.09,/home/djhuai/zuo/stf/new/STF/save_scenarios_1d/scenario_1_0003_sunny_07.json,0,[],0,False,20260909T160734.097185Z,0,0,scenario_1_0003_sunny_07
0.0,running,[],ba90015db02d0b8f1bc0216a95f9e54494ff6922be34b943794825fe77bd4151,8237.8,0.0,76.84,-0.0,-0.0,-0.0,-0.34,-0.0,0.0,-365.75,219.03,-170.03,8.27,/home/djhuai/zuo/stf/new/STF/save_scenarios_1d/scenario_1_0003_sunny_08.json,0,[],0,False,20260909T160734.097185Z,0,0,scenario_1_0003_sunny_08
4.46,running,[],542ead938df682dc35e31f4b1d90de7fb8b2409faae9855df7322677fd4c5f72,8254.5,0.0,96.11,-0.03,0.01,-0.06,-2.36,0.44,4.46,-384.73,215.71,-170.36,7.95,/home/djhuai/zuo/stf/new/STF/save_scenarios_1d/scenario_1_0003_wind_01.json,0,[],0,False,20260909T160734.097185Z,0,0,scenario_1_0003_wind_01
0.0,running,[],48b0d0ead804535d15f8be64d43c4f34a6bc95bd175aa6e20b2930d9e3aa28db,8270.7,0.0,76.84,0.0,-0.0,0.0,-0.34,-0.0,0.0,-365.75,219.03,-170.03,8.27,/home/djhuai/zuo/stf/new/STF/save_scenarios_1d/scenario_1_0003_wind_02.json,0,[],0,False,20260909T160734.097185Z,0,0,scenario_1_0003_wind_02
4.46,running,[],95f77321b12413f8e26fa08ca0519a12fe5b9cad08a2110325bfe9729a8d54cc,8286.9,0.0,93.66,0.1,-0.1,0.3,-2.47,0.5,4.46,-382.32,216.12,-170.23,8.06,/home/djhuai/zuo/stf/new/STF/save_scenarios_1d/scenario_1_0003_wind_03.json,0,[],0,False,20260909T160734.097185Z,0,0,scenario_1_0003_wind_03
0.0,running,[],a053314734d81e6103149b0c5525aaf1e5985ef0c4946a19536714be728d14b8,8302.9,0.0,75.1,-0.0,0.0,-0.0,-0.34,-0.0,0.0,-364.04,219.33,-169.81,8.28,/home/djhuai/zuo/stf/new/STF/save_scenarios_1d/scenario_1_0003_wind_04.json,0,[],0,False,20260909T160734.097185Z,0,0,scenario_1_0003_wind_04
4.46,running,[],cb8589e01ccfd3392061a01637655bf10ffbc1851320c94a42af2a6ee3eeaa74,8319.3,0.0,94.77,-0.03,-0.04,-0.11,-2.43,0.45,4.46,-383.41,215.93,-170.27,8.01,/home/djhuai/zuo/stf/new/STF/save_scenarios_1d/scenario_1_0003_wind_05.json,0,[],0,False,20260909T160734.097185Z,0,0,scenario_1_0003_wind_05
1.77,running,[],d9f30737a31bf6dd83c2dfdb8eeb0e0ca73dd2c796cd141399c018900bd2d559,8335.3,0.0,77.13,-6.39,-1.11,-0.04,-0.29,-0.0,1.77,-366.04,218.98,-170.03,8.27,/home/djhuai/zuo/stf/new/STF/save_scenarios_1d/scenario_1_0003_wind_06.json,0,[],0,False,20260909T160734.097185Z,0,0,scenario_1_0003_wind_06
0.0,running,[],40c348d7095a6de994f639e19e3982f5eacca8196337a3821ae448f8e807cd50,8350.1,0.0,71.7,0.0,0.0,0.0,-0.34,-0.0,0.0,-360.69,219.94,-169.73,8.3,/home/djhuai/zuo/stf/new/STF/save_scenarios_1d/scenario_1_0003_wind_07.json,0,[],0,False,20260909T160734.097185Z,0,0,scenario_1_0003_wind_07
1.8,running,[],514ac34ae5356072af0c61e4c86425024abc9f21f51d0a5b0570d1925c54f404,8365.5,0.0,75.16,-5.68,-1.05,-0.03,-0.29,-0.0,1.8,-364.09,219.32,-169.87,8.28,/home/djhuai/zuo/stf/new/STF/save_scenarios_1d/scenario_1_0003_wind_08.json,0,[],0,False,20260909T160734.097185Z,0,0,scenario_1_0003_wind_08
0.0,running,[],e3a5f4c13628fa4376e6b9c515f0ad8c3d096349d54bb5ccfd9ed6c9fd461f8c,8382.9,0.0,74.24,-0.0,0.0,0.0,-0.34,0.0,0.0,-364.67,222.78,-170.34,8.28,/home/djhuai/zuo/stf/new/STF/save_scenarios_1d/scenario_1_0004_cloudy_01.json,0,[],0,False,20260909T160734.097185Z,0,0,scenario_1_0004_cloudy_01
8.07,running,[],222cdceb6b5f3dbb17383ef5562574c67fb6f8db240f51715ec3ca7def1f0ba6,8400.3,0.0,104.78,0.51,0.15,0.37,-2.61,0.42,8.07,-394.77,217.63,-171.21,7.58,/home/djhuai/zuo/stf/new/STF/save_scenarios_1d/scenario_1_0004_cloudy_02.json,0,[],0,False,20260909T160734.097185Z,0,0,scenario_1_0004_cloudy_02
0.0,running,[],4cb3c3a025498cfbca6b0468fbd7487aa9d974fff142ac65a889a091ffaa2bbc,8416.7,0.0,74.24,-0.0,0.0,-0.0,-0.34,0.0,0.0,-364.67,222.78,-170.34,8.28,/home/djhuai/zuo/stf/new/STF/save_scenarios_1d/scenario_1_0004_cloudy_03.json,0,[],0,False,20260909T160734.097185Z,0,0,scenario_1_0004_cloudy_03
7.89,running,[],f1a87c334c46a496151e1f62f31b02d30a34df728f230bf9dd30b6808503e8d1,8433.7,0.0,111.99,0.18,0.02,0.19,-0.9,0.61,7.89,-401.89,216.56,-171.52,7.34,/home/djhuai/zuo/stf/new/STF/save_scenarios_1d/scenario_1_0004_cloudy_04.json,0,[],0,False,20260909T160734.097185Z,0,0,scenario_1_0004_cloudy_04
0.0,running,[],47a170ace41acfd5575db5d34411c8c9677f160f87d09da30a881c8c330891d1,8450.6,0.0,74.24,0.0,-0.0,0.0,-0.34,0.0,0.0,-364.67,222.78,-170.34,8.28,/home/djhuai/zuo/stf/new/STF/save_scenarios_1d/scenario_1_0004_cloudy_05.json,0,[],0,False,20260909T160734.097185Z,0,0,scenario_1_0004_cloudy_05
8.07,running,[],4a3c15fad03ee90b66e78586ff5805fba8cee0c28a3ba31f2370fd3211f9f875,8466.8,0.0,111.97,-0.27,-0.04,0.25,-0.89,0.6,8.07,-401.88,216.56,-171.53,7.34,/home/djhuai/zuo/stf/new/STF/save_scenarios_1d/scenario_1_0004_cloudy_06.json,0,[],0,False,20260909T160734.097185Z,0,0,scenario_1_0004_cloudy_06
0.0,running,[],bb87c6ccb25c0ec22a67d80964e1ac81eeb8029994d89986032e1e013d42536c,8482.8,0.0,74.24,-0.0,-0.0,0.0,-0.34,0.0,0.0,-364.67,222.78,-170.34,8.28,/home/djhuai/zuo/stf/new/STF/save_scenarios_1d/scenario_1_0004_cloudy_07.json,0,[],0,False,20260909T160734.097185Z,0,0,scenario_1_0004_cloudy_07
8.08,running,[],e05df15c3c8d9473f4f21789583096bc7b439499a3abcb354f5f2faae838bf85,8498.6,0.0,108.73,-0.3,-0.08,0.16,-1.91,0.5,8.08,-398.68,217.04,-171.44,7.43,/home/djhuai/zuo/stf/new/STF/save_scenarios_1d/scenario_1_0004_cloudy_08.json,0,[],0,False,20260909T160734.097185Z,0,0,scenario_1_0004_cloudy_08
0.0,running,[],1a63aca0106b8f073c89eae4e88ab58c64bd1f6c10933a8ee3fab4ad02fa38df,8515.7,0.0,74.24,0.0,-0.0,-0.0,-0.34,0.0,0.0,-364.67,222.78,-170.34,8.28,/home/djhuai/zuo/stf/new/STF/save_scenarios_1d/scenario_1_0004_cold_fog_01.json,0,[],0,False,20260909T160734.097185Z,0,0,scenario_1_0004_cold_fog_01
0.0,running,[],a592e37139876c3f1bc91927c468782dc0da3049f29b50d7891b0bd1c6643aff,8533.5,0.0,74.24,0.0,0.0,0.0,-0.34,0.0,0.0,-364.67,222.78,-170.34,8.28,/home/djhuai/zuo/stf/new/STF/save_scenarios_1d/scenario_1_0004_cold_fog_02.json,0,[],0,False,20260909T160734.097185Z,0,0,scenario_1_0004_cold_fog_02
8.05,running,[],e42884c5e1f8d6a3bf63bf0c78ca162dc4252987eac3e7889ff404e092cbe0d2,8550.1,0.0,95.47,-0.61,0.55,-0.1,-2.53,0.65,8.05,-385.58,219.11,-170.36,7.97,/home/djhuai/zuo/stf/new/STF/save_scenarios_1d/scenario_1_0004_cold_fog_03.json,0,[],0,False,20260909T160734.097185Z,0,0,scenario_1_0004_cold_fog_03
0.0,running,[],486e481540fc8d47dd734abd26a42c2b2fb5b55b180b3c9d266940bfb760f9ef,8568.6,0.0,74.24,-0.0,-0.0,-0.0,-0.34,0.0,0.0,-364.67,222.78,-170.34,8.28,/home/djhuai/zuo/stf/new/STF/save_scenarios_1d/scenario_1_0004_cold_fog_04.json,0,[],0,False,20260909T160734.097185Z,0,0,scenario_1_0004_cold_fog_04
8.06,running,[],8cbcd0a9b12af05263957a087c765c6188dfcd7d54435250efd8e69b1da77a6d,8587.6,0.0,134.54,-0.53,0.08,-0.37,1.22,0.38,8.06,-424.23,213.44,-172.64,7.64,/home/djhuai/zuo/stf/new/STF/save_scenarios_1d/scenario_1_0004_cold_fog_05.json,0,[],0,False,20260909T160734.097185Z,0,0,scenario_1_0004_cold_fog_05
0.98,running,[],7edc626b2a494234bc0641e7b40e1d1129875bdbbaa12b0b5b26e3a8786acff0,8607.0,0.0,74.35,-4.72,-0.81,-0.03,-0.31,0.0,0.98,-364.77,222.77,-170.36,8.28,/home/djhuai/zuo/stf/new/STF/save_scenarios_1d/scenario_1_0004_cold_fog_06.json,0,[],0,False,20260909T160734.097185Z,0,0,scenario_1_0004_cold_fog_06
0.0,running,[],d3b1fa4c2174b23d54d0d0dccf6421a9f35e7a7de2759e7a3f1b895672d3db02,8625.6,0.0,74.24,-0.0,-0.0,0.0,-0.34,0.0,0.0,-364.67,222.78,-170.34,8.28,/home/djhuai/zuo/stf/new/STF/save_scenarios_1d/scenario_1_0004_cold_fog_07.json,0,[],0,False,20260909T160734.097185Z,0,0,scenario_1_0004_cold_fog_07
5.39,running,[],c5d1378ebef4d94637384f678069ace9b0baebc531cf140f518f866ee9d090be,8643.1,0.0,103.93,-0.63,-0.1,-0.14,-2.44,0.44,5.39,-393.93,217.77,-171.15,7.62,/home/djhuai/zuo/stf/new/STF/save_scenarios_1d/scenario_1_0004_cold_fog_08.json,0,[],0,False,20260909T160734.097185Z,0,0,scenario_1_0004_cold_fog_08
0.0,running,[],d56f18b92faf0239a176eba76e22302749b867658c6afebd035e334b285a57e1,8657.1,0.0,74.24,-0.0,0.0,-0.0,-0.34,0.0,0.0,-364.67,222.78,-170.34,8.28,/home/djhuai/zuo/stf/new/STF/save_scenarios_1d/scenario_1_0004_dawn_01.json,0,[],0,False,20260909T160734.097185Z,0,0,scenario_1_0004_dawn_01
8.09,running,[],f1c24ab2c05ddeb023fda47f0a149e7d396e4a4eaf3cb6efc2ea68e3bd15deb2,8672.9,0.0,108.04,-0.32,0.1,0.92,-2.01,0.47,8.09,-398.5,220.61,-171.42,7.48,/home/djhuai/zuo/stf/new/STF/save_scenarios_1d/scenario_1_0004_dawn_02.json,0,[],0,False,20260909T160734.097185Z,0,0,scenario_1_0004_dawn_02
0.0,running,[],56543a2053d0e85aefed73d9381e816b53020e9a021d5dbc11e20d687059dfe8,8689.7,0.0,74.24,0.0,-0.0,0.0,-0.34,0.0,0.0,-364.67,222.78,-170.34,8.28,/home/djhuai/zuo/stf/new/STF/save_scenarios_1d/scenario_1_0004_dawn_03.json,0,[],0,False,20260909T160734.097185Z,0,0,scenario_1_0004_dawn_03
8.08,running,[],fdb5fe99c631fe8dbb7cfcd74e7434ef17f325fd483d0bfac60ed0d3c6baa87e,8705.8,0.0,111.16,-0.19,-0.01,0.45,-1.11,0.57,8.08,-401.08,216.68,-171.51,7.36,/home/djhuai/zuo/stf/new/STF/save_scenarios_1d/scenario_1_0004_dawn_04.json,0,[],0,False,20260909T160734.097185Z,0,0,scenario_1_0004_dawn_04
0.0,running,[],a4f1b73dcc52b7ceb013ddf6409a3794269d52639f65ab51ee2325a20f11d384,8721.5,0.0,74.24,0.0,-0.0,-0.0,-0.34,0.0,0.0,-364.67,222.78,-170.34,8.28,/home/djhuai/zuo/stf/new/STF/save_scenarios_1d/scenario_1_0004_dawn_05.json,0,[],0,False,20260909T160734.097185Z,0,0,scenario_1_0004_dawn_05
8.07,running,[],6f7e00177aac62628e4032cae0389079ff3df1f52f63ecac49d36a2cd43630ab,8737.5,0.0,109.95,0.3,0.04,-0.41,-1.6,0.57,8.07,-399.88,216.86,-171.47,7.39,/home/djhuai/zuo/stf/new/STF/save_scenarios_1d/scenario_1_0004_dawn_06.json,0,[],0,False,20260909T160734.097185Z,0,0,scenario_1_0004_dawn_06
0.0,running,[],152488812301de4123be593b71c9d494fc9e70ea0f1e885e8fec42139b47d198,8752.8,0.0,74.24,-0.0,0.0,-0.0,-0.34,0.0,0.0,-364.67,222.78,-170.34,8.28,/home/djhuai/zuo/stf/new/STF/save_scenarios_1d/scenario_1_0004_dawn_07.json,0,[],0,False,20260909T160734.097185Z,0,0,scenario_1_0004_dawn_07
8.06,running,[],945ee41dd26491935f6dc06b97677823dfcff15457c1382f846abdf14bc8cdd6,8768.7,0.0,109.14,0.37,0.12,0.61,-1.87,0.44,8.06,-399.08,216.98,-171.45,7.41,/home/djhuai/zuo/stf/new/STF/save_scenarios_1d/scenario_1_0004_dawn_08.json,0,[],0,False,20260909T160734.097185Z,0,0,scenario_1_0004_dawn_08
0.0,running,[],ad6a6704725fb1db43cfe0f066e288d3fadcbe169f813f93d548757810a8b80e,8784.5,0.0,74.24,-0.0,0.0,-0.0,-0.34,0.0,0.0,-364.67,222.78,-170.34,8.28,/home/djhuai/zuo/stf/new/STF/save_scenarios_1d/scenario_1_0004_dusk_01.json,0,[],0,False,20260909T160734.097185Z,0,0,scenario_1_0004_dusk_01
8.06,running,[],c1892b45776c40a2332bf8ec5b9178703621a486a9b02af94f6048acd5cab60b,8801.1,0.0,114.78,-0.05,0.02,-0.1,-0.02,0.72,8.06,-405.17,219.61,-171.58,7.36,/home/djhuai/zuo/stf/new/STF/save_scenarios_1d/scenario_1_0004_dusk_02.json,0,[],0,False,20260909T160734.097185Z,0,0,scenario_1_0004_dusk_02
0.0,running,[],6ace7168aa8ed132c84f5e8f27b4d8973788bead6b0d47ea7c6128d24d4e7985,8816.9,0.0,74.24,0.0,-0.0,-0.0,-0.34,0.0,0.0,-364.67,222.78,-170.34,8.28,/home/djhuai/zuo/stf/new/STF/save_scenarios_1d/scenario_1_0004_dusk_03.json,0,[],0,False,20260909T160734.097185Z,0,0,scenario_1_0004_dusk_03
8.07,running,[],38d77a1ac9cb4a5ab64a8cc2ab98a2083a436f083d3845132302887c2eefc16c,8833.5,0.0,115.2,-0.22,-0.03,0.9,-0.18,0.81,8.07,-405.07,216.08,-171.58,7.31,/home/djhuai/zuo/stf/new/STF/save_scenarios_1d/scenario_1_0004_dusk_04.json,0,[],0,False,20260909T160734.097185Z,0,0,scenario_1_0004_dusk_04
4.68,running,[],7347eda733f29a3b1895c5c7eb9f02864db0406e82ae2e57b2bd6b4ccb5f22ce,8850.0,0.0,80.19,-0.02,0.12,-0.0,-0.35,-0.0,4.68,-370.53,221.75,-169.95,8.24,/home/djhuai/zuo/stf/new/STF/save_scenarios_1d/scenario_1_0004_dusk_05.json,0,[],0,False,20260909T160734.097185Z,0,0,scenario_1_0004_dusk_05
0.0,running,[],5d032a559550206b787395d3be2e1319fa866f1c9d4c3288969ae5020383da28,8866.3,0.0,74.24,0.0,-0.0,0.0,-0.34,0.0,0.0,-364.67,222.78,-170.34,8.28,/home/djhuai/zuo/stf/new/STF/save_scenarios_1d/scenario_1_0004_dusk_06.json,0,[],0,False,20260909T160734.097185Z,0,0,scenario_1_0004_dusk_06
8.08,running,[],192322b0455e043d973da6159c05646e461580651b99dec53f56778a668a6fc8,8883.8,0.0,107.2,0.13,0.1,-0.56,-2.25,0.56,8.08,-397.16,217.27,-171.38,7.48,/home/djhuai/zuo/stf/new/STF/save_scenarios_1d/scenario_1_0004_dusk_07.json,0,[],0,False,20260909T160734.097185Z,0,0,scenario_1_0004_dusk_07
0.0,running,[],bca2b487cfe91eb52dcf66d2169efe53fb820744be465ed66742c164ca05f9cb,8900.0,0.0,74.24,0.0,-0.0,-0.0,-0.34,0.0,0.0,-364.67,222.78,-170.34,8.28,/home/djhuai/zuo/stf/new/STF/save_scenarios_1d/scenario_1_0004_dusk_08.json,0,[],0,False,20260909T160734.097185Z,0,0,scenario_1_0004_dusk_08
8.08,running,[],bf8382e9011c9d72564ba02acfbc986838810c07b032683ba451f7b37d03b2b6,8917.3,0.0,120.85,-0.44,0.02,-0.54,0.61,1.05,8.08,-410.66,215.27,-171.94,7.35,/home/djhuai/zuo/stf/new/STF/save_scenarios_1d/scenario_1_0004_fog_01.json,0,[],0,False,20260909T160734.097185Z,0,0,scenario_1_0004_fog_01
0.0,running,[],6539251b011bf7b391c1c01976ce9e0cdce7bc800b3e86a013fb5e42121abedc,8933.8,0.0,74.24,-0.0,-0.0,-0.0,-0.34,0.0,0.0,-364.67,222.78,-170.34,8.28,/home/djhuai/zuo/stf/new/STF/save_scenarios_1d/scenario_1_0004_fog_02.json,0,[],0,False,20260909T160734.097185Z,0,0,scenario_1_0004_fog_02
8.06,running,[],293f3ca2f8d8d3398ae7b26013b784952e574d2e0faba2fb9efa77fefa9beeb1,8952.5,0.0,132.13,-0.37,0.1,-0.16,1.86,0.83,8.06,-421.84,213.75,-172.54,7.57,/home/djhuai/zuo/stf/new/STF/save_scenarios_1d/scenario_1_0004_fog_03.json,0,[],0,False,20260909T160734.097185Z,0,0,scenario_1_0004_fog_03
8.38,running,[],2ae946f0507e681f858a6dc3c472eaa9331df0f11ae419382b80ce8df9157b6e,8971.9,0.0,87.02,1.11,0.12,0.34,0.74,0.32,8.38,-377.25,220.56,-170.01,8.25,/home/djhuai/zuo/stf/new/STF/save_scenarios_1d/scenario_1_0004_fog_04.json,0,[],0,False,20260909T160734.097185Z,0,0,scenario_1_0004_fog_04
0.0,running,[],6d750c7b2e157eb1f2da9ad7d47f6f68ec91461bc7ff39e477273ddc56061661,8990.6,0.0,74.24,0.0,-0.0,-0.0,-0.34,0.0,0.0,-364.67,222.78,-170.34,8.28,/home/djhuai/zuo/stf/new/STF/save_scenarios_1d/scenario_1_0004_fog_05.json,0,[],0,False,20260909T160734.097185Z,0,0,scenario_1_0004_fog_05
8.06,running,[],c677dd8d88c1a771ddcff4d1169bb68eb950ca366161442f013e420cd79803f5,9009.7,0.0,135.34,-0.35,0.22,-0.02,1.09,0.16,8.06,-425.03,213.33,-172.66,7.66,/home/djhuai/zuo/stf/new/STF/save_scenarios_1d/scenario_1_0004_fog_06.json,0,[],0,False,20260909T160734.097185Z,0,0,scenario_1_0004_fog_06
0.0,running,[],059543e3619a38ce1ac6399ad1df69732bf4fa3565d253abc97ad31bfe5a1844,9028.1,0.0,74.24,0.0,-0.0,-0.0,-0.34,0.0,0.0,-364.67,222.78,-170.34,8.28,/home/djhuai/zuo/stf/new/STF/save_scenarios_1d/scenario_1_0004_fog_07.json,0,[],0,False,20260909T160734.097185Z,0,0,scenario_1_0004_fog_07
8.05,running,[],67c0ddfc8d1e960d8a69bb4408ea113374cafb3edc4063d592fbc95cad373b8a,9046.8,0.0,131.7,0.0,0.08,0.04,0.99,-0.01,8.05,-421.93,217.27,-172.57,7.59,/home/djhuai/zuo/stf/new/STF/save_scenarios_1d/scenario_1_0004_fog_08.json,0,[],0,False,20260909T160734.097185Z,0,0,scenario_1_0004_fog_08
4.8,running,[],20766f3b5cb4d013423dea616d3e43e35cae902b6cb729c43e7f9ab69e8b3b43,9061.5,0.0,80.72,-2.5,-0.49,0.01,-0.34,0.0,4.8,-371.55,225.11,-170.09,8.24,/home/djhuai/zuo/stf/new/STF/save_scenarios_1d/scenario_1_0004_heavy_rain_01.json,0,[],0,False,20260909T160734.097185Z,0,0,scenario_1_0004_heavy_rain_01
0.0,running,[],a3a2b6a1414a9c907a48bd8fd09f4caefe7d9132df9688e123376df17a6ddc9c,9079.2,0.0,74.24,-0.0,0.0,-0.0,-0.34,0.0,0.0,-364.67,222.78,-170.34,8.28,/home/djhuai/zuo/stf/new/STF/save_scenarios_1d/scenario_1_0004_heavy_rain_02.json,0,[],0,False,20260909T160734.097185Z,0,0,scenario_1_0004_heavy_rain_02
8.08,running,[],36484b502c93ba3aa9c5aa80f96c5cede64ca340d7b06a1bd5fc13da32a1c970,9095.1,0.0,109.54,-0.49,-0.18,-0.28,-1.76,0.57,8.08,-399.48,216.92,-171.46,7.4,/home/djhuai/zuo/stf/new/STF/save_scenarios_1d/scenario_1_0004_heavy_rain_03.json,0,[],0,False,20260909T160734.097185Z,0,0,scenario_1_0004_heavy_rain_03
0.0,running,[],d002d0f2ce94aa7f7e54b35906afab475733ce1945b59b020e1022f5b79c8716,9111.0,0.0,69.27,0.0,-0.0,0.0,-0.34,-0.0,0.0,-359.77,223.66,-169.5,8.31,/home/djhuai/zuo/stf/new/STF/save_scenarios_1d/scenario_1_0004_heavy_rain_04.json,0,[],0,False,20260909T160734.097185Z,0,0,scenario_1_0004_heavy_rain_04
8.18,running,[],29895b3e5432235eb5edce40002772ccf1c866724ad92339f3ff6f2a18588038,9127.6,0.0,112.62,-2.75,-0.34,0.44,-0.72,0.65,8.18,-402.52,216.46,-171.54,7.33,/home/djhuai/zuo/stf/new/STF/save_scenarios_1d/scenario_1_0004_heavy_rain_05.json,0,[],0,False,20260909T160734.097185Z,0,0,scenario_1_0004_heavy_rain_05
0.0,running,[],eada4585cfebab5c96b940ffa25ca5f62999e404f8d909f77fa58146ab6c8970,9144.6,0.0,74.24,-0.0,0.0,0.0,-0.34,0.0,0.0,-364.67,222.78,-170.34,8.28,/home/djhuai/zuo/stf/new/STF/save_scenarios_1d/scenario_1_0004_heavy_rain_06.json,0,[],0,False,20260909T160734.097185Z,0,0,scenario_1_0004_heavy_rain_06
8.05,running,[],c969688bb9fa43efabf737341a3f06c42158bb6289dc6deea48adc279d4c9ab6,9163.9,0.0,137.36,0.35,0.01,-0.03,1.0,-0.03,8.05,-427.02,213.08,-172.73,7.69,/home/djhuai/zuo/stf/new/STF/save_scenarios_1d/scenario_1_0004_heavy_rain_07.json,0,[],0,False,20260909T160734.097185Z,0,0,scenario_1_0004_heavy_rain_07
4.87,running,[],40d93852f9f24ffb70b1a8049db6a94d837ef0fa3dd64e83d50291125f255b9e,9182.3,0.0,80.67,-2.67,-0.46,-0.02,-0.34,-0.0,4.87,-371.0,221.67,-169.96,8.24,/home/djhuai/zuo/stf/new/STF/save_scenarios_1d/scenario_1_0004_heavy_rain_08.json,0,[],0,False,20260909T160734.097185Z,0,0,scenario_1_0004_heavy_rain_08
0.0,running,[],ed8b208a20b63e012a3cd4d21b10c2395db0b0b3de1ab82ead111e1022876616,9198.3,0.0,74.24,-0.0,-0.0,0.0,-0.34,0.0,0.0,-364.67,222.78,-170.34,8.28,/home/djhuai/zuo/stf/new/STF/save_scenarios_1d/scenario_1_0004_light_rain_01.json,0,[],0,False,20260909T160734.097185Z,0,0,scenario_1_0004_light_rain_01
7.91,running,[],af56ef43fa6cc4cacc43dac3559a569863fa6eae8c0eed3ad1aed762b914967c,9213.3,0.0,85.37,-4.93,-0.92,-0.21,0.99,0.01,7.91,-376.14,224.31,-170.09,8.24,/home/djhuai/zuo/stf/new/STF/save_scenarios_1d/scenario_1_0004_light_rain_02.json,0,[],0,False,20260909T160734.097185Z,0,0,scenario_1_0004_light_rain_02
0.0,running,[],1e0dfc99ee481b91a5e587ed5b59d8a5a71ffcad1f2fdc47183c0149c0bad60c,9229.2,0.0,74.24,0.0,0.0,-0.0,-0.34,0.0,0.0,-364.67,222.78,-170.34,8.28,/home/djhuai/zuo/stf/new/STF/save_scenarios_1d/scenario_1_0004_light_rain_03.json,0,[],0,False,20260909T160734.097185Z,0,0,scenario_1_0004_light_rain_03
8.1,running,[],28228aeafdaa001a4e2feb79c7db05c1b06f2b722539322d35603a4fc0a96367,9245.8,0.0,104.37,-0.27,-0.01,-0.09,-2.56,0.44,8.1,-394.36,217.7,-171.19,7.6,/home/djhuai/zuo/stf/new/STF/save_scenarios_1d/scenario_1_0004_light_rain_04.json,0,[],0,False,20260909T160734.097185Z,0,0,scenario_1_0004_light_rain_04
0.0,running,[],dd739aba1687e16ebcccdbfc0ff4bb9cbd3b0c464ab83fb994f13326a4501bd3,9262.0,0.0,74.24,0.0,-0.0,0.0,-0.34,0.0,0.0,-364.67,222.78,-170.34,8.28,/home/djhuai/zuo/stf/new/STF/save_scenarios_1d/scenario_1_0004_light_rain_05.json,0,[],0,False,20260909T160734.097185Z,0,0,scenario_1_0004_light_rain_05
8.08,running,[],6ad136ce0ebb09c30129361e01ab959cdc9adb267c8c2a7c7f3bf9bb6a45ca54,9279.3,0.0,120.85,-0.44,0.02,-0.54,0.61,1.05,8.08,-410.66,215.27,-171.94,7.35,/home/djhuai/zuo/stf/new/STF/save_scenarios_1d/scenario_1_0004_light_rain_06.json,0,[],0,False,20260909T160734.097185Z,0,0,scenario_1_0004_light_rain_06
0.0,running,[],591b16259b5757d22065b15787a36419ac61f104e3d2c7537efb7ae18ee2f860,9295.3,0.0,74.24,-0.0,-0.0,0.0,-0.34,0.0,0.0,-364.67,222.78,-170.34,8.28,/home/djhuai/zuo/stf/new/STF/save_scenarios_1d/scenario_1_0004_light_rain_07.json,0,[],0,False,20260909T160734.097185Z,0,0,scenario_1_0004_light_rain_07
8.08,running,[],f82a18f8ad627d521efd600a91a1602d93b8b2c461932a7e4f13af8a233c7508,9310.5,0.0,104.29,0.38,0.09,-0.05,-2.54,0.44,8.08,-394.28,217.71,-171.19,7.6,/home/djhuai/zuo/stf/new/STF/save_scenarios_1d/scenario_1_0004_light_rain_08.json,0,[],0,False,20260909T160734.097185Z,0,0,scenario_1_0004_light_rain_08
0.0,running,[],1a88f8aa59f5648e2c02037b742f007a71020449cbbb73a25540ab7534025c3d,9329.8,0.0,74.36,0.0,-0.0,-0.0,-0.34,0.0,0.0,-365.3,226.2,-170.13,8.28,/home/djhuai/zuo/stf/new/STF/save_scenarios_1d/scenario_1_0004_night_01.json,0,[],0,False,20260909T160734.097185Z,0,0,scenario_1_0004_night_01
8.04,running,[],33578fd33c9e9cea892115f6e24ad8a391d96a49448216acf0a2e667ef95ce03,9349.2,0.0,138.16,0.35,0.02,0.03,1.01,-0.02,8.04,-427.82,212.97,-172.74,7.71,/home/djhuai/zuo/stf/new/STF/save_scenarios_1d/scenario_1_0004_night_02.json,0,[],0,False,20260909T160734.097185Z,0,0,scenario_1_0004_night_02
8.06,running,[],5396303fe8d38bbfa2368d1bac07fe79cd3634afc5883c1eb77ddb775557c2a6,9368.4,0.0,118.68,0.12,0.13,0.43,0.58,0.88,8.06,-409.03,219.04,-171.8,7.38,/home/djhuai/zuo/stf/new/STF/save_scenarios_1d/scenario_1_0004_night_03.json,0,[],0,False,20260909T160734.097185Z,0,0,scenario_1_0004_night_03
0.0,running,[],e8a80f6c5f69c2de78fc04b5ae3498dd1acf60c66d0bdef9b0d3ecfb1568de7d,9386.0,0.0,74.24,-0.0,-0.0,-0.0,-0.34,0.0,0.0,-364.67,222.78,-170.34,8.28,/home/djhuai/zuo/stf/new/STF/save_scenarios_1d/scenario_1_0004_night_04.json,0,[],0,False,20260909T160734.097185Z,0,0,scenario_1_0004_night_04
8.04,running,[],43071b2e9d95f808f1006afad47f1fbece5ae53324729c7f715ec8668fe5f4c7,9405.1,0.0,135.75,0.37,0.13,0.03,1.03,0.05,8.04,-425.42,213.28,-172.68,7.67,/home/djhuai/zuo/stf/new/STF/save_scenarios_1d/scenario_1_0004_night_05.json,0,[],0,False,20260909T160734.097185Z,0,0,scenario_1_0004_night_05
4.64,running,[],65e1c2dea1b26b0beba953b6069216fe0dd953c4fa6f5ba9c88a57850a0ff4b2,9423.7,0.0,79.82,0.17,0.03,0.0,-0.35,-0.0,4.64,-370.68,225.26,-170.1,8.25,/home/djhuai/zuo/stf/new/STF/save_scenarios_1d/scenario_1_0004_night_06.json,0,[],0,False,20260909T160734.097185Z,0,0,scenario_1_0004_night_06
0.0,running,[],4c4e9ef180ee467d7b798ebe4f075a6a429b372d9682a834b9140b98134fd17c,9441.7,0.0,74.24,0.0,0.0,-0.0,-0.34,0.0,0.0,-364.67,222.78,-170.34,8.28,/home/djhuai/zuo/stf/new/STF/save_scenarios_1d/scenario_1_0004_night_07.json,0,[],0,False,20260909T160734.097185Z,0,0,scenario_1_0004_night_07
8.06,running,[],f279275198c4be0927b002ea3214dfe7bfa5748adc0ad29e241a761981d6abbd,9459.1,0.0,119.12,-0.27,-0.02,0.19,0.51,0.86,8.06,-408.95,215.52,-171.82,7.33,/home/djhuai/zuo/stf/new/STF/save_scenarios_1d/scenario_1_0004_night_08.json,0,[],0,False,20260909T160734.097185Z,0,0,scenario_1_0004_night_08
0.0,running,[],54463d2a39ed08209e3b35287264c5059fd4a9a9e810d7fc80ba295d8fc7476e,9475.7,0.0,74.24,0.0,0.0,0.0,-0.34,0.0,0.0,-364.67,222.78,-170.34,8.28,/home/djhuai/zuo/stf/new/STF/save_scenarios_1d/scenario_1_0004_overcast_01.json,0,[],0,False,20260909T160734.097185Z,0,0,scenario_1_0004_overcast_01
8.07,running,[],2c23a29990f8590ccdb4e65ca6db959735bb6b520711c0329e0c74d9f8019919,9493.4,0.0,119.7,-0.32,-0.01,0.05,0.61,0.86,8.07,-410.04,218.9,-171.83,7.39,/home/djhuai/zuo/stf/new/STF/save_scenarios_1d/scenario_1_0004_overcast_02.json,0,[],0,False,20260909T160734.097185Z,0,0,scenario_1_0004_overcast_02
0.0,running,[],4503a652ec9d83ebef5ab4d347a0a562b57783c822d3e51b5fac7473cca24d20,9510.8,0.0,74.24,-0.0,0.0,0.0,-0.34,0.0,0.0,-364.67,222.78,-170.34,8.28,/home/djhuai/zuo/stf/new/STF/save_scenarios_1d/scenario_1_0004_overcast_03.json,0,[],0,False,20260909T160734.097185Z,0,0,scenario_1_0004_overcast_03
8.06,running,[],74dcca5026e77279c56b1294d6fc01b70dce15aa9b05d272812385bcc7f9bda9,9527.6,0.0,117.22,0.19,0.09,-0.13,0.4,0.81,8.06,-407.07,215.79,-171.73,7.32,/home/djhuai/zuo/stf/new/STF/save_scenarios_1d/scenario_1_0004_overcast_04.json,0,[],0,False,20260909T160734.097185Z,0,0,scenario_1_0004_overcast_04
4.52,running,[],13d669ad1665692bf1c18d54217d4b301d94b67084a49215e58a39b2c867f698,9543.8,0.0,76.0,-5.53,-0.98,-0.03,-0.27,-0.0,4.52,-366.4,222.48,-170.14,8.27,/home/djhuai/zuo/stf/new/STF/save_scenarios_1d/scenario_1_0004_overcast_05.json,0,[],0,False,20260909T160734.097185Z,0,0,scenario_1_0004_overcast_05
0.0,running,[],8b62a352c5818c904b0573a98743c535a36a7a2cc87d216865485056215023f2,9559.8,0.0,74.36,-0.0,-0.0,-0.0,-0.34,0.0,0.0,-365.3,226.2,-170.13,8.28,/home/djhuai/zuo/stf/new/STF/save_scenarios_1d/scenario_1_0004_overcast_06.json,0,[],0,False,20260909T160734.097185Z,0,0,scenario_1_0004_overcast_06
5.28,running,[],7be60743835e0af82e8566dd6ca21340ee70dffab7fd44b68ae51e26cd545c8e,9575.0,0.0,81.17,-4.42,-0.83,-0.12,-0.32,-0.0,5.28,-371.49,221.58,-169.97,8.24,/home/djhuai/zuo/stf/new/STF/save_scenarios_1d/scenario_1_0004_overcast_07.json,0,[],0,False,20260909T160734.097185Z,0,0,scenario_1_0004_overcast_07
0.0,running,[],a16e3c4e0e7838b36c8b2a9d8bbc9252bc6b7d8ab3709c5508495848dfa09e6b,9591.3,0.0,74.36,-0.0,-0.0,-0.0,-0.34,0.0,0.0,-365.3,226.2,-170.13,8.28,/home/djhuai/zuo/stf/new/STF/save_scenarios_1d/scenario_1_0004_overcast_08.json,0,[],0,False,20260909T160734.097185Z,0,0,scenario_1_0004_overcast_08
8.04,running,[],62eb0cdd91240687ec340f475b6d15a65229485af983b3d6e68db6b685b0a2b8,9607.2,0.0,95.88,0.11,0.33,0.21,-2.55,0.57,8.04,-385.98,219.05,-170.42,7.96,/home/djhuai/zuo/stf/new/STF/save_scenarios_1d/scenario_1_0004_rainy_dusk_01.json,0,[],0,False,20260909T160734.097185Z,0,0,scenario_1_0004_rainy_dusk_01
0.0,running,[],6f58e787e2674473365276b7ae0e86f1e7dffd7034d11fbf4085d627f92728d6,9622.9,0.0,74.24,-0.0,0.0,0.0,-0.34,0.0,0.0,-364.67,222.78,-170.34,8.28,/home/djhuai/zuo/stf/new/STF/save_scenarios_1d/scenario_1_0004_rainy_dusk_02.json,0,[],0,False,20260909T160734.097185Z,0,0,scenario_1_0004_rainy_dusk_02
8.08,running,[],c302a542115688533cd1801fb2a5ca1c32889689f50f9bb8b1e4cffca340d526,9639.4,0.0,114.4,-0.27,-0.07,-0.13,-0.29,0.8,8.08,-404.28,216.2,-171.57,7.32,/home/djhuai/zuo/stf/new/STF/save_scenarios_1d/scenario_1_0004_rainy_dusk_03.json,0,[],0,False,20260909T160734.097185Z,0,0,scenario_1_0004_rainy_dusk_03
0.0,running,[],effcae4dd3fa9ce8915071542e0e7c73c9057af42e779e74cf7a5a4a675879ca,9656.4,0.0,74.24,-0.0,0.0,0.0,-0.34,0.0,0.0,-364.67,222.78,-170.34,8.28,/home/djhuai/zuo/stf/new/STF/save_scenarios_1d/scenario_1_0004_rainy_dusk_04.json,0,[],0,False,20260909T160734.097185Z,0,0,scenario_1_0004_rainy_dusk_04
8.06,running,[],82172c06c074b81cb542435b92d58beb01efa042ae2fe889802175beba860119,9672.6,0.0,111.57,0.45,0.06,0.3,-1.06,0.58,8.06,-401.48,216.62,-171.52,7.35,/home/djhuai/zuo/stf/new/STF/save_scenarios_1d/scenario_1_0004_rainy_dusk_05.json,0,[],0,False,20260909T160734.097185Z,0,0,scenario_1_0004_rainy_dusk_05
0.0,running,[],5babc746f0a1832d79dfbb163879e59e3e9896a53b6a32faac527888c67ddb70,9689.2,0.0,74.24,0.0,0.0,0.0,-0.34,0.0,0.0,-364.67,222.78,-170.34,8.28,/home/djhuai/zuo/stf/new/STF/save_scenarios_1d/scenario_1_0004_rainy_dusk_06.json,0,[],0,False,20260909T160734.097185Z,0,0,scenario_1_0004_rainy_dusk_06
8.04,running,[],75645d5fde88861870396d374f3242ebfbc245457db72dbbe0bc1214f6ed7c78,9708.2,0.0,134.14,0.45,-0.02,-0.24,1.31,0.46,8.04,-423.83,213.49,-172.63,7.63,/home/djhuai/zuo/stf/new/STF/save_scenarios_1d/scenario_1_0004_rainy_dusk_07.json,0,[],0,False,20260909T160734.097185Z,0,0,scenario_1_0004_rainy_dusk_07
8.38,running,[],f1ab81ad907f18ed47b6d2b4366d90ad7fe263e1e2efad26c327a53fedbf9584,9726.9,0.0,87.0,1.13,0.12,0.39,0.75,0.31,8.38,-377.23,220.56,-170.01,8.25,/home/djhuai/zuo/stf/new/STF/save_scenarios_1d/scenario_1_0004_rainy_dusk_08.json,0,[],0,False,20260909T160734.097185Z,0,0,scenario_1_0004_rainy_dusk_08
0.0,running,[],c2ad67a55d257321fa239613b6644d1f595872e7c274058240356c194d0070c7,9743.0,0.0,74.36,0.0,0.0,-0.0,-0.34,0.0,0.0,-365.3,226.2,-170.13,8.28,/home/djhuai/zuo/stf/new/STF/save_scenarios_1d/scenario_1_0004_sandstorm_01.json,0,[],0,False,20260909T160734.097185Z,0,0,scenario_1_0004_sandstorm_01
8.04,running,[],24a9a5828cd01610a29f77204d195d8299d6a4bee2a951ba56f66568e287680c,9762.2,0.0,128.44,-0.08,0.02,-0.04,1.61,1.14,8.04,-418.18,214.24,-172.4,7.46,/home/djhuai/zuo/stf/new/STF/save_scenarios_1d/scenario_1_0004_sandstorm_02.json,0,[],0,False,20260909T160734.097185Z,0,0,scenario_1_0004_sandstorm_02
0.0,running,[],757894091a353763f72a751ca932859829682aee9362f375e2d25e5b273ca121,9780.5,0.0,74.24,-0.0,0.0,0.0,-0.34,0.0,0.0,-364.67,222.78,-170.34,8.28,/home/djhuai/zuo/stf/new/STF/save_scenarios_1d/scenario_1_0004_sandstorm_03.json,0,[],0,False,20260909T160734.097185Z,0,0,scenario_1_0004_sandstorm_03
8.04,running,[],5bea6f5b7e2743839d3629276e5c831b9e2d6ca078c46bd1dac3f6ca16a13ac8,9798.9,0.0,129.31,0.23,0.06,-0.1,1.96,1.14,8.04,-419.05,214.12,-172.45,7.48,/home/djhuai/zuo/stf/new/STF/save_scenarios_1d/scenario_1_0004_sandstorm_04.json,0,[],0,False,20260909T160734.097185Z,0,0,scenario_1_0004_sandstorm_04
7.89,running,[],6a4536b562bbc1aa59cafd501a8b85528024b5472e1115eabb4867e1e2350d50,9817.9,0.0,90.22,0.13,0.25,-1.0,-2.56,0.55,7.89,-380.41,220.01,-170.1,8.21,/home/djhuai/zuo/stf/new/STF/save_scenarios_1d/scenario_1_0004_sandstorm_05.json,0,[],0,False,20260909T160734.097185Z,0,0,scenario_1_0004_sandstorm_05
0.0,running,[],6ac8fa7fc04b8e398749cbc5e0603cbd244f9f05e730785746852884af4e08d1,9836.1,0.0,74.24,-0.0,0.0,0.0,-0.34,0.0,0.0,-364.67,222.78,-170.34,8.28,/home/djhuai/zuo/stf/new/STF/save_scenarios_1d/scenario_1_0004_sandstorm_06.json,0,[],0,False,20260909T160734.097185Z,0,0,scenario_1_0004_sandstorm_06
8.06,running,[],619ea57a9e371218935a460b7765c18a0d217360e2b242e0968403a3b4b62313,9855.2,0.0,133.48,-0.37,-0.11,-0.54,1.54,0.45,8.06,-423.18,213.57,-172.6,7.61,/home/djhuai/zuo/stf/new/STF/save_scenarios_1d/scenario_1_0004_sandstorm_07.json,0,[],0,False,20260909T160734.097185Z,0,0,scenario_1_0004_sandstorm_07
0.0,running,[],3865180d678df1cdb6cce526396f81e784a88f2df8ff4f441799b5354bad96e8,9873.9,0.0,74.24,0.0,0.0,0.0,-0.34,0.0,0.0,-364.67,222.78,-170.34,8.28,/home/djhuai/zuo/stf/new/STF/save_scenarios_1d/scenario_1_0004_sandstorm_08.json,0,[],0,False,20260909T160734.097185Z,0,0,scenario_1_0004_sandstorm_08
8.08,running,[],24cdfae16838b87da0d87ea81f70f22f50ad628adf5f90bfc2abd9ae751cca67,9890.3,0.0,113.59,-0.31,-0.0,0.51,-0.46,0.67,8.08,-403.48,216.32,-171.56,7.32,/home/djhuai/zuo/stf/new/STF/save_scenarios_1d/scenario_1_0004_snowy_heavy_01.json,0,[],0,False,20260909T160734.097185Z,0,0,scenario_1_0004_snowy_heavy_01
7.9,running,[],94d8a6e424f4d67065ad1b1e79bf4cea68521fcf46cc9683010d60a3ca305227,9908.4,0.0,89.43,1.4,0.24,0.23,-1.79,0.51,7.9,-379.62,220.14,-170.06,8.22,/home/djhuai/zuo/stf/new/STF/save_scenarios_1d/scenario_1_0004_snowy_heavy_02.json,0,[],0,False,20260909T160734.097185Z,0,0,scenario_1_0004_snowy_heavy_02
0.0,running,[],fe19b6f3d73c5764bf647ffd16af32d42cb2d4daeab01c865465025e47de92d3,9927.1,0.0,74.24,0.0,0.0,0.0,-0.34,0.0,0.0,-364.67,222.78,-170.34,8.28,/home/djhuai/zuo/stf/new/STF/save_scenarios_1d/scenario_1_0004_snowy_heavy_03.json,0,[],0,False,20260909T160734.097185Z,0,0,scenario_1_0004_snowy_heavy_03
8.04,running,[],bbf75b83857eb4b8eea5c66025eecdbbef6e4aef24fea06a93e1cf11b60b667e,9945.2,0.0,127.3,-0.25,0.02,0.78,1.14,1.16,8.04,-417.05,214.39,-172.39,7.43,/home/djhuai/zuo/stf/new/STF/save_scenarios_1d/scenario_1_0004_snowy_heavy_04.json,0,[],0,False,20260909T160734.097185Z,0,0,scenario_1_0004_snowy_heavy_04
0.0,running,[],be4aa1188b74bf795eefbb33c9b97aefecdd0d8d18c78ad5229c3b625a46be04,9962.6,0.0,74.24,-0.0,0.0,0.0,-0.34,0.0,0.0,-364.67,222.78,-170.34,8.28,/home/djhuai/zuo/stf/new/STF/save_scenarios_1d/scenario_1_0004_snowy_heavy_05.json,0,[],0,False,20260909T160734.097185Z,0,0,scenario_1_0004_snowy_heavy_05
8.06,running,[],f11bd3d3f9401a6b283c76421b0de08180facba42c2d51551a9b08e3d2a19dc4,9981.3,0.0,132.13,-0.37,0.1,-0.16,1.86,0.83,8.06,-421.84,213.75,-172.54,7.57,/home/djhuai/zuo/stf/new/STF/save_scenarios_1d/scenario_1_0004_snowy_heavy_06.json,0,[],0,False,20260909T160734.097185Z,0,0,scenario_1_0004_snowy_heavy_06
8.09,running,[],39aed93c60aab5cc1afc445eee2c1518d2929e603808768c71f76ffdc9b3ba2b,10000.2,0.0,99.52,-0.21,0.03,-0.06,-2.31,0.38,8.09,-389.57,218.45,-170.74,7.8,/home/djhuai/zuo/stf/new/STF/save_scenarios_1d/scenario_1_0004_snowy_heavy_07.json,0,[],0,False,20260909T160734.097185Z,0,0,scenario_1_0004_snowy_heavy_07
0.0,running,[],9e191cc59ab7fbf1b8c288ebb8e378d5da3faf300b28ad979fe5f272b634a74d,10019.3,0.0,74.24,-0.0,0.0,-0.0,-0.34,0.0,0.0,-364.67,222.78,-170.34,8.28,/home/djhuai/zuo/stf/new/STF/save_scenarios_1d/scenario_1_0004_snowy_heavy_08.json,0,[],0,False,20260909T160734.097185Z,0,0,scenario_1_0004_snowy_heavy_08
8.06,running,[],cc073e27b09ae075c5bb6891ec2c801018f12c6aa7a6fb4a6a19ae82223d02c9,10036.0,0.0,115.99,0.04,0.12,0.42,0.26,0.75,8.06,-406.37,219.43,-171.62,7.36,/home/djhuai/zuo/stf/new/STF/save_scenarios_1d/scenario_1_0004_snowy_light_01.json,0,[],0,False,20260909T160734.097185Z,0,0,scenario_1_0004_snowy_light_01
0.0,running,[],c096c6c3c79d78d4aca87d08a408532a35bce7315f5ecd6c316550348762e32f,10052.0,0.0,74.24,-0.0,-0.0,0.0,-0.34,0.0,0.0,-364.67,222.78,-170.34,8.28,/home/djhuai/zuo/stf/new/STF/save_scenarios_1d/scenario_1_0004_snowy_light_02.json,0,[],0,False,20260909T160734.097185Z,0,0,scenario_1_0004_snowy_light_02
8.07,running,[],cdaae104ae34e7a15472f15f10f502767b718df71cf260dcd301646b46deeaf6,10068.3,0.0,111.95,0.0,-0.04,0.32,-0.8,0.55,8.07,-402.37,220.02,-171.51,7.38,/home/djhuai/zuo/stf/new/STF/save_scenarios_1d/scenario_1_0004_snowy_light_03.json,0,[],0,False,20260909T160734.097185Z,0,0,scenario_1_0004_snowy_light_03
0.0,running,[],844c53926625b34906e35e546b1f354a32f33d6d1e41dd0cf970b551e839e3da,10084.8,0.0,74.24,-0.0,0.0,0.0,-0.34,0.0,0.0,-364.67,222.78,-170.34,8.28,/home/djhuai/zuo/stf/new/STF/save_scenarios_1d/scenario_1_0004_snowy_light_04.json,0,[],0,False,20260909T160734.097185Z,0,0,scenario_1_0004_snowy_light_04
8.03,running,[],d13e2accf6b9edbb779cdd80cc599eeaa00e4814a406558d2ebd2f124c0edb9a,10103.4,0.0,130.92,0.36,0.08,0.03,2.06,1.22,8.03,-420.64,213.91,-172.5,7.53,/home/djhuai/zuo/stf/new/STF/save_scenarios_1d/scenario_1_0004_snowy_light_05.json,0,[],0,False,20260909T160734.097185Z,0,0,scenario_1_0004_snowy_light_05
8.06,running,[],87ee1feb354f3e484b42932cdcf79376c9630129191f1da31be4187c11746aea,10122.9,0.0,114.47,0.22,-0.07,-0.62,-0.28,0.8,8.06,-404.35,216.19,-171.58,7.32,/home/djhuai/zuo/stf/new/STF/save_scenarios_1d/scenario_1_0004_snowy_light_06.json,0,[],0,False,20260909T160734.097185Z,0,0,scenario_1_0004_snowy_light_06
0.0,running,[],c4b1f88710b71efdc1342583fd987f41c6af3683a7bad2a1badcee04a477ffb2,10141.9,0.0,74.24,-0.0,0.0,-0.0,-0.34,0.0,0.0,-364.67,222.78,-170.34,8.28,/home/djhuai/zuo/stf/new/STF/save_scenarios_1d/scenario_1_0004_snowy_light_07.json,0,[],0,False,20260909T160734.097185Z,0,0,scenario_1_0004_snowy_light_07
8.08,running,[],37b9838683e0578e6c6c5bc626e588739e6ba60c54a579773c09b8fdc7a7d3c9,10159.2,0.0,120.85,-0.44,0.02,-0.54,0.61,1.05,8.08,-410.66,215.27,-171.94,7.35,/home/djhuai/zuo/stf/new/STF/save_scenarios_1d/scenario_1_0004_snowy_light_08.json,0,[],0,False,20260909T160734.097185Z,0,0,scenario_1_0004_snowy_light_08
2.12,running,[],1c2ea3d276c82640532d4a489c6bf9b8143db61e5a11a701c0f184585bd6f67c,10177.6,0.0,74.66,-5.58,-0.96,-0.03,-0.28,0.0,2.12,-365.08,222.71,-170.24,8.28,/home/djhuai/zuo/stf/new/STF/save_scenarios_1d/scenario_1_0004_sunny_01.json,0,[],0,False,20260909T160734.097185Z,0,0,scenario_1_0004_sunny_01
0.0,running,[],943a4fc384ff2965dbeabc9ed69375d8fbd0bb1bf2436245fa560106baa2b1a9,10193.3,0.0,74.24,0.0,-0.0,-0.0,-0.34,0.0,0.0,-364.67,222.78,-170.34,8.28,/home/djhuai/zuo/stf/new/STF/save_scenarios_1d/scenario_1_0004_sunny_02.json,0,[],0,False,20260909T160734.097185Z,0,0,scenario_1_0004_sunny_02
8.01,running,[],b5f9aec620ca6220c8ca8dcbdb0559f8782ebe388a48075b0dadf7cf3355e585,10209.9,0.0,85.34,-4.89,-0.69,-0.17,0.63,0.26,8.01,-375.6,220.85,-169.98,8.24,/home/djhuai/zuo/stf/new/STF/save_scenarios_1d/scenario_1_0004_sunny_03.json,0,[],0,False,20260909T160734.097185Z,0,0,scenario_1_0004_sunny_03
0.0,running,[],66c681d01ff52c93134e6af805aed252b5fa5e3c2e87e67fcca543aaaa568ca0,10227.0,0.0,74.24,0.0,0.0,-0.0,-0.34,0.0,0.0,-364.67,222.78,-170.34,8.28,/home/djhuai/zuo/stf/new/STF/save_scenarios_1d/scenario_1_0004_sunny_04.json,0,[],0,False,20260909T160734.097185Z,0,0,scenario_1_0004_sunny_04
8.06,running,[],e0c425bdbedfc83ef186a151bc4248b59f0329852fd5fe8c01017bafb926ef5e,10244.5,0.0,122.46,-0.32,0.01,0.06,0.55,0.94,8.06,-412.26,215.05,-172.12,7.36,/home/djhuai/zuo/stf/new/STF/save_scenarios_1d/scenario_1_0004_sunny_05.json,0,[],0,False,20260909T160734.097185Z,0,0,scenario_1_0004_sunny_05
0.0,running,[],77f38f444c1b5be4365882284b7f3f5b2200be156dcfab4d7cb371cf3fff23fc,10260.9,0.0,74.24,0.0,0.0,0.0,-0.34,0.0,0.0,-364.67,222.78,-170.34,8.28,/home/djhuai/zuo/stf/new/STF/save_scenarios_1d/scenario_1_0004_sunny_06.json,0,[],0,False,20260909T160734.097185Z,0,0,scenario_1_0004_sunny_06
8.06,running,[],f4849b3ecb2ae7417b96e6fdc58e64fa172ad872122a26617276d857cb444c99,10278.2,0.0,120.45,0.07,0.28,-0.95,0.56,1.0,8.06,-410.26,215.33,-171.89,7.35,/home/djhuai/zuo/stf/new/STF/save_scenarios_1d/scenario_1_0004_sunny_07.json,0,[],0,False,20260909T160734.097185Z,0,0,scenario_1_0004_sunny_07
0.0,running,[],54de9f544c05b5e42bfb01f85bb23e3393085fd04c1934fa3ecc950d3a6d47b1,10294.5,0.0,74.24,-0.0,-0.0,0.0,-0.34,0.0,0.0,-364.67,222.78,-170.34,8.28,/home/djhuai/zuo/stf/new/STF/save_scenarios_1d/scenario_1_0004_sunny_08.json,0,[],0,False,20260909T160734.097185Z,0,0,scenario_1_0004_sunny_08
8.04,running,[],e21c6afe5559aa9d5a51246bf16e9bebdb18dd7dcd9e9d4f8c4c9e565459edc5,10311.6,0.0,118.83,0.46,0.07,0.39,0.5,0.86,8.04,-408.67,215.56,-171.81,7.33,/home/djhuai/zuo/stf/new/STF/save_scenarios_1d/scenario_1_0004_wind_01.json,0,[],0,False,20260909T160734.097185Z,0,0,scenario_1_0004_wind_01
0.0,running,[],c4a4b188181131786dc37ad3a9ed177a466cea80c85906a480f945e269d99834,10327.5,0.0,74.24,-0.0,-0.0,0.0,-0.34,0.0,0.0,-364.67,222.78,-170.34,8.28,/home/djhuai/zuo/stf/new/STF/save_scenarios_1d/scenario_1_0004_wind_02.json,0,[],0,False,20260909T160734.097185Z,0,0,scenario_1_0004_wind_02
0.0,running,[],5878a5011a30adecc4ae26c07a3cfd4ccb8aba0d0d33bfb12f12c2a25a827260,10343.9,0.0,74.24,0.0,0.0,0.0,-0.34,0.0,0.0,-364.67,222.78,-170.34,8.28,/home/djhuai/zuo/stf/new/STF/save_scenarios_1d/scenario_1_0004_wind_03.json,0,[],0,False,20260909T160734.097185Z,0,0,scenario_1_0004_wind_03
8.0,running,[],b0e5295aac7da60480c75b46c91cfb6a78c5421b1123c54f605b330bbf90a40c,10360.9,0.0,85.34,-4.93,-0.75,-0.17,0.63,0.26,8.0,-375.6,220.85,-170.0,8.24,/home/djhuai/zuo/stf/new/STF/save_scenarios_1d/scenario_1_0004_wind_04.json,0,[],0,False,20260909T160734.097185Z,0,0,scenario_1_0004_wind_04
0.0,running,[],c7ee1d6e33e8fcb9a2570232253719abce4ed36b7d0c06066e70dca8558bf9c1,10376.8,0.0,74.36,0.0,0.0,0.0,-0.34,0.0,0.0,-365.3,226.2,-170.13,8.28,/home/djhuai/zuo/stf/new/STF/save_scenarios_1d/scenario_1_0004_wind_05.json,0,[],0,False,20260909T160734.097185Z,0,0,scenario_1_0004_wind_05
8.08,running,[],9f1ad5d51ec02f356e62eb9c09d828bb91ec18de0f734354145f1c398a5ef94e,10393.6,0.0,105.99,-0.37,0.09,0.28,-2.42,0.39,8.08,-395.97,217.45,-171.29,7.53,/home/djhuai/zuo/stf/new/STF/save_scenarios_1d/scenario_1_0004_wind_06.json,0,[],0,False,20260909T160734.097185Z,0,0,scenario_1_0004_wind_06
0.0,running,[],3ed362900bdac02d5ffb5db7c71ed62a26270080f973e0b985c692ded8b3527c,10412.2,0.0,74.24,-0.0,-0.0,0.0,-0.34,0.0,0.0,-364.67,222.78,-170.34,8.28,/home/djhuai/zuo/stf/new/STF/save_scenarios_1d/scenario_1_0004_wind_07.json,0,[],0,False,20260909T160734.097185Z,0,0,scenario_1_0004_wind_07
8.04,running,[],5d114e718c26341c73ccbaf7ea27864096840b06eee98167300b2354d3e29508,10428.9,0.0,115.61,0.49,0.46,0.87,-0.04,0.76,8.04,-405.47,216.02,-171.61,7.31,/home/djhuai/zuo/stf/new/STF/save_scenarios_1d/scenario_1_0004_wind_08.json,0,[],0,False,20260909T160734.097185Z,0,0,scenario_1_0004_wind_08
0.0,running,[],2b69c50b4a4407bc5c01de233ff159b2af255bf1254df1e206ddaab6b7f643a6,10445.0,0.0,70.18,-0.0,0.0,0.0,-0.34,-0.0,0.0,-364.6,222.79,-169.85,8.28,/home/djhuai/zuo/stf/new/STF/save_scenarios_1d/scenario_1_0005_cloudy_01.json,0,[],0,False,20260909T160734.097185Z,0,0,scenario_1_0005_cloudy_01
8.07,running,[],79991defde2f4e4a1b90d6a77089ba89962c6fc53277b1bfbb626513942ba9c0,10461.0,0.0,109.52,-0.05,-0.03,0.26,-0.32,0.62,8.07,-404.09,219.77,-171.53,7.36,/home/djhuai/zuo/stf/new/STF/save_scenarios_1d/scenario_1_0005_cloudy_02.json,0,[],0,False,20260909T160734.097185Z,0,0,scenario_1_0005_cloudy_02
0.0,running,[],603d9569ee86098d67676ecc288163f9ac923c64737618b6b10a2943ce74e1ca,10476.4,0.0,70.27,0.0,-0.0,0.0,-0.34,0.0,0.0,-365.37,226.19,-170.09,8.28,/home/djhuai/zuo/stf/new/STF/save_scenarios_1d/scenario_1_0005_cloudy_03.json,0,[],0,False,20260909T160734.097185Z,0,0,scenario_1_0005_cloudy_03
8.07,running,[],d983dc67f147d884ddd87818ad6d2223940bbff34eff971519fd580cedb1ef54,10491.5,0.0,103.51,0.45,0.24,0.82,-2.2,0.49,8.07,-397.47,217.22,-171.4,7.47,/home/djhuai/zuo/stf/new/STF/save_scenarios_1d/scenario_1_0005_cloudy_04.json,0,[],0,False,20260909T160734.097185Z,0,0,scenario_1_0005_cloudy_04
0.0,running,[],ee52059ad04f8849e9c9710ad3c7a0358c05e315d6aefac9a2f79af952738857,10507.3,0.0,70.18,0.0,0.0,-0.0,-0.34,-0.0,0.0,-364.6,222.79,-169.85,8.28,/home/djhuai/zuo/stf/new/STF/save_scenarios_1d/scenario_1_0005_cloudy_05.json,0,[],0,False,20260909T160734.097185Z,0,0,scenario_1_0005_cloudy_05
8.04,running,[],5cf0b6190462ec3eb1d23613aeeea38d84efb378e2325ed3059891af5316eba0,10523.9,0.0,115.63,0.35,0.06,-0.0,0.53,0.86,8.04,-409.46,215.44,-171.84,7.34,/home/djhuai/zuo/stf/new/STF/save_scenarios_1d/scenario_1_0005_cloudy_06.json,0,[],0,False,20260909T160734.097185Z,0,0,scenario_1_0005_cloudy_06
2.46,running,[],01cb85b0310458be3f0fdb871c6478c13f282c1dcf262ffb105f8ab6d7c6c743,10540.0,0.0,70.71,-6.37,-1.13,-0.04,-0.28,-0.0,2.46,-365.13,222.69,-169.93,8.28,/home/djhuai/zuo/stf/new/STF/save_scenarios_1d/scenario_1_0005_cloudy_07.json,0,[],0,False,20260909T160734.097185Z,0,0,scenario_1_0005_cloudy_07
0.0,running,[],68358050fef49459f65cbfe207fba59a9411e729fc7e2a064a14165c157dde91,10556.1,0.0,70.18,-0.0,-0.0,0.0,-0.34,-0.0,0.0,-364.6,222.79,-169.85,8.28,/home/djhuai/zuo/stf/new/STF/save_scenarios_1d/scenario_1_0005_cloudy_08.json,0,[],0,False,20260909T160734.097185Z,0,0,scenario_1_0005_cloudy_08
7.94,running,[],9ee47c38269d2f93ffd9e3675975eecd484569d5ea8289ddc88cd13b1aff13cc,10572.7,0.0,84.99,1.99,0.4,0.14,-1.33,0.51,7.94,-379.2,220.22,-170.07,8.23,/home/djhuai/zuo/stf/new/STF/save_scenarios_1d/scenario_1_0005_cold_fog_01.json,0,[],0,False,20260909T160734.097185Z,0,0,scenario_1_0005_cold_fog_01
0.0,running,[],80ee5038d3149ab78f214329fc796c529358d5b863f4fc94190cb2f9ceebb34b,10589.6,0.0,70.18,-0.0,0.0,0.0,-0.34,-0.0,0.0,-364.6,222.79,-169.85,8.28,/home/djhuai/zuo/stf/new/STF/save_scenarios_1d/scenario_1_0005_cold_fog_02.json,0,[],0,False,20260909T160734.097185Z,0,0,scenario_1_0005_cold_fog_02
8.06,running,[],17b318293dfb9ff11a749ef85a7513de3f032a62d7634d52c94e6e1cfa8f7647,10606.0,0.0,111.78,0.17,0.18,0.47,0.25,0.76,8.06,-406.32,219.44,-171.64,7.36,/home/djhuai/zuo/stf/new/STF/save_scenarios_1d/scenario_1_0005_cold_fog_03.json,0,[],0,False,20260909T160734.097185Z,0,0,scenario_1_0005_cold_fog_03
0.0,running,[],0657ce4b5181d2650732363efeb1909fb37b55bdfbd3ec6b38e6130ac003b68c,10624.7,0.0,70.18,-0.0,0.0,-0.0,-0.34,-0.0,0.0,-364.6,222.79,-169.85,8.28,/home/djhuai/zuo/stf/new/STF/save_scenarios_1d/scenario_1_0005_cold_fog_04.json,0,[],0,False,20260909T160734.097185Z,0,0,scenario_1_0005_cold_fog_04
8.05,running,[],2f3561d0561cc9f02ded9ed9cedb97022181b3e4886f67beaf56c5cca34b8cf5,10641.3,0.0,115.17,0.07,0.03,0.15,0.59,0.87,8.05,-409.68,218.95,-171.81,7.39,/home/djhuai/zuo/stf/new/STF/save_scenarios_1d/scenario_1_0005_cold_fog_05.json,0,[],0,False,20260909T160734.097185Z,0,0,scenario_1_0005_cold_fog_05
0.0,running,[],bcb88c0142a7530d75ca40f7a39c0502ba9ca25b4fbb2e7547922067c5f9ecde,10658.9,0.0,70.18,-0.0,-0.0,0.0,-0.34,-0.0,0.0,-364.6,222.79,-169.85,8.28,/home/djhuai/zuo/stf/new/STF/save_scenarios_1d/scenario_1_0005_cold_fog_06.json,0,[],0,False,20260909T160734.097185Z,0,0,scenario_1_0005_cold_fog_06
8.05,running,[],8edc6ce95f518369bba7ed4d9f2e102b7364b2142e0a77deccbc2c8bc7b6f7b3,10677.7,0.0,133.35,0.35,0.01,-0.03,1.0,-0.03,8.05,-427.02,213.08,-172.73,7.69,/home/djhuai/zuo/stf/new/STF/save_scenarios_1d/scenario_1_0005_cold_fog_07.json,0,[],0,False,20260909T160734.097185Z,0,0,scenario_1_0005_cold_fog_07
8.09,running,[],e465df34a2d4d7728149a8df9d92b1b15863334f95cdcb7dc751eb8b2532f497,10695.2,0.0,98.3,-0.09,-0.01,-0.16,-2.3,0.4,8.09,-392.32,218.02,-171.05,7.69,/home/djhuai/zuo/stf/new/STF/save_scenarios_1d/scenario_1_0005_cold_fog_08.json,0,[],0,False,20260909T160734.097185Z,0,0,scenario_1_0005_cold_fog_08
0.0,running,[],7c121eae5dab3989a6c83eb6d4d061f1c6b9cda4ce58522bb4a52108e4fb5733,10709.7,0.0,70.18,0.0,-0.0,0.0,-0.34,-0.0,0.0,-364.6,222.79,-169.85,8.28,/home/djhuai/zuo/stf/new/STF/save_scenarios_1d/scenario_1_0005_dawn_01.json,0,[],0,False,20260909T160734.097185Z,0,0,scenario_1_0005_dawn_01
5.39,running,[],71c671c686b566d953b3f0ec466922bb58fe3ac0e8c80826e379500b292cac6a,10723.3,0.0,69.69,-1.23,-0.21,-0.01,-0.33,0.0,5.39,-364.8,226.29,-170.1,8.28,/home/djhuai/zuo/stf/new/STF/save_scenarios_1d/scenario_1_0005_dawn_02.json,0,[],0,False,20260909T160734.097185Z,0,0,scenario_1_0005_dawn_02
0.0,running,[],a088d5755a5ff56458622c1a224f3d8c6c59ac37b35853f003f671d1078d8174,10739.0,0.0,70.18,-0.0,0.0,0.0,-0.34,-0.0,0.0,-364.6,222.79,-169.85,8.28,/home/djhuai/zuo/stf/new/STF/save_scenarios_1d/scenario_1_0005_dawn_03.json,0,[],0,False,20260909T160734.097185Z,0,0,scenario_1_0005_dawn_03
8.05,running,[],d11e50aef71fc2fbe426faaf36ce2ccb59931e082aa4314f281a7ec5d7f8eb73,10754.6,0.0,90.23,0.78,0.04,-0.22,-2.5,0.65,8.05,-384.35,219.32,-170.3,8.03,/home/djhuai/zuo/stf/new/STF/save_scenarios_1d/scenario_1_0005_dawn_04.json,0,[],0,False,20260909T160734.097185Z,0,0,scenario_1_0005_dawn_04
0.0,running,[],355c923073799b5269d7e867db3cbdb5d22ca4f3c8615b68b69f90edf7436513,10769.9,0.0,70.18,0.0,0.0,-0.0,-0.34,-0.0,0.0,-364.6,222.79,-169.85,8.28,/home/djhuai/zuo/stf/new/STF/save_scenarios_1d/scenario_1_0005_dawn_05.json,0,[],0,False,20260909T160734.097185Z,0,0,scenario_1_0005_dawn_05
7.5,running,[],81fd4810cecc858df779315a2b26cf3a38c2689c74bdea4583c5d2d1e0f0ca16,10783.6,0.0,80.5,-6.24,-1.19,-0.22,0.35,0.25,7.5,-374.77,221.0,-170.04,8.23,/home/djhuai/zuo/stf/new/STF/save_scenarios_1d/scenario_1_0005_dawn_06.json,0,[],0,False,20260909T160734.097185Z,0,0,scenario_1_0005_dawn_06
0.0,running,[],d0cc627d80e3cfd5b3087f625df1748163326576dabd66903bd6d9609a524fb4,10799.0,0.0,70.18,0.0,-0.0,-0.0,-0.34,-0.0,0.0,-364.6,222.79,-169.85,8.28,/home/djhuai/zuo/stf/new/STF/save_scenarios_1d/scenario_1_0005_dawn_07.json,0,[],0,False,20260909T160734.097185Z,0,0,scenario_1_0005_dawn_07
0.0,running,[],2a0e41f6c3df9f28bc714271a2ecaf7550506d269b1da0d7833c7d41ae6113f4,10813.0,0.0,67.08,-0.0,0.0,0.0,-0.4,-0.0,0.0,-361.64,223.33,-169.67,8.3,/home/djhuai/zuo/stf/new/STF/save_scenarios_1d/scenario_1_0005_dawn_08.json,0,[],0,False,20260909T160734.097185Z,0,0,scenario_1_0005_dawn_08
0.0,running,[],6b42663dcae23d636cec0b285ef366aa85b77416968b329968430541297adba4,10829.2,0.0,70.18,0.0,0.0,-0.0,-0.34,-0.0,0.0,-364.6,222.79,-169.85,8.28,/home/djhuai/zuo/stf/new/STF/save_scenarios_1d/scenario_1_0005_dusk_01.json,0,[],0,False,20260909T160734.097185Z,0,0,scenario_1_0005_dusk_01
8.11,running,[],43ef31b22393c8a06d5861c79bfdd80288383d74c49b81ce9273e4ce24dae5d8,10845.7,0.0,94.26,-0.33,-0.01,0.09,-2.42,0.55,8.11,-388.33,218.66,-170.68,7.85,/home/djhuai/zuo/stf/new/STF/save_scenarios_1d/scenario_1_0005_dusk_02.json,0,[],0,False,20260909T160734.097185Z,0,0,scenario_1_0005_dusk_02
0.0,running,[],ac575793ff0192c47b792fe278a0ffa4bc714a7dfc9e9fac61f9585ee1cbcc93,10862.1,0.0,70.18,-0.0,-0.0,-0.0,-0.34,-0.0,0.0,-364.6,222.79,-169.85,8.28,/home/djhuai/zuo/stf/new/STF/save_scenarios_1d/scenario_1_0005_dusk_03.json,0,[],0,False,20260909T160734.097185Z,0,0,scenario_1_0005_dusk_03
8.07,running,[],1d7263a57257cb1af732a1d6254f05c67b2cbad2b4a770baccc9bda90a5aa343,10879.2,0.0,119.26,-0.43,-0.03,-0.17,0.52,0.95,8.07,-413.05,214.94,-172.18,7.37,/home/djhuai/zuo/stf/new/STF/save_scenarios_1d/scenario_1_0005_dusk_04.json,0,[],0,False,20260909T160734.097185Z,0,0,scenario_1_0005_dusk_04
0.0,running,[],fea1bc178273551db0a5d606e1b4209ac566271ea83631c17a8dd676fe48e4cb,10895.6,0.0,70.18,0.0,-0.0,-0.0,-0.34,-0.0,0.0,-364.6,222.79,-169.85,8.28,/home/djhuai/zuo/stf/new/STF/save_scenarios_1d/scenario_1_0005_dusk_05.json,0,[],0,False,20260909T160734.097185Z,0,0,scenario_1_0005_dusk_05
8.07,running,[],44a446732a44c21c74928b83503b66f8013a80badaca927015ec314f696870f4,10911.7,0.0,111.2,-0.22,-0.02,0.92,-0.18,0.8,8.07,-405.07,216.08,-171.58,7.31,/home/djhuai/zuo/stf/new/STF/save_scenarios_1d/scenario_1_0005_dusk_06.json,0,[],0,False,20260909T160734.097185Z,0,0,scenario_1_0005_dusk_06
0.0,running,[],0cb76de9ec35e00b7a1da2577de00c7c8bdc4f33868d1b9c7db9c1dc768f647e,10928.2,0.0,70.18,-0.0,-0.0,-0.0,-0.34,-0.0,0.0,-364.6,222.79,-169.85,8.28,/home/djhuai/zuo/stf/new/STF/save_scenarios_1d/scenario_1_0005_dusk_07.json,0,[],0,False,20260909T160734.097185Z,0,0,scenario_1_0005_dusk_07
8.07,running,[],503e23ab9333dd8e5fc1b2253efc171340197c321004f9c51c4d9dbac8e4e4dc,10943.9,0.0,107.96,-0.26,-0.04,0.26,-0.9,0.6,8.07,-401.87,216.56,-171.53,7.34,/home/djhuai/zuo/stf/new/STF/save_scenarios_1d/scenario_1_0005_dusk_08.json,0,[],0,False,20260909T160734.097185Z,0,0,scenario_1_0005_dusk_08
0.0,running,[],2da945c63767ca89f6559844bdff356d5b1875f0cbc00ffdc5591a914acb314e,10959.1,0.0,70.18,0.0,0.0,-0.0,-0.34,-0.0,0.0,-364.6,222.79,-169.85,8.28,/home/djhuai/zuo/stf/new/STF/save_scenarios_1d/scenario_1_0005_fog_01.json,0,[],0,False,20260909T160734.097185Z,0,0,scenario_1_0005_fog_01
8.07,running,[],c770b5e0dea7989a721f1dcbee9f990a0748688b12e659e215b1287dae0f30fb,10974.3,0.0,103.51,0.45,0.24,0.82,-2.2,0.49,8.07,-397.47,217.22,-171.4,7.47,/home/djhuai/zuo/stf/new/STF/save_scenarios_1d/scenario_1_0005_fog_02.json,0,[],0,False,20260909T160734.097185Z,0,0,scenario_1_0005_fog_02
0.0,running,[],98dd1df224cf87a49834968e6ede3af8b5393cb95520df15c0f1eafd0f3fa534,10992.4,0.0,70.18,-0.0,-0.0,-0.0,-0.34,-0.0,0.0,-364.6,222.79,-169.85,8.28,/home/djhuai/zuo/stf/new/STF/save_scenarios_1d/scenario_1_0005_fog_03.json,0,[],0,False,20260909T160734.097185Z,0,0,scenario_1_0005_fog_03
0.0,running,[],77e5ac9fb11add7a0f34ca9e078acab96dafe2955877fdcdbcfca8ada5ca04a1,11010.1,0.0,70.18,0.0,0.0,-0.0,-0.34,-0.0,0.0,-364.6,222.79,-169.85,8.28,/home/djhuai/zuo/stf/new/STF/save_scenarios_1d/scenario_1_0005_fog_04.json,0,[],0,False,20260909T160734.097185Z,0,0,scenario_1_0005_fog_04
0.0,running,[],8869707ce7375e07f86c3a20a472d042518d4f5c772c0b246c3f0b3a8e292282,11027.9,0.0,91.12,0.0,0.0,-0.0,-2.55,0.57,0.0,-385.91,222.61,-170.4,8.02,/home/djhuai/zuo/stf/new/STF/save_scenarios_1d/scenario_1_0005_fog_05.json,0,[],0,False,20260909T160734.097185Z,0,0,scenario_1_0005_fog_05
0.0,running,[],aa1fd24bd59c5836ffb15fef8b28884f9a284ea1e46bd881d667e4c8e18ef4fc,11047.2,0.0,70.18,-0.0,0.0,-0.0,-0.34,-0.0,0.0,-364.6,222.79,-169.85,8.28,/home/djhuai/zuo/stf/new/STF/save_scenarios_1d/scenario_1_0005_fog_06.json,0,[],0,False,20260909T160734.097185Z,0,0,scenario_1_0005_fog_06
8.05,running,[],be44b3c837d6650aef6ff36d6efe48849aef0edfebefa7dc265084192977e87d,11065.9,0.0,132.54,0.35,-0.02,-0.31,0.98,-0.05,8.05,-426.22,213.18,-172.71,7.68,/home/djhuai/zuo/stf/new/STF/save_scenarios_1d/scenario_1_0005_fog_07.json,0,[],0,False,20260909T160734.097185Z,0,0,scenario_1_0005_fog_07
3.65,running,[],51ee8c35d50a16730b30879fa2e49866a1940d3a750110f62e13c0a081223bdd,11083.8,0.0,71.41,-6.09,-1.08,-0.04,-0.27,-0.0,3.65,-366.5,225.99,-170.03,8.27,/home/djhuai/zuo/stf/new/STF/save_scenarios_1d/scenario_1_0005_fog_08.json,0,[],0,False,20260909T160734.097185Z,0,0,scenario_1_0005_fog_08
0.0,running,[],292c091dfd5ce430c74c5bcbb7cc78e24efb9436be9f808ea376d684efdcb549,11098.8,0.0,70.18,-0.0,0.0,0.0,-0.34,-0.0,0.0,-364.6,222.79,-169.85,8.28,/home/djhuai/zuo/stf/new/STF/save_scenarios_1d/scenario_1_0005_heavy_rain_01.json,0,[],0,False,20260909T160734.097185Z,0,0,scenario_1_0005_heavy_rain_01
5.32,running,[],ff3b70726548df4373df3a64659e458d96c47ea96e3e2b684fdc5e25235727c3,11114.3,0.0,72.7,-4.82,-0.85,-0.12,-0.27,-0.0,5.32,-367.09,222.35,-169.96,8.27,/home/djhuai/zuo/stf/new/STF/save_scenarios_1d/scenario_1_0005_heavy_rain_02.json,0,[],0,False,20260909T160734.097185Z,0,0,scenario_1_0005_heavy_rain_02
0.0,running,[],7e545193b69407ce5c2fbf83ad90325b2a2b41207403488455e37be1fa717edb,11130.3,0.0,70.18,-0.0,-0.0,-0.0,-0.34,-0.0,0.0,-364.6,222.79,-169.85,8.28,/home/djhuai/zuo/stf/new/STF/save_scenarios_1d/scenario_1_0005_heavy_rain_03.json,0,[],0,False,20260909T160734.097185Z,0,0,scenario_1_0005_heavy_rain_03
7.91,running,[],bec07be317044e2c8194fca1b222920609e5b8d5283a0d2f7be036c4b8430f20,11146.6,0.0,85.39,0.58,0.1,-0.01,-1.75,0.51,7.91,-379.59,220.15,-170.07,8.22,/home/djhuai/zuo/stf/new/STF/save_scenarios_1d/scenario_1_0005_heavy_rain_04.json,0,[],0,False,20260909T160734.097185Z,0,0,scenario_1_0005_heavy_rain_04
0.0,running,[],edb9bbace72ac8fde97dec880da8b13b0d47e275c707a44eb6ae79f1658619c2,11162.7,0.0,70.27,0.0,0.0,0.0,-0.34,0.0,0.0,-365.37,226.19,-170.09,8.28,/home/djhuai/zuo/stf/new/STF/save_scenarios_1d/scenario_1_0005_heavy_rain_05.json,0,[],0,False,20260909T160734.097185Z,0,0,scenario_1_0005_heavy_rain_05
8.1,running,[],550cbb60e84dada7187ee82be1387e365f027fab911879b126f2c57723147930,11178.4,0.0,98.73,-0.44,-0.07,-0.39,-2.34,0.43,8.1,-392.74,217.95,-171.11,7.67,/home/djhuai/zuo/stf/new/STF/save_scenarios_1d/scenario_1_0005_heavy_rain_06.json,0,[],0,False,20260909T160734.097185Z,0,0,scenario_1_0005_heavy_rain_06
0.0,running,[],fe92d8e0b27dc94c4767c9dbf6767d8546af4f35a783274c4e2935d82c0305f2,11197.0,0.0,70.18,-0.0,-0.0,0.0,-0.34,-0.0,0.0,-364.6,222.79,-169.85,8.28,/home/djhuai/zuo/stf/new/STF/save_scenarios_1d/scenario_1_0005_heavy_rain_07.json,0,[],0,False,20260909T160734.097185Z,0,0,scenario_1_0005_heavy_rain_07
8.03,running,[],04532ace5864ec9129f16034cb00e4c31bf5be797035996ed85a577943a4c786,11215.0,0.0,126.11,0.38,0.07,0.7,2.09,1.22,8.03,-419.84,214.02,-172.47,7.5,/home/djhuai/zuo/stf/new/STF/save_scenarios_1d/scenario_1_0005_heavy_rain_08.json,0,[],0,False,20260909T160734.097185Z,0,0,scenario_1_0005_heavy_rain_08
0.0,running,[],80edab46b066e842b3bf086d684b96c9eec31cc2dbd0442071a83de003ddf4db,11230.4,0.0,70.18,-0.0,0.0,0.0,-0.34,-0.0,0.0,-364.6,222.79,-169.85,8.28,/home/djhuai/zuo/stf/new/STF/save_scenarios_1d/scenario_1_0005_light_rain_01.json,0,[],0,False,20260909T160734.097185Z,0,0,scenario_1_0005_light_rain_01
8.09,running,[],b5ac628a594cfd767b7ad4b51afefa6fc565f2deeacd166faae3f7dd15f048ca,11245.2,0.0,100.68,-0.26,0.0,0.15,-2.6,0.42,8.09,-394.67,217.65,-171.2,7.59,/home/djhuai/zuo/stf/new/STF/save_scenarios_1d/scenario_1_0005_light_rain_02.json,0,[],0,False,20260909T160734.097185Z,0,0,scenario_1_0005_light_rain_02
0.0,running,[],8df3af9dbb86c42d027bfdc0cf849604b4cdaa0ef4f221d7be0ce3ec697c2c09,11260.6,0.0,70.18,-0.0,0.0,0.0,-0.34,-0.0,0.0,-364.6,222.79,-169.85,8.28,/home/djhuai/zuo/stf/new/STF/save_scenarios_1d/scenario_1_0005_light_rain_03.json,0,[],0,False,20260909T160734.097185Z,0,0,scenario_1_0005_light_rain_03
8.08,running,[],aa3f01238d1ea814d8cec6e0c8f1d87b4fd85c08f1acded616a891d2eaab9643,11275.3,0.0,100.28,0.38,0.09,-0.05,-2.54,0.44,8.08,-394.28,217.71,-171.19,7.6,/home/djhuai/zuo/stf/new/STF/save_scenarios_1d/scenario_1_0005_light_rain_04.json,0,[],0,False,20260909T160734.097185Z,0,0,scenario_1_0005_light_rain_04
0.0,running,[],a75949437eddb2527fdfb10a89900d9ec35c597cff73357446a59b7e49090c55,11291.9,0.0,70.27,-0.0,0.0,0.0,-0.34,0.0,0.0,-365.37,226.19,-170.09,8.28,/home/djhuai/zuo/stf/new/STF/save_scenarios_1d/scenario_1_0005_light_rain_05.json,0,[],0,False,20260909T160734.097185Z,0,0,scenario_1_0005_light_rain_05
6.99,running,[],4a3d48ae268667bc8bfff915de809c28fc34b2dce826947bc23e46d5930212c9,11306.8,0.0,98.39,0.04,-0.01,-0.21,-2.31,0.42,6.99,-392.41,218.0,-171.08,7.68,/home/djhuai/zuo/stf/new/STF/save_scenarios_1d/scenario_1_0005_light_rain_06.json,0,[],0,False,20260909T160734.097185Z,0,0,scenario_1_0005_light_rain_06
0.0,running,[],0e4070a4ff8e594cd897bde8343a869df5bc47427ecb88bb46d1917e454c93db,11321.9,0.0,70.18,-0.0,0.0,-0.0,-0.34,-0.0,0.0,-364.6,222.79,-169.85,8.28,/home/djhuai/zuo/stf/new/STF/save_scenarios_1d/scenario_1_0005_light_rain_07.json,0,[],0,False,20260909T160734.097185Z,0,0,scenario_1_0005_light_rain_07
8.07,running,[],2491f71f21da604d245295c7a17e55b825a7bcf30fb208a5bc922f32837bd29b,11337.4,0.0,105.94,0.29,0.02,-0.45,-1.6,0.58,8.07,-399.87,216.86,-171.47,7.39,/home/djhuai/zuo/stf/new/STF/save_scenarios_1d/scenario_1_0005_light_rain_08.json,0,[],0,False,20260909T160734.097185Z,0,0,scenario_1_0005_light_rain_08
1.84,running,[],c33a542ab924d6bf503427a5d3ec1202bcf6dbfcca32d66d3eb7a6afea6fabb1,11355.3,0.0,70.49,-6.56,-1.12,-0.04,-0.29,-0.0,1.84,-364.91,222.73,-169.8,8.28,/home/djhuai/zuo/stf/new/STF/save_scenarios_1d/scenario_1_0005_night_01.json,0,[],0,False,20260909T160734.097185Z,0,0,scenario_1_0005_night_01
0.0,running,[],71ab97525720e6f55c2e581556fcea016d5448c975686b9132b9c571b69eeb15,11373.5,0.0,70.18,0.0,0.0,-0.0,-0.34,-0.0,0.0,-364.6,222.79,-169.85,8.28,/home/djhuai/zuo/stf/new/STF/save_scenarios_1d/scenario_1_0005_night_02.json,0,[],0,False,20260909T160734.097185Z,0,0,scenario_1_0005_night_02
8.06,running,[],d4e02e62708e94210d58d11056182c81f72fc044cec4aa1c05b3b7cc8fefcbca,11391.9,0.0,115.27,-0.31,-0.03,0.11,0.52,0.86,8.06,-409.1,215.49,-171.83,7.33,/home/djhuai/zuo/stf/new/STF/save_scenarios_1d/scenario_1_0005_night_03.json,0,[],0,False,20260909T160734.097185Z,0,0,scenario_1_0005_night_03
0.0,running,[],b4781322bfc8024c116126afd681a61cfa6b4a1dca101fbeb68db180cf856e06,11409.1,0.0,70.18,0.0,-0.0,0.0,-0.34,-0.0,0.0,-364.6,222.79,-169.85,8.28,/home/djhuai/zuo/stf/new/STF/save_scenarios_1d/scenario_1_0005_night_04.json,0,[],0,False,20260909T160734.097185Z,0,0,scenario_1_0005_night_04
8.05,running,[],01ff75abccf27a1cf6f1d103b889bf37983c6f7326a6e047190dbef2067ffdd4,11427.0,0.0,124.85,-0.43,0.0,-0.01,1.78,1.14,8.05,-418.59,214.18,-172.44,7.47,/home/djhuai/zuo/stf/new/STF/save_scenarios_1d/scenario_1_0005_night_05.json,0,[],0,False,20260909T160734.097185Z,0,0,scenario_1_0005_night_05
0.0,running,[],4a18f27882466c5751c6e715c93eae6633e55520dd61c389721381199309943e,11444.8,0.0,70.18,0.0,-0.0,-0.0,-0.34,-0.0,0.0,-364.6,222.79,-169.85,8.28,/home/djhuai/zuo/stf/new/STF/save_scenarios_1d/scenario_1_0005_night_06.json,0,[],0,False,20260909T160734.097185Z,0,0,scenario_1_0005_night_06
8.05,running,[],60c77e9bb69e81da9a407944c8950a3e277761d3483173ab8d269637f063e7d1,11463.1,0.0,128.46,0.01,-0.12,-0.16,0.97,-0.05,8.05,-422.85,217.15,-172.55,7.61,/home/djhuai/zuo/stf/new/STF/save_scenarios_1d/scenario_1_0005_night_07.json,0,[],0,False,20260909T160734.097185Z,0,0,scenario_1_0005_night_07
8.07,running,[],2d63bb77a932db67445b7094d5df8aebd310a37169e250899d5d625058e1e243,11480.7,0.0,101.13,0.11,0.11,0.54,-2.61,0.41,8.07,-395.12,217.58,-171.23,7.57,/home/djhuai/zuo/stf/new/STF/save_scenarios_1d/scenario_1_0005_night_08.json,0,[],0,False,20260909T160734.097185Z,0,0,scenario_1_0005_night_08
0.0,running,[],7cc150a45f81becfcf981a14bef536c8a2cfbbd15ddd39407c6c3a5fee118c58,11497.3,0.0,70.18,0.0,0.0,-0.0,-0.34,-0.0,0.0,-364.6,222.79,-169.85,8.28,/home/djhuai/zuo/stf/new/STF/save_scenarios_1d/scenario_1_0005_overcast_01.json,0,[],0,False,20260909T160734.097185Z,0,0,scenario_1_0005_overcast_01
8.04,running,[],faa69cc48111174adeb037674be0faad47e1ce213a94a154450cf92d8efa9ab2,11514.0,0.0,115.63,0.35,0.06,-0.0,0.53,0.86,8.04,-409.46,215.44,-171.84,7.34,/home/djhuai/zuo/stf/new/STF/save_scenarios_1d/scenario_1_0005_overcast_02.json,0,[],0,False,20260909T160734.097185Z,0,0,scenario_1_0005_overcast_02
0.0,running,[],55c8bd7ec1197e24e58032a24a1db099b1bb7f66696e238c011937d709e0ebb1,11528.4,0.0,67.21,-0.0,0.0,-0.0,-0.36,-0.0,0.0,-361.77,223.3,-169.72,8.3,/home/djhuai/zuo/stf/new/STF/save_scenarios_1d/scenario_1_0005_overcast_03.json,0,[],0,False,20260909T160734.097185Z,0,0,scenario_1_0005_overcast_03
7.83,running,[],5be9312407c4c147cb200b7ced7d7df8d1657e71a753b642e72949414120251f,11544.6,0.0,108.27,0.11,0.02,0.32,-0.64,0.56,7.83,-402.84,219.96,-171.52,7.37,/home/djhuai/zuo/stf/new/STF/save_scenarios_1d/scenario_1_0005_overcast_04.json,0,[],0,False,20260909T160734.097185Z,0,0,scenario_1_0005_overcast_04
0.0,running,[],3fddba4432acc88b9e8b4033c1eb65d415d132883c3a76de7549b59a66820018,11560.5,0.0,70.08,0.0,-0.0,-0.0,-0.34,0.0,0.0,-365.13,226.23,-170.12,8.28,/home/djhuai/zuo/stf/new/STF/save_scenarios_1d/scenario_1_0005_overcast_05.json,0,[],0,False,20260909T160734.097185Z,0,0,scenario_1_0005_overcast_05
8.09,running,[],11e5296aa24f3747f94df05aafc91e76aca2a1aa4b2545b10cee4fd2ed17aea9,11575.3,0.0,99.82,0.02,0.03,0.11,-2.4,0.4,8.09,-394.5,221.22,-171.19,7.64,/home/djhuai/zuo/stf/new/STF/save_scenarios_1d/scenario_1_0005_overcast_06.json,0,[],0,False,20260909T160734.097185Z,0,0,scenario_1_0005_overcast_06
0.0,running,[],9e27fa403a5bdc05d14d91bbed325fd9308caf3e8aec8bd0a66117a1d351068f,11590.8,0.0,70.18,-0.0,0.0,-0.0,-0.34,-0.0,0.0,-364.6,222.79,-169.85,8.28,/home/djhuai/zuo/stf/new/STF/save_scenarios_1d/scenario_1_0005_overcast_07.json,0,[],0,False,20260909T160734.097185Z,0,0,scenario_1_0005_overcast_07
8.07,running,[],0582f8797bda756f3806ead0faeb74ebefa09c2d05bdc17df70ac72611c240d4,11607.3,0.0,114.42,-0.14,0.06,1.03,0.5,0.86,8.07,-408.26,215.61,-171.79,7.32,/home/djhuai/zuo/stf/new/STF/save_scenarios_1d/scenario_1_0005_overcast_08.json,0,[],0,False,20260909T160734.097185Z,0,0,scenario_1_0005_overcast_08
0.0,running,[],bd7dc9b4959155bc49dc070fc256cb466c9c973a0f050a583bd85a228cf301e7,11622.9,0.0,70.18,0.0,-0.0,-0.0,-0.34,-0.0,0.0,-364.6,222.79,-169.85,8.28,/home/djhuai/zuo/stf/new/STF/save_scenarios_1d/scenario_1_0005_rainy_dusk_01.json,0,[],0,False,20260909T160734.097185Z,0,0,scenario_1_0005_rainy_dusk_01
8.07,running,[],07a180f908949c3c2f6a24a7b21f428bc9fd1fcd6b719739c4f770af15614e98,11638.6,0.0,107.96,-0.26,-0.04,0.26,-0.9,0.6,8.07,-401.87,216.56,-171.53,7.34,/home/djhuai/zuo/stf/new/STF/save_scenarios_1d/scenario_1_0005_rainy_dusk_02.json,0,[],0,False,20260909T160734.097185Z,0,0,scenario_1_0005_rainy_dusk_02
0.0,running,[],dace059c0630dc50af2871303426899394f72805b122074f61e53302570512d4,11653.8,0.0,70.18,-0.0,-0.0,0.0,-0.34,-0.0,0.0,-364.6,222.79,-169.85,8.28,/home/djhuai/zuo/stf/new/STF/save_scenarios_1d/scenario_1_0005_rainy_dusk_03.json,0,[],0,False,20260909T160734.097185Z,0,0,scenario_1_0005_rainy_dusk_03
8.1,running,[],3ab0a45cc80b6480437d54d3da49e739de0e4d619d7ed649e2a6c78eb3749e94,11668.9,0.0,103.11,-0.48,-0.01,-0.7,-2.25,0.55,8.1,-397.07,217.28,-171.38,7.49,/home/djhuai/zuo/stf/new/STF/save_scenarios_1d/scenario_1_0005_rainy_dusk_04.json,0,[],0,False,20260909T160734.097185Z,0,0,scenario_1_0005_rainy_dusk_04
0.0,running,[],d37d6ba2ab4dac544962321acafdfbd4d43cdb31cccd32dd8fcee92ec7a7e456,11685.1,0.0,70.18,0.0,0.0,-0.0,-0.34,-0.0,0.0,-364.6,222.79,-169.85,8.28,/home/djhuai/zuo/stf/new/STF/save_scenarios_1d/scenario_1_0005_rainy_dusk_05.json,0,[],0,False,20260909T160734.097185Z,0,0,scenario_1_0005_rainy_dusk_05
8.08,running,[],5083e3582e6d95710a12a0841dabd5ab66706b26f9218a9bf42af3f687efa11d,11701.0,0.0,109.58,-0.29,-0.0,0.58,-0.46,0.67,8.08,-403.47,216.32,-171.57,7.32,/home/djhuai/zuo/stf/new/STF/save_scenarios_1d/scenario_1_0005_rainy_dusk_06.json,0,[],0,False,20260909T160734.097185Z,0,0,scenario_1_0005_rainy_dusk_06
5.1,running,[],e9195838dfe75f9d8cbe9d244c70a4e198e6e6565c384a94cf7675c2f8263a0b,11719.6,0.0,69.96,-0.58,-0.11,-0.01,-0.33,-0.0,5.1,-364.39,222.83,-169.81,8.28,/home/djhuai/zuo/stf/new/STF/save_scenarios_1d/scenario_1_0005_rainy_dusk_07.json,0,[],0,False,20260909T160734.097185Z,0,0,scenario_1_0005_rainy_dusk_07
0.0,running,[],7b27ab689c45a10e33aa6d8d334c3f01ce5e6cd82fed1741da4a6eb2b42b8447,11738.4,0.0,70.18,0.0,-0.0,0.0,-0.34,-0.0,0.0,-364.6,222.79,-169.85,8.28,/home/djhuai/zuo/stf/new/STF/save_scenarios_1d/scenario_1_0005_rainy_dusk_08.json,0,[],0,False,20260909T160734.097185Z,0,0,scenario_1_0005_rainy_dusk_08
8.06,running,[],35af9429d5b31fb5c067aa7faafadd41579d55401b65fc0819537e5f22a097c6,11755.3,0.0,117.25,0.37,0.41,0.66,0.61,0.96,8.06,-411.06,215.21,-172.0,7.35,/home/djhuai/zuo/stf/new/STF/save_scenarios_1d/scenario_1_0005_sandstorm_01.json,0,[],0,False,20260909T160734.097185Z,0,0,scenario_1_0005_sandstorm_01
0.0,running,[],4526f777df9253b58de1f08175e014f489ea09282ff245f9da3daf3a4e6f0044,11774.6,0.0,70.27,-0.0,0.0,0.0,-0.34,0.0,0.0,-365.37,226.19,-170.09,8.28,/home/djhuai/zuo/stf/new/STF/save_scenarios_1d/scenario_1_0005_sandstorm_02.json,0,[],0,False,20260909T160734.097185Z,0,0,scenario_1_0005_sandstorm_02
8.06,running,[],670b5fc87c910dd54f77623a30b22ac770aed9e1d0eb3414319066ad06da40c0,11793.5,0.0,133.75,-0.32,-0.05,0.04,1.01,-0.02,8.06,-427.42,213.03,-172.74,7.7,/home/djhuai/zuo/stf/new/STF/save_scenarios_1d/scenario_1_0005_sandstorm_03.json,0,[],0,False,20260909T160734.097185Z,0,0,scenario_1_0005_sandstorm_03
8.08,running,[],b0daacf93f04366713c24dde416f34853c60ae61643566cad8666e3e3bec8192,11812.3,0.0,95.88,-0.21,0.0,0.16,-2.29,0.36,8.08,-389.93,218.4,-170.75,7.78,/home/djhuai/zuo/stf/new/STF/save_scenarios_1d/scenario_1_0005_sandstorm_04.json,0,[],0,False,20260909T160734.097185Z,0,0,scenario_1_0005_sandstorm_04
0.0,running,[],0be63bbb0ea2a140db6784e4f3d3318ee742e36a67f4e25ba6101a5a10d76cac,11828.5,0.0,66.99,-0.0,0.0,-0.0,-0.34,-0.0,0.0,-361.48,223.35,-169.69,8.3,/home/djhuai/zuo/stf/new/STF/save_scenarios_1d/scenario_1_0005_sandstorm_05.json,0,[],0,False,20260909T160734.097185Z,0,0,scenario_1_0005_sandstorm_05
8.05,running,[],0adea3b736e49835796e5ff7af699b0d934b671d81e2d93ac0294fe22d325436,11847.2,0.0,132.54,0.35,-0.02,-0.31,0.98,-0.05,8.05,-426.22,213.18,-172.71,7.68,/home/djhuai/zuo/stf/new/STF/save_scenarios_1d/scenario_1_0005_sandstorm_06.json,0,[],0,False,20260909T160734.097185Z,0,0,scenario_1_0005_sandstorm_06
0.0,running,[],59ef81d2ca0bbaf4a01c4def0c3fb2c8861d7928ff5b2e8c80a74425fa6e4bc5,11864.1,0.0,70.18,-0.0,-0.0,-0.0,-0.34,-0.0,0.0,-364.6,222.79,-169.85,8.28,/home/djhuai/zuo/stf/new/STF/save_scenarios_1d/scenario_1_0005_sandstorm_07.json,0,[],0,False,20260909T160734.097185Z,0,0,scenario_1_0005_sandstorm_07
8.03,running,[],e2bbde35865549c70a599600fa6c3156893b64551ed318b7ba89cb51938ec854,11881.6,0.0,122.89,0.84,-0.07,1.11,0.97,1.16,8.03,-416.65,214.45,-172.37,7.42,/home/djhuai/zuo/stf/new/STF/save_scenarios_1d/scenario_1_0005_sandstorm_08.json,0,[],0,False,20260909T160734.097185Z,0,0,scenario_1_0005_sandstorm_08
0.0,running,[],8df5d453fbdc3c48aa36cc594f66d89312b6021fecf4ba2827b0afc2e7e7c29c,11898.2,0.0,70.18,-0.0,-0.0,0.0,-0.34,-0.0,0.0,-364.6,222.79,-169.85,8.28,/home/djhuai/zuo/stf/new/STF/save_scenarios_1d/scenario_1_0005_snowy_heavy_01.json,0,[],0,False,20260909T160734.097185Z,0,0,scenario_1_0005_snowy_heavy_01
8.05,running,[],382f3f9585b1ffb5eb295cb0cb1db173970c9b53bb0769d14374c5f4c1c874ee,11916.3,0.0,127.32,-0.45,0.07,-0.5,2.02,1.14,8.05,-421.04,213.86,-172.51,7.55,/home/djhuai/zuo/stf/new/STF/save_scenarios_1d/scenario_1_0005_snowy_heavy_02.json,0,[],0,False,20260909T160734.097185Z,0,0,scenario_1_0005_snowy_heavy_02
8.08,running,[],7a9995b1ca6c014027da7c93bc0ece4015ab49cc1fd232cf9b10a6968f23d0a6,11934.3,0.0,105.57,-0.23,-0.21,-0.45,-1.75,0.59,8.08,-399.51,216.91,-171.45,7.4,/home/djhuai/zuo/stf/new/STF/save_scenarios_1d/scenario_1_0005_snowy_heavy_03.json,0,[],0,False,20260909T160734.097185Z,0,0,scenario_1_0005_snowy_heavy_03
0.0,running,[],add0db81f6c9bb3be0c23ca27287899a5fb0fbf5f6908d60c21ac0dec8614008,11951.9,0.0,70.18,0.0,-0.0,-0.0,-0.34,-0.0,0.0,-364.6,222.79,-169.85,8.28,/home/djhuai/zuo/stf/new/STF/save_scenarios_1d/scenario_1_0005_snowy_heavy_04.json,0,[],0,False,20260909T160734.097185Z,0,0,scenario_1_0005_snowy_heavy_04
8.06,running,[],2aaae9d5a39136c699cd4fd60375eefcd9694d7970ab8b5fe9165fb9388b3211,11970.6,0.0,132.14,-0.39,0.02,-0.14,0.98,-0.05,8.06,-425.82,213.23,-172.7,7.67,/home/djhuai/zuo/stf/new/STF/save_scenarios_1d/scenario_1_0005_snowy_heavy_05.json,0,[],0,False,20260909T160734.097185Z,0,0,scenario_1_0005_snowy_heavy_05
0.0,running,[],41606efd2ab3a2c8f091ccc7f893ee9f0c329a7d186bbf3e5a23c4c67f00c666,11988.5,0.0,70.18,0.0,-0.0,-0.0,-0.34,-0.0,0.0,-364.6,222.79,-169.85,8.28,/home/djhuai/zuo/stf/new/STF/save_scenarios_1d/scenario_1_0005_snowy_heavy_06.json,0,[],0,False,20260909T160734.097185Z,0,0,scenario_1_0005_snowy_heavy_06
8.05,running,[],718bf9871adffa7a3574b9272c2cd097296dd2095ea2b4934b439303db1db720,12006.4,0.0,125.71,-0.22,-0.09,0.53,2.07,1.21,8.05,-419.44,214.07,-172.46,7.49,/home/djhuai/zuo/stf/new/STF/save_scenarios_1d/scenario_1_0005_snowy_heavy_07.json,0,[],0,False,20260909T160734.097185Z,0,0,scenario_1_0005_snowy_heavy_07
8.08,running,[],70225ca0bbc5fcaed38b9d7f2daa02f9b3041210d3110a7b87958d76cc5fc823,12024.4,0.0,101.54,-0.39,0.21,0.18,-2.55,0.42,8.08,-395.52,217.52,-171.25,7.55,/home/djhuai/zuo/stf/new/STF/save_scenarios_1d/scenario_1_0005_snowy_heavy_08.json,0,[],0,False,20260909T160734.097185Z,0,0,scenario_1_0005_snowy_heavy_08
0.0,running,[],f9998f0a59136708a426cd58fd8813cbd60390d5b10f15fef0e61baf12dc9aae,12040.8,0.0,70.18,0.0,-0.0,-0.0,-0.34,-0.0,0.0,-364.6,222.79,-169.85,8.28,/home/djhuai/zuo/stf/new/STF/save_scenarios_1d/scenario_1_0005_snowy_light_01.json,0,[],0,False,20260909T160734.097185Z,0,0,scenario_1_0005_snowy_light_01
8.07,running,[],be79570bf08e719c18de074b4ce41026f353b05bf2a4d5bb5e9e799323b2d447,12057.1,0.0,112.81,-0.5,-0.05,-0.09,0.3,0.82,8.07,-406.67,215.85,-171.71,7.32,/home/djhuai/zuo/stf/new/STF/save_scenarios_1d/scenario_1_0005_snowy_light_02.json,0,[],0,False,20260909T160734.097185Z,0,0,scenario_1_0005_snowy_light_02
0.0,running,[],bc98424f7752aec1e246ba329b995c4927b3e3ae7519192afd9c73e504ebd2fa,12072.8,0.0,70.18,-0.0,0.0,0.0,-0.34,-0.0,0.0,-364.6,222.79,-169.85,8.28,/home/djhuai/zuo/stf/new/STF/save_scenarios_1d/scenario_1_0005_snowy_light_03.json,0,[],0,False,20260909T160734.097185Z,0,0,scenario_1_0005_snowy_light_03
8.07,running,[],873bd3f0137aefa8ae583e151d528d64f4a7db58f6cc6cf5b10ff586df310fa3,12089.1,0.0,112.81,-0.5,-0.05,-0.09,0.3,0.82,8.07,-406.67,215.85,-171.71,7.32,/home/djhuai/zuo/stf/new/STF/save_scenarios_1d/scenario_1_0005_snowy_light_04.json,0,[],0,False,20260909T160734.097185Z,0,0,scenario_1_0005_snowy_light_04
0.0,running,[],21fee0d172d591de7e8e58d92fe29df8b213f2af11e486a68c75f7e725f7f606,12106.7,0.0,70.18,0.0,-0.0,-0.0,-0.34,-0.0,0.0,-364.6,222.79,-169.85,8.28,/home/djhuai/zuo/stf/new/STF/save_scenarios_1d/scenario_1_0005_snowy_light_05.json,0,[],0,False,20260909T160734.097185Z,0,0,scenario_1_0005_snowy_light_05
8.06,running,[],41edf4dcfe388c8489877a91e344b111c05b8c9a11a3246923b50b139973e7b6,12124.7,0.0,126.05,-0.09,0.13,-0.32,1.27,0.37,8.06,-420.45,217.47,-172.56,7.56,/home/djhuai/zuo/stf/new/STF/save_scenarios_1d/scenario_1_0005_snowy_light_06.json,0,[],0,False,20260909T160734.097185Z,0,0,scenario_1_0005_snowy_light_06
4.97,running,[],ed91c77eae0a5d911ed21b54f197a1146d508ef2b5746f4db612cba765c3196b,12141.4,0.0,73.97,1.02,0.2,0.02,-0.34,-0.0,4.97,-368.34,222.13,-169.97,8.26,/home/djhuai/zuo/stf/new/STF/save_scenarios_1d/scenario_1_0005_snowy_light_07.json,0,[],0,False,20260909T160734.097185Z,0,0,scenario_1_0005_snowy_light_07
0.0,running,[],72fe0af42fbbde3a10d1a9dbf43e3813902ba95a2e695c19c35669fbebde393f,12159.5,0.0,70.18,-0.0,-0.0,-0.0,-0.34,-0.0,0.0,-364.6,222.79,-169.85,8.28,/home/djhuai/zuo/stf/new/STF/save_scenarios_1d/scenario_1_0005_snowy_light_08.json,0,[],0,False,20260909T160734.097185Z,0,0,scenario_1_0005_snowy_light_08
8.05,running,[],594a5dccd59343fa151975192e50233eaee579a38dcc9b313f0cb58c3f1bf332,12178.5,0.0,126.8,0.02,0.06,-0.08,1.12,0.18,8.05,-421.2,217.37,-172.54,7.58,/home/djhuai/zuo/stf/new/STF/save_scenarios_1d/scenario_1_0005_sunny_01.json,0,[],0,False,20260909T160734.097185Z,0,0,scenario_1_0005_sunny_01
0.0,running,[],182ca45a4b8bce06d00f86e4e08122468d3915b3d1ac4df8233d4b363923f2b6,12194.1,0.0,70.18,0.0,-0.0,-0.0,-0.34,-0.0,0.0,-364.6,222.79,-169.85,8.28,/home/djhuai/zuo/stf/new/STF/save_scenarios_1d/scenario_1_0005_sunny_02.json,0,[],0,False,20260909T160734.097185Z,0,0,scenario_1_0005_sunny_02
8.15,running,[],d194d76fb435f23bd9d98472fb3bd9016b63c659155b8523e534306820341389,12209.9,0.0,105.54,0.1,-0.09,-0.3,-1.75,0.56,8.15,-399.47,216.92,-171.46,7.4,/home/djhuai/zuo/stf/new/STF/save_scenarios_1d/scenario_1_0005_sunny_03.json,0,[],0,False,20260909T160734.097185Z,0,0,scenario_1_0005_sunny_03
0.0,running,[],1e6f00c26060235e257fcdf5c8db50802efe8e2f56356b054bca073a8b10a5bb,12224.6,0.0,70.18,0.0,-0.0,-0.0,-0.34,-0.0,0.0,-364.6,222.79,-169.85,8.28,/home/djhuai/zuo/stf/new/STF/save_scenarios_1d/scenario_1_0005_sunny_04.json,0,[],0,False,20260909T160734.097185Z,0,0,scenario_1_0005_sunny_04
8.05,running,[],be96a110dfd2af21a039259291ecb2e33d1905ea4c406e5d84ee43655d01ea23,12241.7,0.0,118.86,0.33,0.08,0.01,0.53,0.94,8.05,-412.65,214.99,-172.15,7.37,/home/djhuai/zuo/stf/new/STF/save_scenarios_1d/scenario_1_0005_sunny_05.json,0,[],0,False,20260909T160734.097185Z,0,0,scenario_1_0005_sunny_05
0.0,running,[],7cde9b5c6f5ee565febb4c47d0a7ac8be896717f7eb0b3aafb29091af215aa86,12257.6,0.0,70.18,-0.0,0.0,-0.0,-0.34,-0.0,0.0,-364.6,222.79,-169.85,8.28,/home/djhuai/zuo/stf/new/STF/save_scenarios_1d/scenario_1_0005_sunny_06.json,0,[],0,False,20260909T160734.097185Z,0,0,scenario_1_0005_sunny_06
8.07,running,[],d775dad4a680552c19ca569cd789876a46eb2e5fb5447fc316f18c0ba2d1cbe3,12274.8,0.0,120.07,-0.36,-0.01,-0.12,0.62,1.06,8.07,-413.85,214.83,-172.22,7.38,/home/djhuai/zuo/stf/new/STF/save_scenarios_1d/scenario_1_0005_sunny_07.json,0,[],0,False,20260909T160734.097185Z,0,0,scenario_1_0005_sunny_07
0.0,running,[],d9bcb57225c39080a7783e609592c6946f004c54b3ff7e89cc03164f533950ea,12290.1,0.0,64.31,-0.0,0.0,0.0,-0.35,0.0,0.0,-359.5,227.21,-170.14,8.32,/home/djhuai/zuo/stf/new/STF/save_scenarios_1d/scenario_1_0005_sunny_08.json,0,[],0,False,20260909T160734.097185Z,0,0,scenario_1_0005_sunny_08
8.09,running,[],66da42a4c62c66efbd40a53567aab78a3965a5ec5ac48a723a225d1ae3406f9c,12305.6,0.0,106.35,-0.42,0.09,0.2,-1.36,0.59,8.09,-400.27,216.8,-171.48,7.38,/home/djhuai/zuo/stf/new/STF/save_scenarios_1d/scenario_1_0005_wind_01.json,0,[],0,False,20260909T160734.097185Z,0,0,scenario_1_0005_wind_01
0.0,running,[],034f46c8644c06d773f8c7351cc8b18ebd574cbdbd5a69988ad33a0846cfb3c2,12320.3,0.0,70.18,0.0,-0.0,-0.0,-0.34,-0.0,0.0,-364.6,222.79,-169.85,8.28,/home/djhuai/zuo/stf/new/STF/save_scenarios_1d/scenario_1_0005_wind_02.json,0,[],0,False,20260909T160734.097185Z,0,0,scenario_1_0005_wind_02
8.05,running,[],da2dcc737235d3655b1919627b07a701fa9da73a3572cdf1c24f4282e6f42704,12337.2,0.0,118.05,0.39,0.09,0.17,0.57,0.94,8.05,-411.85,215.1,-172.08,7.36,/home/djhuai/zuo/stf/new/STF/save_scenarios_1d/scenario_1_0005_wind_03.json,0,[],0,False,20260909T160734.097185Z,0,0,scenario_1_0005_wind_03
4.89,running,[],59fd6b6cfe38fa0f3a05d48a14dec3c9a24e3087e9f1b8eef720786972f278ba,12352.9,0.0,74.71,1.33,0.25,0.03,-0.35,-0.0,4.89,-369.07,222.0,-169.98,8.25,/home/djhuai/zuo/stf/new/STF/save_scenarios_1d/scenario_1_0005_wind_04.json,0,[],0,False,20260909T160734.097185Z,0,0,scenario_1_0005_wind_04
0.0,running,[],fa52e0aef78bb13042141fc7ed253b5d9c0b60ae209fe491443a09b0eb60d5ec,12369.6,0.0,70.18,-0.0,-0.0,0.0,-0.34,-0.0,0.0,-364.6,222.79,-169.85,8.28,/home/djhuai/zuo/stf/new/STF/save_scenarios_1d/scenario_1_0005_wind_05.json,0,[],0,False,20260909T160734.097185Z,0,0,scenario_1_0005_wind_05
8.13,running,[],7834ec26a35262f830fe7967b14cdc21f5114eabe35d2bfff400e2b2918cc09f,12385.0,0.0,87.31,-0.71,-0.05,-0.31,-2.59,0.57,8.13,-381.48,219.82,-170.18,8.16,/home/djhuai/zuo/stf/new/STF/save_scenarios_1d/scenario_1_0005_wind_06.json,0,[],0,False,20260909T160734.097185Z,0,0,scenario_1_0005_wind_06
0.0,running,[],a744aadf4de98512bec715867ca7338b7f546c0792ac1909749dec489624976b,12401.0,0.0,70.18,0.0,0.0,-0.0,-0.34,-0.0,0.0,-364.6,222.79,-169.85,8.28,/home/djhuai/zuo/stf/new/STF/save_scenarios_1d/scenario_1_0005_wind_07.json,0,[],0,False,20260909T160734.097185Z,0,0,scenario_1_0005_wind_07
7.26,running,[],8cfd81616220175b3be6668d6a4c136ff9a9ae6b4df401cc6bd5d5c5e78f84bf,12417.7,0.0,102.78,-0.38,-0.17,-0.77,-2.25,0.54,7.26,-396.75,217.33,-171.36,7.5,/home/djhuai/zuo/stf/new/STF/save_scenarios_1d/scenario_1_0005_wind_08.json,0,[],0,False,20260909T160734.097185Z,0,0,scenario_1_0005_wind_08
0.0,running,[],cf546e490db9f60ed169a68c16d5d86ab3daa57d241906679d0cb92ca6bba296,12434.2,0.0,65.52,0.0,-0.0,-0.0,-0.34,-0.0,0.0,-365.21,226.23,-169.86,8.28,/home/djhuai/zuo/stf/new/STF/save_scenarios_1d/scenario_1_0006_cloudy_01.json,0,[],0,False,20260909T160734.097185Z,0,0,scenario_1_0006_cloudy_01
8.06,running,[],6582bed42e5bb5761a91c6a365d5f5c6b01fb6705e5f009d5acfc4fe420e582f,12449.8,0.0,105.55,0.24,0.03,0.17,-0.13,0.66,8.06,-404.69,219.68,-171.55,7.36,/home/djhuai/zuo/stf/new/STF/save_scenarios_1d/scenario_1_0006_cloudy_02.json,0,[],0,False,20260909T160734.097185Z,0,0,scenario_1_0006_cloudy_02
0.0,running,[],371d6296c304c922b60ecaf82ba4274ef5a7278aa33ab14895ea2bb4a0f82a89,12466.0,0.0,66.03,0.0,0.0,-0.0,-0.34,-0.01,0.0,-364.76,222.81,-169.19,8.28,/home/djhuai/zuo/stf/new/STF/save_scenarios_1d/scenario_1_0006_cloudy_03.json,0,[],0,False,20260909T160734.097185Z,0,0,scenario_1_0006_cloudy_03
8.06,running,[],313f768628b9ce62033b9ea0fe40ebd8d97fb86f28d85eace3a638e0f5f8fea1,12482.3,0.0,110.8,-0.34,-0.01,0.09,0.6,0.86,8.06,-409.89,218.92,-171.83,7.39,/home/djhuai/zuo/stf/new/STF/save_scenarios_1d/scenario_1_0006_cloudy_04.json,0,[],0,False,20260909T160734.097185Z,0,0,scenario_1_0006_cloudy_04
0.0,running,[],00170127b0875fc4f11428e8009c636bdecd83c07137b211f18c74fd22964fd3,12499.4,0.0,65.52,0.0,-0.0,0.0,-0.34,-0.0,0.0,-365.21,226.23,-169.86,8.28,/home/djhuai/zuo/stf/new/STF/save_scenarios_1d/scenario_1_0006_cloudy_05.json,0,[],0,False,20260909T160734.097185Z,0,0,scenario_1_0006_cloudy_05
8.07,running,[],632880abcd2102840a74968a744342a213c2123339d6666be8a019ff1dafea91,12516.3,0.0,116.44,-0.4,0.02,-0.05,0.81,1.02,8.07,-415.47,218.14,-172.26,7.46,/home/djhuai/zuo/stf/new/STF/save_scenarios_1d/scenario_1_0006_cloudy_06.json,0,[],0,False,20260909T160734.097185Z,0,0,scenario_1_0006_cloudy_06
3.95,running,[],ca1a9e3a6d1787c24a79f9bc8ce66b25bfe184737b08daf104cc719317a41a45,12533.5,0.0,66.86,-5.85,-1.04,-0.04,-0.27,-0.0,3.95,-366.53,226.0,-169.9,8.27,/home/djhuai/zuo/stf/new/STF/save_scenarios_1d/scenario_1_0006_cloudy_07.json,0,[],0,False,20260909T160734.097185Z,0,0,scenario_1_0006_cloudy_07
0.0,running,[],a714c53212b3609b03bb411798ff4e784d9dd6c81b8c38f4c90b5948946d5d5b,12548.4,0.0,66.05,0.0,-0.0,-0.0,-0.34,-0.0,0.0,-364.74,222.79,-169.57,8.28,/home/djhuai/zuo/stf/new/STF/save_scenarios_1d/scenario_1_0006_cloudy_08.json,0,[],0,False,20260909T160734.097185Z,0,0,scenario_1_0006_cloudy_08
5.26,running,[],5e01958dd23c7bf045c44a50efeae45a1912afc09732957d02db1827e3e6d5a3,12564.0,0.0,68.31,1.23,0.22,-0.03,-0.29,-0.0,5.26,-367.96,225.75,-169.96,8.26,/home/djhuai/zuo/stf/new/STF/save_scenarios_1d/scenario_1_0006_cold_fog_01.json,0,[],0,False,20260909T160734.097185Z,0,0,scenario_1_0006_cold_fog_01
0.0,running,[],7d7af3a68bf689e754e42fdec3068ffa5810c6c265882947ed0b51b16488e5bc,12579.8,0.0,65.52,-0.0,0.0,-0.0,-0.34,-0.0,0.0,-365.21,226.23,-169.86,8.28,/home/djhuai/zuo/stf/new/STF/save_scenarios_1d/scenario_1_0006_cold_fog_02.json,0,[],0,False,20260909T160734.097185Z,0,0,scenario_1_0006_cold_fog_02
6.09,running,[],5cd0b2cce9cdcab3bfc8bcc3e7bc5565472249904cfb80c69a92d8344140a4f8,12595.3,0.0,74.1,-5.02,-0.85,-0.03,-0.31,-0.0,6.09,-373.66,224.74,-170.03,8.23,/home/djhuai/zuo/stf/new/STF/save_scenarios_1d/scenario_1_0006_cold_fog_03.json,0,[],0,False,20260909T160734.097185Z,0,0,scenario_1_0006_cold_fog_03
0.0,running,[],7d9ed2a3aa49c85a359f3dbe91c682e212011573a6b978624d0c075c8207bb41,12613.8,0.0,65.52,-0.0,0.0,-0.0,-0.34,-0.0,0.0,-365.21,226.23,-169.86,8.28,/home/djhuai/zuo/stf/new/STF/save_scenarios_1d/scenario_1_0006_cold_fog_04.json,0,[],0,False,20260909T160734.097185Z,0,0,scenario_1_0006_cold_fog_04
3.86,running,[],8becbe429a1f3e1a12c88a381d2e04d52e579ca5b0ff858f8ecd7b91489d137b,12632.4,0.0,92.18,-6.21,-0.99,-0.31,-2.44,0.6,3.86,-391.48,221.7,-170.91,7.77,/home/djhuai/zuo/stf/new/STF/save_scenarios_1d/scenario_1_0006_cold_fog_05.json,0,[],0,False,20260909T160734.097185Z,0,0,scenario_1_0006_cold_fog_05
0.0,running,[],5575467eb3e9142479d27c9aff81040423c13718dc568f7099c81a9169264fd3,12651.8,0.0,65.52,-0.0,0.0,0.0,-0.34,-0.0,0.0,-365.21,226.23,-169.86,8.28,/home/djhuai/zuo/stf/new/STF/save_scenarios_1d/scenario_1_0006_cold_fog_06.json,0,[],0,False,20260909T160734.097185Z,0,0,scenario_1_0006_cold_fog_06
8.05,running,[],b7cb04bff3a09b85415206398607db9ecb9aebe9c7952df6d85c64383f519fc6,12671.1,0.0,135.36,0.34,0.12,-0.01,1.05,0.0,8.05,-434.25,215.77,-174.29,7.82,/home/djhuai/zuo/stf/new/STF/save_scenarios_1d/scenario_1_0006_cold_fog_07.json,0,[],0,False,20260909T160734.097185Z,0,0,scenario_1_0006_cold_fog_07
7.29,running,[],d84fdde5750291d56d0f6519dd192c3755cb8c06ca0ff2e2f4f8e2870ee9d822,12689.6,0.0,92.8,-6.04,-0.86,-0.35,-2.39,0.62,7.29,-392.09,221.6,-170.99,7.75,/home/djhuai/zuo/stf/new/STF/save_scenarios_1d/scenario_1_0006_cold_fog_08.json,0,[],0,False,20260909T160734.097185Z,0,0,scenario_1_0006_cold_fog_08
0.0,running,[],71c95f09134df18016aeb5d7c1d4a58856cb61618e6691185d33d976bd0e234a,12705.8,0.0,65.52,0.0,-0.0,-0.0,-0.34,-0.0,0.0,-365.21,226.23,-169.86,8.28,/home/djhuai/zuo/stf/new/STF/save_scenarios_1d/scenario_1_0006_dawn_01.json,0,[],0,False,20260909T160734.097185Z,0,0,scenario_1_0006_dawn_01
8.07,running,[],af82aac1f6457785d4ea4546a6b919dbc1c66d10b7cb7767e108e5a2c1db0768,12720.3,0.0,96.66,0.49,0.36,0.48,-2.55,0.41,8.07,-395.9,221.0,-171.27,7.58,/home/djhuai/zuo/stf/new/STF/save_scenarios_1d/scenario_1_0006_dawn_02.json,0,[],0,False,20260909T160734.097185Z,0,0,scenario_1_0006_dawn_02
0.0,running,[],be7312da49051fbda7119232b26db94336bb47a7c07e340a567704ea22149ae0,12735.3,0.0,66.07,-0.0,-0.0,0.0,-0.34,-0.0,0.0,-364.72,222.79,-169.59,8.28,/home/djhuai/zuo/stf/new/STF/save_scenarios_1d/scenario_1_0006_dawn_03.json,0,[],0,False,20260909T160734.097185Z,0,0,scenario_1_0006_dawn_03
8.08,running,[],cf98fb476a4b1f9e971cb7df53d5d031b5fcb0fcd47671cfb96c5e79da99d12b,12749.9,0.0,97.06,-0.28,0.06,0.34,-2.53,0.4,8.08,-396.3,220.94,-171.3,7.57,/home/djhuai/zuo/stf/new/STF/save_scenarios_1d/scenario_1_0006_dawn_04.json,0,[],0,False,20260909T160734.097185Z,0,0,scenario_1_0006_dawn_04
0.0,running,[],ea6153d25d733e29fa94902a357f668d89f8bf34552334e9635f857df8426167,12765.1,0.0,65.52,0.0,-0.0,0.0,-0.34,-0.0,0.0,-365.21,226.23,-169.86,8.28,/home/djhuai/zuo/stf/new/STF/save_scenarios_1d/scenario_1_0006_dawn_05.json,0,[],0,False,20260909T160734.097185Z,0,0,scenario_1_0006_dawn_05
6.33,running,[],6d0393f4745dbbd56874223db9d723bbf9db497ee7e277c75cc796d3c6398eaf,12780.7,0.0,99.19,0.75,0.25,0.57,-2.21,0.5,6.33,-397.37,217.24,-171.38,7.47,/home/djhuai/zuo/stf/new/STF/save_scenarios_1d/scenario_1_0006_dawn_06.json,0,[],0,False,20260909T160734.097185Z,0,0,scenario_1_0006_dawn_06
0.0,running,[],373c25134ad50bcdb3763ee378edfe69d5c4b05f0664a3640a92e22578d680b5,12796.0,0.0,65.52,0.0,-0.0,-0.0,-0.34,-0.0,0.0,-365.21,226.23,-169.86,8.28,/home/djhuai/zuo/stf/new/STF/save_scenarios_1d/scenario_1_0006_dawn_07.json,0,[],0,False,20260909T160734.097185Z,0,0,scenario_1_0006_dawn_07
7.9,running,[],4fe234106f093d283f964ec77ea22f4162cdeadf2e979b945070437044203965,12811.3,0.0,99.15,0.02,0.11,-0.1,-2.23,0.53,7.9,-397.28,217.25,-171.39,7.48,/home/djhuai/zuo/stf/new/STF/save_scenarios_1d/scenario_1_0006_dawn_08.json,0,[],0,False,20260909T160734.097185Z,0,0,scenario_1_0006_dawn_08
0.0,running,[],e06b3f6e7132628ad894f1bf604ec585ec313a1d25780cda44e643fa9d66e961,12827.9,0.0,65.52,0.0,0.0,-0.0,-0.34,-0.0,0.0,-365.21,226.23,-169.86,8.28,/home/djhuai/zuo/stf/new/STF/save_scenarios_1d/scenario_1_0006_dusk_01.json,0,[],0,False,20260909T160734.097185Z,0,0,scenario_1_0006_dusk_01
8.06,running,[],d4a4d9c4b88e85ed6933b88c832258d5d97f2edfd1590ed695a382389700249a,12844.2,0.0,108.55,-0.06,0.0,-0.11,0.49,0.79,8.06,-407.66,219.24,-171.72,7.37,/home/djhuai/zuo/stf/new/STF/save_scenarios_1d/scenario_1_0006_dusk_02.json,0,[],0,False,20260909T160734.097185Z,0,0,scenario_1_0006_dusk_02
0.0,running,[],aa99ea246d71feb3fcdd73b66e7c63c653f7e9cfb41285ee2a7741f3330d29e5,12860.3,0.0,65.52,0.0,0.0,-0.0,-0.34,-0.0,0.0,-365.21,226.23,-169.86,8.28,/home/djhuai/zuo/stf/new/STF/save_scenarios_1d/scenario_1_0006_dusk_03.json,0,[],0,False,20260909T160734.097185Z,0,0,scenario_1_0006_dusk_03
8.06,running,[],a123ec3544661ba1807826c2cc2d3ed6330f5682f740980f72f2fd0d7b27121b,12875.9,0.0,106.85,0.32,0.1,1.19,-0.23,0.77,8.06,-404.94,216.1,-171.56,7.31,/home/djhuai/zuo/stf/new/STF/save_scenarios_1d/scenario_1_0006_dusk_04.json,0,[],0,False,20260909T160734.097185Z,0,0,scenario_1_0006_dusk_04
0.0,running,[],d8ac6ea6107ac279d990d2077edd8ba325021d45c4db80d49b60c7093d6bdbd0,12891.8,0.0,65.52,0.0,0.0,-0.0,-0.34,-0.0,0.0,-365.21,226.23,-169.86,8.28,/home/djhuai/zuo/stf/new/STF/save_scenarios_1d/scenario_1_0006_dusk_05.json,0,[],0,False,20260909T160734.097185Z,0,0,scenario_1_0006_dusk_05
8.05,running,[],7a8c34ac78660092710e3de7d9975f96552d6dacb77ece0103732e6dc3605d13,12908.0,0.0,110.39,0.39,0.11,0.24,0.59,0.87,8.05,-409.49,218.98,-171.82,7.38,/home/djhuai/zuo/stf/new/STF/save_scenarios_1d/scenario_1_0006_dusk_06.json,0,[],0,False,20260909T160734.097185Z,0,0,scenario_1_0006_dusk_06
0.0,running,[],8fa30d49db6b41cd399230ca3c093716cd5de55bc529be8744281bbd49c4d6dc,12924.5,0.0,65.52,0.0,-0.0,0.0,-0.34,-0.0,0.0,-365.21,226.23,-169.86,8.28,/home/djhuai/zuo/stf/new/STF/save_scenarios_1d/scenario_1_0006_dusk_07.json,0,[],0,False,20260909T160734.097185Z,0,0,scenario_1_0006_dusk_07
8.07,running,[],8849bfc1f3b57b34a1fc987653ab86bed7747fad2158424ea6982e1a583473fc,12940.9,0.0,112.41,-0.46,0.01,-0.32,0.68,0.9,8.07,-411.48,218.69,-171.99,7.41,/home/djhuai/zuo/stf/new/STF/save_scenarios_1d/scenario_1_0006_dusk_08.json,0,[],0,False,20260909T160734.097185Z,0,0,scenario_1_0006_dusk_08
5.37,running,[],fa7e3fb2c1c18b362fc71408673f7413a214171296a72fea2b3c297bce52c5b5,12957.6,0.0,73.41,-0.88,-0.19,-0.02,-0.32,-0.0,5.37,-372.98,224.86,-170.02,8.23,/home/djhuai/zuo/stf/new/STF/save_scenarios_1d/scenario_1_0006_fog_01.json,0,[],0,False,20260909T160734.097185Z,0,0,scenario_1_0006_fog_01
0.0,running,[],8b2ac1b07bcd84331f905bba73fe5e0a2e77da41e77d2cee1d5d20dce466708e,12975.0,0.0,66.07,0.0,-0.0,-0.0,-0.34,-0.0,0.0,-364.72,222.79,-169.59,8.28,/home/djhuai/zuo/stf/new/STF/save_scenarios_1d/scenario_1_0006_fog_02.json,0,[],0,False,20260909T160734.097185Z,0,0,scenario_1_0006_fog_02
8.05,running,[],bef65e287bd63cc17127b8023c169a7b2a33798baf44281751485085a9db957e,12993.2,0.0,114.29,0.1,0.02,0.24,0.66,0.98,8.05,-413.35,218.43,-172.16,7.43,/home/djhuai/zuo/stf/new/STF/save_scenarios_1d/scenario_1_0006_fog_03.json,0,[],0,False,20260909T160734.097185Z,0,0,scenario_1_0006_fog_03
0.0,running,[],386bcdf996094c87053ece6584541da3550c0a6aed3c99f2c858406fc443bcd3,13011.5,0.0,65.52,0.0,-0.0,0.0,-0.34,-0.0,0.0,-365.21,226.23,-169.86,8.28,/home/djhuai/zuo/stf/new/STF/save_scenarios_1d/scenario_1_0006_fog_04.json,0,[],0,False,20260909T160734.097185Z,0,0,scenario_1_0006_fog_04
8.05,running,[],a1a2f15973f1d2b261962779ec3399f5e0e53ae8f392399fc964fffc018be1f9,13030.7,0.0,134.56,0.33,0.17,0.01,1.05,0.0,8.05,-433.45,215.85,-174.13,7.8,/home/djhuai/zuo/stf/new/STF/save_scenarios_1d/scenario_1_0006_fog_05.json,0,[],0,False,20260909T160734.097185Z,0,0,scenario_1_0006_fog_05
8.15,running,[],48320a26346aebafcdc3dc2acfeb441a82a10229a2939ebb1ee57196ca80480b,13049.5,0.0,83.06,-0.82,-0.03,-0.11,-2.57,0.57,8.15,-382.48,223.2,-170.21,8.18,/home/djhuai/zuo/stf/new/STF/save_scenarios_1d/scenario_1_0006_fog_06.json,0,[],0,False,20260909T160734.097185Z,0,0,scenario_1_0006_fog_06
0.0,running,[],9e63ec0477d5c5350edf30bb8f9762ad0650d342283d37bf479e1dfc9e5888b2,13066.9,0.0,65.52,-0.0,0.0,0.0,-0.34,-0.0,0.0,-365.21,226.23,-169.86,8.28,/home/djhuai/zuo/stf/new/STF/save_scenarios_1d/scenario_1_0006_fog_07.json,0,[],0,False,20260909T160734.097185Z,0,0,scenario_1_0006_fog_07
8.06,running,[],c40298c3f9a07b7d1e75b587341358f5097ea57d5c1b6833546fdf42977ff065,13085.9,0.0,133.35,-0.41,0.27,-0.02,1.04,0.01,8.06,-432.24,215.97,-173.73,7.78,/home/djhuai/zuo/stf/new/STF/save_scenarios_1d/scenario_1_0006_fog_08.json,0,[],0,False,20260909T160734.097185Z,0,0,scenario_1_0006_fog_08
0.0,running,[],6a5f93de2375a4b2dd70111be6f9576430b390cbbb2f054df539d96cf26767ee,13103.1,0.0,65.52,0.0,-0.0,-0.0,-0.34,-0.0,0.0,-365.21,226.23,-169.86,8.28,/home/djhuai/zuo/stf/new/STF/save_scenarios_1d/scenario_1_0006_heavy_rain_01.json,0,[],0,False,20260909T160734.097185Z,0,0,scenario_1_0006_heavy_rain_01
8.08,running,[],c6da1f971e8e4b0271baa3a28f1d77c33d61ca8b77300a2b59f0eb342d053a8a,13118.3,0.0,101.92,-0.34,-0.04,0.1,-1.18,0.53,8.08,-401.1,220.22,-171.48,7.4,/home/djhuai/zuo/stf/new/STF/save_scenarios_1d/scenario_1_0006_heavy_rain_02.json,0,[],0,False,20260909T160734.097185Z,0,0,scenario_1_0006_heavy_rain_02
0.0,running,[],2f3c5dfb80a43d05970910cd2bb39d8746c112256f8e3e1fe5793fc9d1c0538e,13135.3,0.0,66.06,-0.0,0.0,-0.0,-0.34,-0.0,0.0,-364.72,222.79,-169.57,8.28,/home/djhuai/zuo/stf/new/STF/save_scenarios_1d/scenario_1_0006_heavy_rain_03.json,0,[],0,False,20260909T160734.097185Z,0,0,scenario_1_0006_heavy_rain_03
8.04,running,[],d3df44c430021fcd70b1dfa0012aede67ccb9cfddf480b0c5cce95617570246e,13152.6,0.0,119.26,0.2,0.18,-0.14,1.47,0.71,8.04,-418.27,217.76,-172.42,7.51,/home/djhuai/zuo/stf/new/STF/save_scenarios_1d/scenario_1_0006_heavy_rain_04.json,0,[],0,False,20260909T160734.097185Z,0,0,scenario_1_0006_heavy_rain_04
5.66,running,[],ce1d18b1df0d2b9e927161eebcc7e1f189ce69bc4dced0693d6fb141c264e17a,13169.0,0.0,73.51,-3.71,-0.62,-0.02,-0.32,-0.0,5.66,-373.07,224.85,-170.02,8.23,/home/djhuai/zuo/stf/new/STF/save_scenarios_1d/scenario_1_0006_heavy_rain_05.json,0,[],0,False,20260909T160734.097185Z,0,0,scenario_1_0006_heavy_rain_05
0.0,running,[],780c8de6b884ca84c9ff0b10e1c064a4050d97cdc9c3fe043dffab685cbcd5f2,13185.2,0.0,65.52,0.0,-0.0,-0.0,-0.34,-0.0,0.0,-365.21,226.23,-169.86,8.28,/home/djhuai/zuo/stf/new/STF/save_scenarios_1d/scenario_1_0006_heavy_rain_06.json,0,[],0,False,20260909T160734.097185Z,0,0,scenario_1_0006_heavy_rain_06
8.08,running,[],d7e396fb8948518cc8cb8e312c0d5b2fc6c5090aa1d734c9a3cb5938aef55772,13204.1,0.0,112.6,-0.4,0.07,-0.54,0.62,1.03,8.08,-410.68,215.27,-171.94,7.35,/home/djhuai/zuo/stf/new/STF/save_scenarios_1d/scenario_1_0006_heavy_rain_07.json,0,[],0,False,20260909T160734.097185Z,0,0,scenario_1_0006_heavy_rain_07
0.0,running,[],9d986f76499f076991115b19f9be02695fca686527f8936ba0f536ba468efe66,13223.2,0.0,65.52,-0.0,0.0,-0.0,-0.34,-0.0,0.0,-365.21,226.23,-169.86,8.28,/home/djhuai/zuo/stf/new/STF/save_scenarios_1d/scenario_1_0006_heavy_rain_08.json,0,[],0,False,20260909T160734.097185Z,0,0,scenario_1_0006_heavy_rain_08
8.08,running,[],dea26b79486dbc33a7aaffb1d3d8e6a9cb048cfbb1a716c86719b9fe6271e022,13238.3,0.0,101.92,-0.34,-0.04,0.1,-1.18,0.53,8.08,-401.1,220.22,-171.48,7.4,/home/djhuai/zuo/stf/new/STF/save_scenarios_1d/scenario_1_0006_light_rain_01.json,0,[],0,False,20260909T160734.097185Z,0,0,scenario_1_0006_light_rain_01
0.0,running,[],9add4e968111522c748aae06d9b2907063d8b186519a73e49f29ba062bcfcf4c,13253.8,0.0,65.52,-0.0,0.0,0.0,-0.34,-0.0,0.0,-365.21,226.23,-169.86,8.28,/home/djhuai/zuo/stf/new/STF/save_scenarios_1d/scenario_1_0006_light_rain_02.json,0,[],0,False,20260909T160734.097185Z,0,0,scenario_1_0006_light_rain_02
8.06,running,[],9152d963c3ddd874962f5aa4996f90ca6fcd4c22c24b7aac7e884b76465a4d8e,13269.8,0.0,108.38,-0.28,0.03,0.29,0.46,0.75,8.06,-407.49,219.26,-171.72,7.37,/home/djhuai/zuo/stf/new/STF/save_scenarios_1d/scenario_1_0006_light_rain_03.json,0,[],0,False,20260909T160734.097185Z,0,0,scenario_1_0006_light_rain_03
0.0,running,[],21b26b875f2a867356f8f42bf215cf50b25019c02fdee209ed0d9caa5068166e,13284.8,0.0,65.52,0.0,-0.0,-0.0,-0.34,-0.0,0.0,-365.21,226.23,-169.86,8.28,/home/djhuai/zuo/stf/new/STF/save_scenarios_1d/scenario_1_0006_light_rain_04.json,0,[],0,False,20260909T160734.097185Z,0,0,scenario_1_0006_light_rain_04
8.06,running,[],d1129abfd301a95241210a4222088d66ce9145b8270729d02918cc2219cd9bc0,13301.2,0.0,113.3,0.11,0.12,0.56,0.6,0.95,8.06,-411.33,215.18,-172.02,7.35,/home/djhuai/zuo/stf/new/STF/save_scenarios_1d/scenario_1_0006_light_rain_05.json,0,[],0,False,20260909T160734.097185Z,0,0,scenario_1_0006_light_rain_05
1.26,running,[],7fa0fb0accf39fe9fafc24a165d32144ae3f541997bb6a921e8ab8e8cfb11036,13318.2,0.0,65.68,-6.06,-1.13,-0.04,-0.3,-0.0,1.26,-365.37,226.21,-169.87,8.28,/home/djhuai/zuo/stf/new/STF/save_scenarios_1d/scenario_1_0006_light_rain_06.json,0,[],0,False,20260909T160734.097185Z,0,0,scenario_1_0006_light_rain_06
0.0,running,[],bbbd0ec02c38196da93eac2b99ebacc2684acd924d6b4e6547b6f32e173a3b36,13335.7,0.0,65.91,-0.0,0.0,-0.0,-0.34,-0.0,0.0,-364.6,222.81,-169.59,8.28,/home/djhuai/zuo/stf/new/STF/save_scenarios_1d/scenario_1_0006_light_rain_07.json,0,[],0,False,20260909T160734.097185Z,0,0,scenario_1_0006_light_rain_07
8.05,running,[],20c1d2d8509716b0c2e170da74dae6c0f5c43ec861610fc315afd0835814101d,13352.0,0.0,87.1,-0.24,0.17,0.01,-2.45,0.58,8.05,-386.47,222.51,-170.45,8.0,/home/djhuai/zuo/stf/new/STF/save_scenarios_1d/scenario_1_0006_light_rain_08.json,0,[],0,False,20260909T160734.097185Z,0,0,scenario_1_0006_light_rain_08
0.0,running,[],e6ae6d70ffea9ac291d25c51dd07f8157f0b083593db169ea9acab802fd33056,13370.7,0.0,65.52,-0.0,0.0,-0.0,-0.34,-0.0,0.0,-365.21,226.23,-169.86,8.28,/home/djhuai/zuo/stf/new/STF/save_scenarios_1d/scenario_1_0006_night_01.json,0,[],0,False,20260909T160734.097185Z,0,0,scenario_1_0006_night_01
8.04,running,[],3e61c810494adc2a704fb801aabe4693c3b9d82c7f27ce24193c62afe6f82121,13390.1,0.0,136.17,0.36,0.09,-0.0,1.05,0.01,8.04,-435.05,215.69,-174.41,7.83,/home/djhuai/zuo/stf/new/STF/save_scenarios_1d/scenario_1_0006_night_02.json,0,[],0,False,20260909T160734.097185Z,0,0,scenario_1_0006_night_02
4.8,running,[],0917e92a9c3516233e10ccc25119890ff27a07a0f4ec610d23fa65494a601aca,13409.4,0.0,67.52,-5.44,-0.96,-0.03,-0.27,-0.0,4.8,-367.18,225.89,-169.93,8.27,/home/djhuai/zuo/stf/new/STF/save_scenarios_1d/scenario_1_0006_night_03.json,0,[],0,False,20260909T160734.097185Z,0,0,scenario_1_0006_night_03
0.0,running,[],36c48171323158ab75f033748950b8d8c4c0aa1beab114f79817aa0d00a0a10b,13428.1,0.0,65.52,0.0,-0.0,-0.0,-0.34,-0.0,0.0,-365.21,226.23,-169.86,8.28,/home/djhuai/zuo/stf/new/STF/save_scenarios_1d/scenario_1_0006_night_04.json,0,[],0,False,20260909T160734.097185Z,0,0,scenario_1_0006_night_04
8.05,running,[],733408e68d0d24dd17ea41d2b5279f524722ef0652b0ed8917509e4fb478622f,13447.0,0.0,122.63,0.02,0.06,-0.01,1.05,0.08,8.05,-421.61,217.31,-172.58,7.59,/home/djhuai/zuo/stf/new/STF/save_scenarios_1d/scenario_1_0006_night_05.json,0,[],0,False,20260909T160734.097185Z,0,0,scenario_1_0006_night_05
0.0,running,[],1712884637a78d66b429c178c51c062b99f7761a61bcb5e1d492b684b60813c9,13466.6,0.0,65.52,-0.0,-0.0,0.0,-0.34,-0.0,0.0,-365.21,226.23,-169.86,8.28,/home/djhuai/zuo/stf/new/STF/save_scenarios_1d/scenario_1_0006_night_06.json,0,[],0,False,20260909T160734.097185Z,0,0,scenario_1_0006_night_06
8.04,running,[],d5802e2c8ae4cf6630c4884a23c020ddf6e51275212bcc6678dba69dbf064b1c,13484.5,0.0,123.94,0.32,-0.05,-0.14,0.97,-0.05,8.04,-422.91,217.14,-172.56,7.61,/home/djhuai/zuo/stf/new/STF/save_scenarios_1d/scenario_1_0006_night_07.json,0,[],0,False,20260909T160734.097185Z,0,0,scenario_1_0006_night_07
8.07,running,[],f9e5a7bfefb7476d9a9ba7b7e61b184a382f05fc8c41419d21f3f86e61359f69,13503.7,0.0,92.76,-0.15,0.07,-0.1,-2.47,0.62,8.07,-392.05,221.6,-171.03,7.75,/home/djhuai/zuo/stf/new/STF/save_scenarios_1d/scenario_1_0006_night_08.json,0,[],0,False,20260909T160734.097185Z,0,0,scenario_1_0006_night_08
0.0,running,[],4b26646fe246d20e7d0e8608d7c7809ed38fc3a9d35ff86bc3c22e1d53fe8da7,13520.7,0.0,65.52,-0.0,0.0,0.0,-0.34,-0.0,0.0,-365.21,226.23,-169.86,8.28,/home/djhuai/zuo/stf/new/STF/save_scenarios_1d/scenario_1_0006_overcast_01.json,0,[],0,False,20260909T160734.097185Z,0,0,scenario_1_0006_overcast_01
8.06,running,[],a1b1be78fcba5dcdd75571d4ce936f12d20472b422addfb3d7c04497486d63f1,13536.7,0.0,107.75,-0.38,-0.02,0.03,0.37,0.77,8.06,-406.87,219.36,-171.69,7.36,/home/djhuai/zuo/stf/new/STF/save_scenarios_1d/scenario_1_0006_overcast_02.json,0,[],0,False,20260909T160734.097185Z,0,0,scenario_1_0006_overcast_02
0.0,running,[],9991de7e60a16fad6915ecae28e0411fb84a829b0b988264ed42d3af8775f817,13553.3,0.0,65.52,0.0,-0.0,-0.0,-0.34,-0.0,0.0,-365.21,226.23,-169.86,8.28,/home/djhuai/zuo/stf/new/STF/save_scenarios_1d/scenario_1_0006_overcast_03.json,0,[],0,False,20260909T160734.097185Z,0,0,scenario_1_0006_overcast_03
8.05,running,[],bb417ab8d479aa3aec959eaff0f9e3e401341385cc7d0ff5206a3572ad695e6f,13570.3,0.0,116.84,0.31,0.23,0.08,0.85,1.02,8.05,-415.87,218.08,-172.28,7.46,/home/djhuai/zuo/stf/new/STF/save_scenarios_1d/scenario_1_0006_overcast_04.json,0,[],0,False,20260909T160734.097185Z,0,0,scenario_1_0006_overcast_04
0.0,running,[],fe5a307a980b7fc7e06a0df0501cfc96a5f85893a65d84d7f4d7929f8c469d99,13586.5,0.0,65.52,0.0,-0.0,-0.0,-0.34,-0.0,0.0,-365.21,226.23,-169.86,8.28,/home/djhuai/zuo/stf/new/STF/save_scenarios_1d/scenario_1_0006_overcast_05.json,0,[],0,False,20260909T160734.097185Z,0,0,scenario_1_0006_overcast_05
8.05,running,[],8d228c27b16d0a2208b4ce000bed30d133abc9209f103381bbd0f9742726144d,13602.4,0.0,107.97,0.35,0.08,0.03,0.41,0.76,8.05,-407.09,219.32,-171.69,7.36,/home/djhuai/zuo/stf/new/STF/save_scenarios_1d/scenario_1_0006_overcast_06.json,0,[],0,False,20260909T160734.097185Z,0,0,scenario_1_0006_overcast_06
0.0,running,[],7d49d290c86e628d9b799b5cf68c4efa0f7361183d6545fc673e515b6d81e9ab,13618.3,0.0,66.16,0.0,-0.0,-0.0,-0.34,-0.0,0.0,-364.81,222.77,-169.61,8.28,/home/djhuai/zuo/stf/new/STF/save_scenarios_1d/scenario_1_0006_overcast_07.json,0,[],0,False,20260909T160734.097185Z,0,0,scenario_1_0006_overcast_07
8.08,running,[],a58d15d5c4790828d5f594801435246354f7a37c52bdd0743e82584a0dc3273e,13634.4,0.0,109.46,-0.51,-0.31,-1.41,0.46,1.02,8.08,-407.47,215.73,-171.76,7.32,/home/djhuai/zuo/stf/new/STF/save_scenarios_1d/scenario_1_0006_overcast_08.json,0,[],0,False,20260909T160734.097185Z,0,0,scenario_1_0006_overcast_08
0.0,running,[],13441a6fadc3038b02a668824530282a8b0b3e3039d905e9b31e13583a9e58b1,13649.6,0.0,65.52,-0.0,0.0,0.0,-0.34,-0.0,0.0,-365.21,226.23,-169.86,8.28,/home/djhuai/zuo/stf/new/STF/save_scenarios_1d/scenario_1_0006_rainy_dusk_01.json,0,[],0,False,20260909T160734.097185Z,0,0,scenario_1_0006_rainy_dusk_01
8.05,running,[],80e471e547b23f822538a0f2e791defb6d98d85231a27a6da1d2987e4d2a5da3,13665.1,0.0,104.75,0.37,0.03,0.23,-0.36,0.63,8.05,-403.9,219.8,-171.54,7.36,/home/djhuai/zuo/stf/new/STF/save_scenarios_1d/scenario_1_0006_rainy_dusk_02.json,0,[],0,False,20260909T160734.097185Z,0,0,scenario_1_0006_rainy_dusk_02
0.0,running,[],9e223e9d40990601005c548404ad943dc6ac6a1c4a336ec7eacb5e69439d169c,13680.1,0.0,65.52,-0.0,0.0,0.0,-0.34,-0.0,0.0,-365.21,226.23,-169.86,8.28,/home/djhuai/zuo/stf/new/STF/save_scenarios_1d/scenario_1_0006_rainy_dusk_03.json,0,[],0,False,20260909T160734.097185Z,0,0,scenario_1_0006_rainy_dusk_03
8.07,running,[],fdb4f815727df41b114fa46595f6c027aacca934e122f510741275a74c0e4115,13696.1,0.0,109.18,-0.39,-0.07,-0.15,0.59,0.83,8.07,-408.29,219.15,-171.77,7.37,/home/djhuai/zuo/stf/new/STF/save_scenarios_1d/scenario_1_0006_rainy_dusk_04.json,0,[],0,False,20260909T160734.097185Z,0,0,scenario_1_0006_rainy_dusk_04
8.36,running,[],57620014a1f822654af08ecbbeee1d2cc118b3ba5eccad6037303497007574d1,13713.2,0.0,77.4,-3.55,-0.7,-0.43,1.35,0.24,8.36,-376.9,224.18,-170.06,8.25,/home/djhuai/zuo/stf/new/STF/save_scenarios_1d/scenario_1_0006_rainy_dusk_05.json,0,[],0,False,20260909T160734.097185Z,0,0,scenario_1_0006_rainy_dusk_05
0.0,running,[],12fafc17b0c7bb8fb8e3b2f9ef2f5e6c16ec5e10c98fc34bc7c00df279a7cb2c,13730.2,0.0,65.52,-0.0,0.0,0.0,-0.34,-0.0,0.0,-365.21,226.23,-169.86,8.28,/home/djhuai/zuo/stf/new/STF/save_scenarios_1d/scenario_1_0006_rainy_dusk_06.json,0,[],0,False,20260909T160734.097185Z,0,0,scenario_1_0006_rainy_dusk_06
8.05,running,[],790e7e711c5949ba230aef23d6ae2af031f5f1589a60dbcd0a68e21acf56a921,13749.6,0.0,127.86,-0.01,-0.01,0.0,1.03,-0.0,8.05,-426.8,216.64,-172.61,7.68,/home/djhuai/zuo/stf/new/STF/save_scenarios_1d/scenario_1_0006_rainy_dusk_07.json,0,[],0,False,20260909T160734.097185Z,0,0,scenario_1_0006_rainy_dusk_07
0.0,running,[],b05350376b4fc64a34de7fa5f774820c9940bdd104fb7bfd4cee366eaab3d749,13766.4,0.0,65.52,0.0,-0.0,0.0,-0.34,-0.0,0.0,-365.21,226.23,-169.86,8.28,/home/djhuai/zuo/stf/new/STF/save_scenarios_1d/scenario_1_0006_rainy_dusk_08.json,0,[],0,False,20260909T160734.097185Z,0,0,scenario_1_0006_rainy_dusk_08
8.05,running,[],74feb3ac4861b37338ff45d2e8744c0ffb042a6138770e9bdbcabcb955066a0a,13783.9,0.0,120.87,0.34,-0.04,0.31,1.46,0.46,8.05,-419.87,217.54,-172.5,7.55,/home/djhuai/zuo/stf/new/STF/save_scenarios_1d/scenario_1_0006_sandstorm_01.json,0,[],0,False,20260909T160734.097185Z,0,0,scenario_1_0006_sandstorm_01
5.22,running,[],48073d64f5ca5dc7c6e34453f0cea6458790a0370decb9998e3d8c1d0feb8fde,13803.0,0.0,72.43,-4.36,-0.76,0.04,-0.32,0.0,5.22,-372.01,225.03,-170.01,8.24,/home/djhuai/zuo/stf/new/STF/save_scenarios_1d/scenario_1_0006_sandstorm_02.json,0,[],0,False,20260909T160734.097185Z,0,0,scenario_1_0006_sandstorm_02
0.0,running,[],08b467dfca7cabcf4d15a2a7b9d6a8bd8482294858b5a9ea4496ee343d285d5b,13821.4,0.0,65.52,-0.0,-0.0,-0.0,-0.34,-0.0,0.0,-365.21,226.23,-169.86,8.28,/home/djhuai/zuo/stf/new/STF/save_scenarios_1d/scenario_1_0006_sandstorm_03.json,0,[],0,False,20260909T160734.097185Z,0,0,scenario_1_0006_sandstorm_03
8.06,running,[],fe4052743f4b61bc36e2fd6e03f41e0b586846905bbc9d47dd96d5e755c61504,13840.5,0.0,132.27,-0.42,0.49,0.03,1.03,0.01,8.06,-431.18,216.09,-173.31,7.76,/home/djhuai/zuo/stf/new/STF/save_scenarios_1d/scenario_1_0006_sandstorm_04.json,0,[],0,False,20260909T160734.097185Z,0,0,scenario_1_0006_sandstorm_04
0.0,running,[],828b4ebaa3a28edd9172dc1366f9b60320931b84cf459b735fd965fbb062a44f,13859.5,0.0,65.52,-0.0,0.0,0.0,-0.34,-0.0,0.0,-365.21,226.23,-169.86,8.28,/home/djhuai/zuo/stf/new/STF/save_scenarios_1d/scenario_1_0006_sandstorm_05.json,0,[],0,False,20260909T160734.097185Z,0,0,scenario_1_0006_sandstorm_05
8.05,running,[],262531c9bc40e542978e790b2fd96cabbc38e1a486162afaa5820c2277bef333,13878.0,0.0,128.92,0.33,0.06,-0.01,1.03,-0.0,8.05,-427.85,216.5,-172.67,7.7,/home/djhuai/zuo/stf/new/STF/save_scenarios_1d/scenario_1_0006_sandstorm_06.json,0,[],0,False,20260909T160734.097185Z,0,0,scenario_1_0006_sandstorm_06
7.23,running,[],1d3f3598623bb9c53c2687293fca3395ec50a1dcfd6cdb43b96bc6e88e499838,13896.9,0.0,89.74,2.08,0.37,-0.05,-2.53,0.79,7.23,-389.06,222.09,-170.68,7.88,/home/djhuai/zuo/stf/new/STF/save_scenarios_1d/scenario_1_0006_sandstorm_07.json,0,[],0,False,20260909T160734.097185Z,0,0,scenario_1_0006_sandstorm_07
0.0,running,[],f4f5424cc2800cc8f6028ed6d54f3084133b69fd1cfc40e4949356ee90224704,13915.4,0.0,65.52,-0.0,0.0,-0.0,-0.34,-0.0,0.0,-365.21,226.23,-169.86,8.28,/home/djhuai/zuo/stf/new/STF/save_scenarios_1d/scenario_1_0006_sandstorm_08.json,0,[],0,False,20260909T160734.097185Z,0,0,scenario_1_0006_sandstorm_08
8.06,running,[],aa1b42984e9d3f144082b1f5276b0b70442f80d05ed1d3f1dddfd8176b8daf6d,13932.7,0.0,118.85,-0.49,0.17,-0.19,1.38,0.87,8.06,-417.87,217.81,-172.4,7.5,/home/djhuai/zuo/stf/new/STF/save_scenarios_1d/scenario_1_0006_snowy_heavy_01.json,0,[],0,False,20260909T160734.097185Z,0,0,scenario_1_0006_snowy_heavy_01
0.0,running,[],862cf3b497c13f1a8d4c708ab8a13b527abe13121f95801cc5ba2fb3185eb38a,13950.6,0.0,65.52,0.0,-0.0,0.0,-0.34,-0.0,0.0,-365.21,226.23,-169.86,8.28,/home/djhuai/zuo/stf/new/STF/save_scenarios_1d/scenario_1_0006_snowy_heavy_02.json,0,[],0,False,20260909T160734.097185Z,0,0,scenario_1_0006_snowy_heavy_02
8.06,running,[],52bfbba6ed8d2df837d472cc816f30489189e9e2e69d0485bb53f3ec6a69602f,13968.7,0.0,125.3,-0.34,-0.07,0.03,1.01,-0.02,8.06,-424.25,216.97,-172.55,7.64,/home/djhuai/zuo/stf/new/STF/save_scenarios_1d/scenario_1_0006_snowy_heavy_03.json,0,[],0,False,20260909T160734.097185Z,0,0,scenario_1_0006_snowy_heavy_03
8.1,running,[],6165f7668db64f84a066e234903f894c896f33f4137c4c4e8d563154d564161f,13987.5,0.0,98.78,-0.51,-0.04,-0.77,-2.25,0.55,8.1,-397.03,217.29,-171.37,7.49,/home/djhuai/zuo/stf/new/STF/save_scenarios_1d/scenario_1_0006_snowy_heavy_04.json,0,[],0,False,20260909T160734.097185Z,0,0,scenario_1_0006_snowy_heavy_04
0.0,running,[],a134f35de26588d258ebbfb475788067cf3f8cbc8ada1641c42c5296e3ac4220,14005.7,0.0,65.52,0.0,-0.0,-0.0,-0.34,-0.0,0.0,-365.21,226.23,-169.86,8.28,/home/djhuai/zuo/stf/new/STF/save_scenarios_1d/scenario_1_0006_snowy_heavy_05.json,0,[],0,False,20260909T160734.097185Z,0,0,scenario_1_0006_snowy_heavy_05
8.06,running,[],aba23787e34c090311db13d82308795be6849e104a399f7ac3ca894ec3f72155,14024.2,0.0,128.52,-0.35,-0.02,0.01,1.03,-0.0,8.06,-427.45,216.55,-172.66,7.69,/home/djhuai/zuo/stf/new/STF/save_scenarios_1d/scenario_1_0006_snowy_heavy_06.json,0,[],0,False,20260909T160734.097185Z,0,0,scenario_1_0006_snowy_heavy_06
0.0,running,[],1c09de1fd07e284ac0a95dff45217281693e7acac41b86857f8c8cdb6900986f,14042.6,0.0,59.5,-0.0,-0.0,0.0,-0.35,-0.0,0.0,-359.29,227.31,-169.54,8.32,/home/djhuai/zuo/stf/new/STF/save_scenarios_1d/scenario_1_0006_snowy_heavy_07.json,0,[],0,False,20260909T160734.097185Z,0,0,scenario_1_0006_snowy_heavy_07
8.04,running,[],de3301702aff3247a15b3b80d4479212df97ac8d3345210a6dd7a4e55430bdd6,14060.9,0.0,127.31,0.34,0.09,-0.0,1.03,-0.0,8.04,-426.25,216.71,-172.6,7.67,/home/djhuai/zuo/stf/new/STF/save_scenarios_1d/scenario_1_0006_snowy_heavy_08.json,0,[],0,False,20260909T160734.097185Z,0,0,scenario_1_0006_snowy_heavy_08
8.11,running,[],a2cb1dcc6503dd63b48fe5843f56508b2b8736d3c9baad55d0b19edc36d92122,14077.0,0.0,88.72,-0.19,-0.06,-0.23,-2.49,0.7,8.11,-388.06,222.25,-170.64,7.93,/home/djhuai/zuo/stf/new/STF/save_scenarios_1d/scenario_1_0006_snowy_light_01.json,0,[],0,False,20260909T160734.097185Z,0,0,scenario_1_0006_snowy_light_01
0.0,running,[],ed616558c848585b2bc54c77ef136fa410ccbc8e0a34397d9eb0b8addffa88d0,14093.2,0.0,65.52,0.0,-0.0,-0.0,-0.34,-0.0,0.0,-365.21,226.23,-169.86,8.28,/home/djhuai/zuo/stf/new/STF/save_scenarios_1d/scenario_1_0006_snowy_light_02.json,0,[],0,False,20260909T160734.097185Z,0,0,scenario_1_0006_snowy_light_02
8.04,running,[],1f14edfdcae7786cd6939fd74a1fd5ca2046bd5ee4d6bf4b47ac4df5eff77633,14111.1,0.0,120.88,0.35,-0.03,0.3,1.46,0.46,8.04,-419.87,217.54,-172.5,7.55,/home/djhuai/zuo/stf/new/STF/save_scenarios_1d/scenario_1_0006_snowy_light_03.json,0,[],0,False,20260909T160734.097185Z,0,0,scenario_1_0006_snowy_light_03
0.0,running,[],f0f3fe0b9ed182c81dcb9909f745d274f0272e7556f52de45ff3c090d77e643d,14127.1,0.0,65.52,-0.0,-0.0,0.0,-0.34,-0.0,0.0,-365.21,226.23,-169.86,8.28,/home/djhuai/zuo/stf/new/STF/save_scenarios_1d/scenario_1_0006_snowy_light_04.json,0,[],0,False,20260909T160734.097185Z,0,0,scenario_1_0006_snowy_light_04
8.05,running,[],dd92a6d08c8bfca131bb8d6e78e229cdbedd56650df0e8a0763d28802e0a4622,14145.1,0.0,124.89,0.34,-0.02,0.01,1.01,-0.03,8.05,-423.85,217.02,-172.56,7.63,/home/djhuai/zuo/stf/new/STF/save_scenarios_1d/scenario_1_0006_snowy_light_05.json,0,[],0,False,20260909T160734.097185Z,0,0,scenario_1_0006_snowy_light_05
0.0,running,[],075d9993a50a63046d86a4e154fdfbcda23c66953a23dbe3c08d38f0231dff69,14163.2,0.0,65.52,-0.0,-0.0,0.0,-0.34,-0.0,0.0,-365.21,226.23,-169.86,8.28,/home/djhuai/zuo/stf/new/STF/save_scenarios_1d/scenario_1_0006_snowy_light_06.json,0,[],0,False,20260909T160734.097185Z,0,0,scenario_1_0006_snowy_light_06
8.05,running,[],c57d01489863a4d53964f370856aa1cb6602b7fa59cea5ed5ac3c7e70bb17361,14182.5,0.0,136.65,0.0,0.06,-0.01,1.0,0.0,8.05,-434.5,212.24,-174.41,7.83,/home/djhuai/zuo/stf/new/STF/save_scenarios_1d/scenario_1_0006_snowy_light_07.json,0,[],0,False,20260909T160734.097185Z,0,0,scenario_1_0006_snowy_light_07
8.05,running,[],78945ddee8dc7228f69f839aa0f3d7387f079fe38ac5d2c395284f449179d3c6,14201.8,0.0,121.01,0.09,-0.01,0.19,1.41,0.45,8.05,-420.01,217.53,-172.55,7.55,/home/djhuai/zuo/stf/new/STF/save_scenarios_1d/scenario_1_0006_snowy_light_08.json,0,[],0,False,20260909T160734.097185Z,0,0,scenario_1_0006_snowy_light_08
0.0,running,[],c48f42495a878e1837eaa7170ba56d4b712915736dae53d0d61cc6b7fdc2c77a,14220.9,0.0,65.52,-0.0,0.0,-0.0,-0.34,-0.0,0.0,-365.21,226.23,-169.86,8.28,/home/djhuai/zuo/stf/new/STF/save_scenarios_1d/scenario_1_0006_sunny_01.json,0,[],0,False,20260909T160734.097185Z,0,0,scenario_1_0006_sunny_01
8.05,running,[],92fadf81612f12b2c1f6d1681c28a5fd625710ff045a8d61384748361a9993ef,14237.8,0.0,116.03,0.34,0.03,0.01,0.77,1.03,8.05,-415.07,218.19,-172.24,7.45,/home/djhuai/zuo/stf/new/STF/save_scenarios_1d/scenario_1_0006_sunny_02.json,0,[],0,False,20260909T160734.097185Z,0,0,scenario_1_0006_sunny_02
4.25,running,[],8a01d353f2b6ee08028dfb22296c1c1c4529242fc3c1014cc90e975de7010f85,14254.9,0.0,67.07,-5.57,-0.98,-0.03,-0.27,-0.0,4.25,-366.73,225.96,-169.91,8.27,/home/djhuai/zuo/stf/new/STF/save_scenarios_1d/scenario_1_0006_sunny_03.json,0,[],0,False,20260909T160734.097185Z,0,0,scenario_1_0006_sunny_03
0.0,running,[],71e5eadb1305b8204ad15674f77c8806d1affce63f348eee49dfdb57cb2667e4,14269.5,0.0,65.52,-0.0,0.0,-0.0,-0.34,-0.0,0.0,-365.21,226.23,-169.86,8.28,/home/djhuai/zuo/stf/new/STF/save_scenarios_1d/scenario_1_0006_sunny_04.json,0,[],0,False,20260909T160734.097185Z,0,0,scenario_1_0006_sunny_04
4.69,running,[],0bbc2ae23ce0667316148556c5b48d590aa4f5ebb736fb0f4a229c05b1c8da52,14286.0,0.0,71.75,-0.17,0.1,-0.0,-0.35,-0.0,4.69,-370.34,221.78,-169.89,8.25,/home/djhuai/zuo/stf/new/STF/save_scenarios_1d/scenario_1_0006_sunny_05.json,0,[],0,False,20260909T160734.097185Z,0,0,scenario_1_0006_sunny_05
0.0,running,[],3cff8a4bca6d3032b98941fb2106b99c3de9288cd6430e84cade2561ab897a26,14302.9,0.0,65.52,0.0,0.0,-0.0,-0.34,-0.0,0.0,-365.21,226.23,-169.86,8.28,/home/djhuai/zuo/stf/new/STF/save_scenarios_1d/scenario_1_0006_sunny_06.json,0,[],0,False,20260909T160734.097185Z,0,0,scenario_1_0006_sunny_06
8.08,running,[],920f8a7386ce83d18ac9aa1798d003291d5d1b00e1177a9c9b7fb69948335f5f,14319.9,0.0,99.64,0.09,0.04,0.69,-1.9,0.48,8.08,-398.85,220.56,-171.42,7.46,/home/djhuai/zuo/stf/new/STF/save_scenarios_1d/scenario_1_0006_sunny_07.json,0,[],0,False,20260909T160734.097185Z,0,0,scenario_1_0006_sunny_07
0.0,running,[],8a1847a04ce0a305aac54b6a427488edf13bd967ef33fea18e4b74de1ced9adc,14336.4,0.0,65.52,0.0,-0.0,0.0,-0.34,-0.0,0.0,-365.21,226.23,-169.86,8.28,/home/djhuai/zuo/stf/new/STF/save_scenarios_1d/scenario_1_0006_sunny_08.json,0,[],0,False,20260909T160734.097185Z,0,0,scenario_1_0006_sunny_08
8.07,running,[],4294f07e7f9a0c484edff10dfae475c5c09778f4627a2b59d8aecfbf842b45c3,14352.7,0.0,111.6,-0.43,0.43,-0.0,0.63,0.86,8.07,-410.68,218.8,-171.88,7.4,/home/djhuai/zuo/stf/new/STF/save_scenarios_1d/scenario_1_0006_wind_01.json,0,[],0,False,20260909T160734.097185Z,0,0,scenario_1_0006_wind_01
0.0,running,[],f9604f55265896097ac741f5c2bdd8813ec1f9fc2cf62cb3f0a0af58bcc08e73,14369.3,0.0,66.03,0.0,-0.0,0.0,-0.34,-0.01,0.0,-364.76,222.81,-169.19,8.28,/home/djhuai/zuo/stf/new/STF/save_scenarios_1d/scenario_1_0006_wind_02.json,0,[],0,False,20260909T160734.097185Z,0,0,scenario_1_0006_wind_02
8.05,running,[],39bb0ed1272eda83585c15c99eafe49903d03019406657249ccebfd0cc4693e8,14385.9,0.0,113.62,0.39,0.14,0.14,0.67,0.94,8.05,-412.68,218.52,-172.11,7.42,/home/djhuai/zuo/stf/new/STF/save_scenarios_1d/scenario_1_0006_wind_03.json,0,[],0,False,20260909T160734.097185Z,0,0,scenario_1_0006_wind_03
0.0,running,[],04e8783898dd2008096b7ec5a740818260da7c8fe7f39b0e0eb2e380d306e3c0,14402.4,0.0,65.52,0.0,-0.0,-0.0,-0.34,-0.0,0.0,-365.21,226.23,-169.86,8.28,/home/djhuai/zuo/stf/new/STF/save_scenarios_1d/scenario_1_0006_wind_04.json,0,[],0,False,20260909T160734.097185Z,0,0,scenario_1_0006_wind_04
8.04,running,[],07d34e330be459eeea42bd80c9008a7a888e6b0d2461b16364be76bc94bc4fec,14420.8,0.0,128.11,0.33,0.07,-0.0,1.03,-0.0,8.04,-427.05,216.61,-172.64,7.69,/home/djhuai/zuo/stf/new/STF/save_scenarios_1d/scenario_1_0006_wind_05.json,0,[],0,False,20260909T160734.097185Z,0,0,scenario_1_0006_wind_05
4.68,running,[],8a5bea06798146332481d02786ec91728857a10373cd1f704294973c20e83a2f,14437.1,0.0,71.68,-0.94,-0.17,-0.01,-0.35,-0.0,4.68,-371.28,225.16,-170.0,8.24,/home/djhuai/zuo/stf/new/STF/save_scenarios_1d/scenario_1_0006_wind_06.json,0,[],0,False,20260909T160734.097185Z,0,0,scenario_1_0006_wind_06
0.0,running,[],4f0cafefa1b6267e4fccd20e03291426013c2e64622236ad8eac51ca32a17a59,14452.1,0.0,66.07,-0.0,-0.0,0.0,-0.34,-0.0,0.0,-364.72,222.79,-169.59,8.28,/home/djhuai/zuo/stf/new/STF/save_scenarios_1d/scenario_1_0006_wind_07.json,0,[],0,False,20260909T160734.097185Z,0,0,scenario_1_0006_wind_07
6.15,running,[],665eca07d53365f7fa4f3cd7720dafb7e7501753e3294cba5725b493f0e7c929,14468.3,0.0,76.93,-4.16,-0.87,-0.33,1.13,0.11,6.15,-376.45,224.26,-170.05,8.25,/home/djhuai/zuo/stf/new/STF/save_scenarios_1d/scenario_1_0006_wind_08.json,0,[],0,False,20260909T160734.097185Z,0,0,scenario_1_0006_wind_08
0.0,running,[],348fe8d8dcc6864f1a68af131a8138d0ab5d85c0e2cb58d2939954ad29835abf,14486.0,0.0,74.15,-0.0,0.0,-0.0,-0.34,-0.0,0.0,-363.61,215.85,-169.86,8.28,/home/djhuai/zuo/stf/new/STF/save_scenarios_1d/scenario_1_0007_cloudy_01.json,0,[],0,False,20260909T160734.097185Z,0,0,scenario_1_0007_cloudy_01
8.07,running,[],cf8b5fa457e2250680e1e4f2cc2f778bd8cd73eeef4b8098a7383ff84fc11084,14503.6,0.0,124.21,0.61,-1.78,-0.04,0.21,1.03,8.07,-412.48,206.06,-150.33,7.23,/home/djhuai/zuo/stf/new/STF/save_scenarios_1d/scenario_1_0007_cloudy_02.json,0,[],0,False,20260909T160734.097185Z,0,0,scenario_1_0007_cloudy_02
0.0,running,[],d64ed1c17b32028d29f3cbc62166ad7e230c18ee45ec84b2c04f19e6f5fe78b0,14521.2,0.0,68.29,-0.0,0.0,0.0,-0.34,-0.0,0.0,-357.84,216.9,-169.51,8.31,/home/djhuai/zuo/stf/new/STF/save_scenarios_1d/scenario_1_0007_cloudy_03.json,0,[],0,False,20260909T160734.097185Z,0,0,scenario_1_0007_cloudy_03
8.05,running,[],6e283fda50a2cbcdfdf3afb486c0d9e89a1ef35035a64beadc2d112aa90e82da,14538.8,0.0,124.61,2.64,-3.18,-0.1,0.19,1.03,8.05,-412.83,205.84,-149.4,7.23,/home/djhuai/zuo/stf/new/STF/save_scenarios_1d/scenario_1_0007_cloudy_04.json,0,[],0,False,20260909T160734.097185Z,0,0,scenario_1_0007_cloudy_04
0.0,running,[],56a15e7bc4132f140fd8151e7d8979fb0b90d358d6591433535ea6ae311b3066,14557.1,0.0,68.66,0.0,0.0,0.0,-0.36,-0.0,0.0,-358.21,216.83,-169.58,8.31,/home/djhuai/zuo/stf/new/STF/save_scenarios_1d/scenario_1_0007_cloudy_05.json,0,[],0,False,20260909T160734.097185Z,0,0,scenario_1_0007_cloudy_05
0.0,running,[],e1ef0612ae1868ff4a559b8a2f81ff44578387a3cfcb8cd2b2d77c548b37544a,14574.4,0.0,74.15,0.0,-0.0,0.0,-0.34,-0.0,0.0,-363.61,215.85,-169.86,8.28,/home/djhuai/zuo/stf/new/STF/save_scenarios_1d/scenario_1_0007_cloudy_06.json,0,[],0,False,20260909T160734.097185Z,0,0,scenario_1_0007_cloudy_06
8.1,running,[],42fcc0a9a53ea285ea67f599ef6f8c0c323e65c5ed2f65d95fa1eeeba0354f48,14592.5,0.0,97.98,0.17,0.08,0.01,-2.3,0.4,8.1,-387.1,211.87,-171.38,7.81,/home/djhuai/zuo/stf/new/STF/save_scenarios_1d/scenario_1_0007_cloudy_07.json,0,[],0,False,20260909T160734.097185Z,0,0,scenario_1_0007_cloudy_07
0.0,running,[],35bfe1443d0e2fa983e303a247b1eeae6c5432dd617bb40768b6e91f9897efcb,14609.9,0.0,74.15,-0.0,0.0,-0.0,-0.34,-0.0,0.0,-363.61,215.85,-169.86,8.28,/home/djhuai/zuo/stf/new/STF/save_scenarios_1d/scenario_1_0007_cloudy_08.json,0,[],0,False,20260909T160734.097185Z,0,0,scenario_1_0007_cloudy_08
8.05,running,[],53c4194de140b2b2bc923d9cb144bb54fc51d648279f27a76098018ab5256759,14627.8,0.0,126.25,0.09,-0.14,0.38,0.65,1.08,8.05,-415.04,207.6,-172.35,7.28,/home/djhuai/zuo/stf/new/STF/save_scenarios_1d/scenario_1_0007_cold_fog_01.json,0,[],0,False,20260909T160734.097185Z,0,0,scenario_1_0007_cold_fog_01
0.0,running,[],1c5b986349e7c40b9f22980b0148606e73fe780a2a457d48a3936a0bf3b781f7,14643.7,0.0,69.23,-0.0,0.0,0.0,-0.34,-0.0,0.0,-358.76,216.73,-169.61,8.31,/home/djhuai/zuo/stf/new/STF/save_scenarios_1d/scenario_1_0007_cold_fog_02.json,0,[],0,False,20260909T160734.097185Z,0,0,scenario_1_0007_cold_fog_02
8.04,running,[],3d820e9ec5e3248414ddf238695e42910c7ac08a28410e6bd17e7fa516b06f28,14662.0,0.0,130.25,1.31,-0.66,0.48,0.22,1.6,8.04,-417.2,202.3,-136.51,7.24,/home/djhuai/zuo/stf/new/STF/save_scenarios_1d/scenario_1_0007_cold_fog_03.json,0,[],0,False,20260909T160734.097185Z,0,0,scenario_1_0007_cold_fog_03
8.08,running,[],f116507c8b7c46dbac98978876d6deaf81b714aa6ef4830f8436e7754b014a30,14682.1,0.0,106.91,0.13,0.19,1.41,-2.43,0.48,8.08,-395.9,210.37,-171.37,7.43,/home/djhuai/zuo/stf/new/STF/save_scenarios_1d/scenario_1_0007_cold_fog_04.json,0,[],0,False,20260909T160734.097185Z,0,0,scenario_1_0007_cold_fog_04
0.0,running,[],126582433c73215f89da357156561ef3f23fc0db19c19994ea3197259fbea78c,14700.5,0.0,74.15,-0.0,0.0,0.0,-0.34,-0.0,0.0,-363.61,215.85,-169.86,8.28,/home/djhuai/zuo/stf/new/STF/save_scenarios_1d/scenario_1_0007_cold_fog_05.json,0,[],0,False,20260909T160734.097185Z,0,0,scenario_1_0007_cold_fog_05
8.09,running,[],5f1903aa74c45f8320b6019c580747cecd428202437ca70e86a3936679223ae0,14719.8,0.0,137.91,-0.77,0.15,0.03,-0.57,0.14,8.09,-421.9,196.27,-125.63,7.2,/home/djhuai/zuo/stf/new/STF/save_scenarios_1d/scenario_1_0007_cold_fog_06.json,0,[],0,False,20260909T160734.097185Z,0,0,scenario_1_0007_cold_fog_06
5.39,running,[],f1161102d5281a174751b58a56865a67badf0c273aad973413a389fc35a6ace1,14739.2,0.0,80.69,-3.91,-0.68,-0.09,-0.3,-0.0,5.39,-370.05,214.72,-170.01,8.24,/home/djhuai/zuo/stf/new/STF/save_scenarios_1d/scenario_1_0007_cold_fog_07.json,0,[],0,False,20260909T160734.097185Z,0,0,scenario_1_0007_cold_fog_07
0.0,running,[],df7248eace95b325802e48965358540d6bb20beb1ef6cd091acfb8f45c169389,14758.8,0.0,74.15,-0.0,0.0,-0.0,-0.34,-0.0,0.0,-363.61,215.85,-169.86,8.28,/home/djhuai/zuo/stf/new/STF/save_scenarios_1d/scenario_1_0007_cold_fog_08.json,0,[],0,False,20260909T160734.097185Z,0,0,scenario_1_0007_cold_fog_08
0.86,running,[],7c31e48d929f87c316e0e59c2e4b60331b9b092bf0fc3622aaaa7a983cbd8926,14775.5,0.0,113.84,25.96,4.77,0.47,-1.08,0.79,0.86,-402.79,209.55,-169.94,7.23,/home/djhuai/zuo/stf/new/STF/save_scenarios_1d/scenario_1_0007_dawn_01.json,0,[],0,False,20260909T160734.097185Z,0,0,scenario_1_0007_dawn_01
0.0,running,[],5ad8496f9dfe0b3f28cd1e4e40803f2ccb8d20d969dbc7c5cd94d04813f07969,14792.8,0.0,74.15,-0.0,0.0,-0.0,-0.34,-0.0,0.0,-363.61,215.85,-169.86,8.28,/home/djhuai/zuo/stf/new/STF/save_scenarios_1d/scenario_1_0007_dawn_02.json,0,[],0,False,20260909T160734.097185Z,0,0,scenario_1_0007_dawn_02
8.09,running,[],553f078aa1cf74d6f4926a53c0bd50aad9279fe017d547db4f72fb05c2b54b50,14808.6,0.0,109.69,-0.4,-0.16,-0.13,-1.75,0.68,8.09,-398.69,210.24,-172.36,7.33,/home/djhuai/zuo/stf/new/STF/save_scenarios_1d/scenario_1_0007_dawn_03.json,0,[],0,False,20260909T160734.097185Z,0,0,scenario_1_0007_dawn_03
0.0,running,[],1e7d7b9c510c5485e348a97e4f7448a68f7567f28811f5716260a354feda910e,14825.8,0.0,74.15,0.0,-0.0,-0.0,-0.34,-0.0,0.0,-363.61,215.85,-169.86,8.28,/home/djhuai/zuo/stf/new/STF/save_scenarios_1d/scenario_1_0007_dawn_04.json,0,[],0,False,20260909T160734.097185Z,0,0,scenario_1_0007_dawn_04
8.05,running,[],ae32f5ee9235228d09ac8ced0248a2434f31073f74fe37f81561593d02a548fc,14843.6,0.0,125.42,1.17,-1.23,-0.04,0.15,1.03,8.05,-413.5,205.4,-147.49,7.23,/home/djhuai/zuo/stf/new/STF/save_scenarios_1d/scenario_1_0007_dawn_05.json,0,[],0,False,20260909T160734.097185Z,0,0,scenario_1_0007_dawn_05
8.17,running,[],398c5b0b0304d045748fc8c7be017d1f22e589cc1d22bc1a44b9ef4d38138144,14861.5,0.0,91.91,-0.08,0.02,0.06,-2.37,0.36,8.17,-381.1,212.78,-170.19,8.06,/home/djhuai/zuo/stf/new/STF/save_scenarios_1d/scenario_1_0007_dawn_06.json,0,[],0,False,20260909T160734.097185Z,0,0,scenario_1_0007_dawn_06
0.0,running,[],5ff265bee701a648ab75a2a5f7e5c997674a03212d5cd5d2c1414e66453c1bd4,14878.6,0.0,74.15,0.0,0.0,0.0,-0.34,-0.0,0.0,-363.61,215.85,-169.86,8.28,/home/djhuai/zuo/stf/new/STF/save_scenarios_1d/scenario_1_0007_dawn_07.json,0,[],0,False,20260909T160734.097185Z,0,0,scenario_1_0007_dawn_07
8.06,running,[],58838c6db8df7dc5dd3df6c17791a71079591dfa6021a07c388f1f8ee8c977d8,14895.2,0.0,116.55,1.14,-3.78,-0.57,-0.12,0.9,8.06,-405.44,208.99,-167.4,7.21,/home/djhuai/zuo/stf/new/STF/save_scenarios_1d/scenario_1_0007_dawn_08.json,0,[],0,False,20260909T160734.097185Z,0,0,scenario_1_0007_dawn_08
0.0,running,[],8a3c30b409bf95b7b9054161e7e18398ec7583e481841bf8b1f17dba8ffad989,14911.2,0.0,74.15,-0.0,-0.0,0.0,-0.34,-0.0,0.0,-363.61,215.85,-169.86,8.28,/home/djhuai/zuo/stf/new/STF/save_scenarios_1d/scenario_1_0007_dusk_01.json,0,[],0,False,20260909T160734.097185Z,0,0,scenario_1_0007_dusk_01
8.07,running,[],d4b21585fcf9ea77d5a921ed6b52dd0e3d645f147f05757a8284b23b21af65bd,14927.4,0.0,113.32,0.3,-0.08,0.42,-0.9,0.76,8.07,-402.28,209.64,-170.03,7.24,/home/djhuai/zuo/stf/new/STF/save_scenarios_1d/scenario_1_0007_dusk_02.json,0,[],0,False,20260909T160734.097185Z,0,0,scenario_1_0007_dusk_02
0.0,running,[],99c8bb2931c18fdfa9f6b194d4e627c7faaafc90315d33589a25b85043c9bfe5,14944.2,0.0,74.15,0.0,-0.0,-0.0,-0.34,-0.0,0.0,-363.61,215.85,-169.86,8.28,/home/djhuai/zuo/stf/new/STF/save_scenarios_1d/scenario_1_0007_dusk_03.json,0,[],0,False,20260909T160734.097185Z,0,0,scenario_1_0007_dusk_03
8.08,running,[],e2295bb11aadfc7b6d268003ada886ba16ed7e87bd50bad3d734e253ae156803,14961.5,0.0,119.22,0.1,0.12,-0.61,0.28,1.09,8.08,-408.08,208.57,-171.83,7.22,/home/djhuai/zuo/stf/new/STF/save_scenarios_1d/scenario_1_0007_dusk_04.json,0,[],0,False,20260909T160734.097185Z,0,0,scenario_1_0007_dusk_04
0.0,running,[],1d79bea81ae19ef075c3bd4a08fe6f00a61c87ab28ce407b6109eef83b529ec3,14977.2,0.0,74.15,0.0,-0.0,0.0,-0.34,-0.0,0.0,-363.61,215.85,-169.86,8.28,/home/djhuai/zuo/stf/new/STF/save_scenarios_1d/scenario_1_0007_dusk_05.json,0,[],0,False,20260909T160734.097185Z,0,0,scenario_1_0007_dusk_05
8.39,running,[],ce947f2059ef05a06e077e84ea2bd696d1a28d1ef7c1f2d7d02d0163339cbc1a,14993.9,0.0,111.34,1.21,0.1,0.14,-1.36,0.72,8.39,-400.28,209.71,-171.52,7.28,/home/djhuai/zuo/stf/new/STF/save_scenarios_1d/scenario_1_0007_dusk_06.json,0,[],0,False,20260909T160734.097185Z,0,0,scenario_1_0007_dusk_06
4.84,running,[],33eba207ed7681792ee7e6e1566dc9831fb4642bc5bba6038ac9d9d00f71f4bc,15010.9,0.0,80.41,-1.98,-0.35,-0.01,-0.35,-0.0,4.84,-369.77,214.77,-170.0,8.24,/home/djhuai/zuo/stf/new/STF/save_scenarios_1d/scenario_1_0007_dusk_07.json,0,[],0,False,20260909T160734.097185Z,0,0,scenario_1_0007_dusk_07
0.0,running,[],ac96b4421af237394ced2db8c00585a7cd05d864e9f0333cc7aacbee1ed4bf36,15028.8,0.0,74.15,-0.0,-0.0,0.0,-0.34,-0.0,0.0,-363.61,215.85,-169.86,8.28,/home/djhuai/zuo/stf/new/STF/save_scenarios_1d/scenario_1_0007_dusk_08.json,0,[],0,False,20260909T160734.097185Z,0,0,scenario_1_0007_dusk_08
8.04,running,[],3f5f647649180f7448a9f37f0dfac16f7b739383c9d589dc9ec92cdbfaac0fdf,15046.0,0.0,120.58,0.96,-1.46,0.27,0.18,0.96,8.04,-409.26,207.72,-158.75,7.21,/home/djhuai/zuo/stf/new/STF/save_scenarios_1d/scenario_1_0007_fog_01.json,0,[],0,False,20260909T160734.097185Z,0,0,scenario_1_0007_fog_01
0.0,running,[],10e3d3d56180629dd6c547880e2de0f5432392777ee618f7d4a309037ceddb68,15064.1,0.0,74.15,0.0,0.0,-0.0,-0.34,-0.0,0.0,-363.61,215.85,-169.86,8.28,/home/djhuai/zuo/stf/new/STF/save_scenarios_1d/scenario_1_0007_fog_02.json,0,[],0,False,20260909T160734.097185Z,0,0,scenario_1_0007_fog_02
8.01,running,[],2867f0a2a2070658e9daa9c7cbbf60c8a58f61dd2a7a2dfd16394ad55d28e80f,15083.2,0.0,136.69,0.72,-0.08,1.44,-1.84,1.03,8.01,-421.2,197.27,-126.11,7.23,/home/djhuai/zuo/stf/new/STF/save_scenarios_1d/scenario_1_0007_fog_03.json,0,[],0,False,20260909T160734.097185Z,0,0,scenario_1_0007_fog_03
8.14,running,[],83cc2b2e56df36880924e8a8a446fa28ee84e33b0b1439eb79bc32ca3765a8b5,15102.5,0.0,87.49,2.36,0.49,-0.89,-0.58,0.33,8.14,-376.75,213.54,-170.04,8.2,/home/djhuai/zuo/stf/new/STF/save_scenarios_1d/scenario_1_0007_fog_04.json,0,[],0,False,20260909T160734.097185Z,0,0,scenario_1_0007_fog_04
0.0,running,[],e37c04d07546f60cec59cf2cee85629d41b393570f96a80366aa83fa65cdb91f,15121.5,0.0,74.15,-0.0,0.0,-0.0,-0.34,-0.0,0.0,-363.61,215.85,-169.86,8.28,/home/djhuai/zuo/stf/new/STF/save_scenarios_1d/scenario_1_0007_fog_05.json,0,[],0,False,20260909T160734.097185Z,0,0,scenario_1_0007_fog_05
8.01,running,[],defde5bb19a9b71b9f1a0720fe5e52d551ffbe89afbb57c608cb726e76bd167c,15140.8,0.0,137.92,0.2,0.13,0.73,2.43,0.47,8.01,-426.61,206.06,-172.76,7.64,/home/djhuai/zuo/stf/new/STF/save_scenarios_1d/scenario_1_0007_fog_06.json,0,[],0,False,20260909T160734.097185Z,0,0,scenario_1_0007_fog_06
0.0,running,[],977cd2737cc088f310bd0c6449c5242fec091082fc7222c4ade4132aa60523db,15160.0,0.0,74.15,-0.0,0.0,0.0,-0.34,-0.0,0.0,-363.61,215.85,-169.86,8.28,/home/djhuai/zuo/stf/new/STF/save_scenarios_1d/scenario_1_0007_fog_07.json,0,[],0,False,20260909T160734.097185Z,0,0,scenario_1_0007_fog_07
0.0,running,[],4981a16705881e5ce60dcaf97dc17b2b23d5868d32bf1abc8a5f27eefed322ab,15178.1,0.0,74.15,0.0,0.0,-0.0,-0.34,-0.0,0.0,-363.61,215.85,-169.86,8.28,/home/djhuai/zuo/stf/new/STF/save_scenarios_1d/scenario_1_0007_fog_08.json,0,[],0,False,20260909T160734.097185Z,0,0,scenario_1_0007_fog_08
8.06,running,[],40704395f8fe1a202cf044b9474a897a95690704f1dc6608af5da605cfe83c80,15194.7,0.0,100.47,0.32,0.26,0.02,-2.3,0.41,8.06,-389.57,211.51,-171.63,7.71,/home/djhuai/zuo/stf/new/STF/save_scenarios_1d/scenario_1_0007_heavy_rain_01.json,0,[],0,False,20260909T160734.097185Z,0,0,scenario_1_0007_heavy_rain_01
0.0,running,[],40d67ffb99fb0153d0fc2289fc50308caf4fd51253d7f67d91404e6fa0e351a7,15212.2,0.0,74.15,-0.0,-0.0,-0.0,-0.34,-0.0,0.0,-363.61,215.85,-169.86,8.28,/home/djhuai/zuo/stf/new/STF/save_scenarios_1d/scenario_1_0007_heavy_rain_02.json,0,[],0,False,20260909T160734.097185Z,0,0,scenario_1_0007_heavy_rain_02
8.04,running,[],d95098ae69dadf0184fd98decd37dd3ff1649b10177164091f917d04152c03f9,15229.4,0.0,121.39,2.1,-3.6,-0.84,0.15,0.99,8.04,-410.0,207.39,-156.93,7.22,/home/djhuai/zuo/stf/new/STF/save_scenarios_1d/scenario_1_0007_heavy_rain_03.json,0,[],0,False,20260909T160734.097185Z,0,0,scenario_1_0007_heavy_rain_03
0.0,running,[],70e78025f79a608715c821c3cf41ffd39d30ef685b7415f3dceeb2b9137b74e2,15246.4,0.0,68.29,-0.0,0.0,-0.0,-0.34,-0.0,0.0,-357.84,216.9,-169.51,8.31,/home/djhuai/zuo/stf/new/STF/save_scenarios_1d/scenario_1_0007_heavy_rain_04.json,0,[],0,False,20260909T160734.097185Z,0,0,scenario_1_0007_heavy_rain_04
8.08,running,[],a9cd039cbdddbfd751030cea91043e0c0550d851cd868d9ac208336f91414924,15262.7,0.0,113.34,-0.09,-0.04,0.3,-0.88,0.83,8.08,-402.26,209.42,-171.58,7.24,/home/djhuai/zuo/stf/new/STF/save_scenarios_1d/scenario_1_0007_heavy_rain_05.json,0,[],0,False,20260909T160734.097185Z,0,0,scenario_1_0007_heavy_rain_05
0.0,running,[],78a1f82d6bbb67596bb0f1542dd3036194fc475e818c8d87434f1eb5b42e254a,15279.6,0.0,74.15,0.0,-0.0,-0.0,-0.34,-0.0,0.0,-363.61,215.85,-169.86,8.28,/home/djhuai/zuo/stf/new/STF/save_scenarios_1d/scenario_1_0007_heavy_rain_06.json,0,[],0,False,20260909T160734.097185Z,0,0,scenario_1_0007_heavy_rain_06
8.06,running,[],962f7917020a8e787c011ab5a83deb8057f4d690fa054c593f2ce70a7b4e6b73,15300.3,0.0,148.78,-0.01,0.15,-0.03,0.93,0.01,8.06,-437.42,205.04,-176.78,7.89,/home/djhuai/zuo/stf/new/STF/save_scenarios_1d/scenario_1_0007_heavy_rain_07.json,0,[],0,False,20260909T160734.097185Z,0,0,scenario_1_0007_heavy_rain_07
8.13,running,[],ddb6b1f96cbc44243c78e39f5ab3781afdcfb22c0975b145440b772576544466,15319.4,0.0,134.78,-0.4,-0.03,0.4,-0.63,1.64,8.13,-420.08,198.81,-127.48,7.24,/home/djhuai/zuo/stf/new/STF/save_scenarios_1d/scenario_1_0007_heavy_rain_08.json,0,[],0,False,20260909T160734.097185Z,0,0,scenario_1_0007_heavy_rain_08
0.0,running,[],2bf522d3e6b17c559c130a03a406c540296a93776550740a09c5e65e7db8166c,15336.0,0.0,74.15,0.0,-0.0,0.0,-0.34,-0.0,0.0,-363.61,215.85,-169.86,8.28,/home/djhuai/zuo/stf/new/STF/save_scenarios_1d/scenario_1_0007_light_rain_01.json,0,[],0,False,20260909T160734.097185Z,0,0,scenario_1_0007_light_rain_01
8.05,running,[],367191f83f7fc0964b266a2e1a2df1ec1d73507050e89ffa22b1e735db06e2dd,15352.8,0.0,117.78,0.23,0.06,1.05,0.33,0.86,8.05,-406.66,208.77,-171.81,7.21,/home/djhuai/zuo/stf/new/STF/save_scenarios_1d/scenario_1_0007_light_rain_02.json,0,[],0,False,20260909T160734.097185Z,0,0,scenario_1_0007_light_rain_02
0.0,running,[],e22e72b9c7ff3458a7b0f82259dfd06d7dff3636f114ffa14ef865ef1a5b7cf9,15370.3,0.0,74.15,0.0,0.0,0.0,-0.34,-0.0,0.0,-363.61,215.85,-169.86,8.28,/home/djhuai/zuo/stf/new/STF/save_scenarios_1d/scenario_1_0007_light_rain_03.json,0,[],0,False,20260909T160734.097185Z,0,0,scenario_1_0007_light_rain_03
8.06,running,[],12a535dcc38e79e421ae2100155a1c6f6cae2efff6cb0553625d02ddfd07ee37,15388.0,0.0,125.04,-0.03,0.22,-0.01,0.61,0.98,8.06,-413.85,207.76,-172.3,7.27,/home/djhuai/zuo/stf/new/STF/save_scenarios_1d/scenario_1_0007_light_rain_04.json,0,[],0,False,20260909T160734.097185Z,0,0,scenario_1_0007_light_rain_04
8.07,running,[],50e839c64bfab386242122941a08d09cb94b55b511df14f0fa009fbdd856c8a2,15405.9,0.0,98.78,0.5,0.11,0.02,-2.3,0.4,8.07,-387.89,211.75,-171.43,7.78,/home/djhuai/zuo/stf/new/STF/save_scenarios_1d/scenario_1_0007_light_rain_05.json,0,[],0,False,20260909T160734.097185Z,0,0,scenario_1_0007_light_rain_05
0.0,running,[],6bb8ba60a17eaa3600c0d281acae94bf77f923fa6cb1f126b0effdf4325596e2,15423.6,0.0,74.15,-0.0,0.0,-0.0,-0.34,-0.0,0.0,-363.61,215.85,-169.86,8.28,/home/djhuai/zuo/stf/new/STF/save_scenarios_1d/scenario_1_0007_light_rain_06.json,0,[],0,False,20260909T160734.097185Z,0,0,scenario_1_0007_light_rain_06
8.06,running,[],b6930a737fd5de4bc67ad1c43dc05ebfb0e57c7c0a2fec1fee061e57c8f10d1c,15440.8,0.0,120.99,0.34,-1.85,0.05,0.14,0.97,8.06,-409.63,207.56,-157.89,7.22,/home/djhuai/zuo/stf/new/STF/save_scenarios_1d/scenario_1_0007_light_rain_07.json,0,[],0,False,20260909T160734.097185Z,0,0,scenario_1_0007_light_rain_07
0.0,running,[],a61e5c877f9666bf26a286dcdfd11813c188bb5f9982767fe32b04f848d72957,15458.3,0.0,74.15,-0.0,-0.0,-0.0,-0.34,-0.0,0.0,-363.61,215.85,-169.86,8.28,/home/djhuai/zuo/stf/new/STF/save_scenarios_1d/scenario_1_0007_light_rain_08.json,0,[],0,False,20260909T160734.097185Z,0,0,scenario_1_0007_light_rain_08
8.09,running,[],f4a166b94ddc6340e595e97a358554455f738c198898f6224412adec3a64a054,15477.7,0.0,139.13,-0.48,-0.12,-1.27,2.57,0.47,8.09,-427.81,205.91,-172.82,7.69,/home/djhuai/zuo/stf/new/STF/save_scenarios_1d/scenario_1_0007_night_01.json,0,[],0,False,20260909T160734.097185Z,0,0,scenario_1_0007_night_01
8.08,running,[],28849a516c145bf3cfed8ddb7d04ecca7132c5581d4b8da709a38166de7cefdf,15497.2,0.0,104.48,-0.28,0.04,0.5,-2.61,0.39,8.08,-393.5,210.74,-171.17,7.54,/home/djhuai/zuo/stf/new/STF/save_scenarios_1d/scenario_1_0007_night_02.json,0,[],0,False,20260909T160734.097185Z,0,0,scenario_1_0007_night_02
0.0,running,[],d7a2ee98d8efb229954066179c0228fe568ef54a442b893f21e482bcc78eb955,15516.3,0.0,74.15,-0.0,-0.0,-0.0,-0.34,-0.0,0.0,-363.61,215.85,-169.86,8.28,/home/djhuai/zuo/stf/new/STF/save_scenarios_1d/scenario_1_0007_night_03.json,0,[],0,False,20260909T160734.097185Z,0,0,scenario_1_0007_night_03
8.02,running,[],f3f7e36e434f1f5ff0c742ca3deaa389d84250a5e479b6b5ccfb467fae91334d,15535.5,0.0,137.12,0.08,0.36,0.5,2.16,0.85,8.02,-425.82,206.16,-172.72,7.61,/home/djhuai/zuo/stf/new/STF/save_scenarios_1d/scenario_1_0007_night_04.json,0,[],0,False,20260909T160734.097185Z,0,0,scenario_1_0007_night_04
5.9,running,[],7be27263712987606c1c0e06223dbefd889a7d13ec72e54dbc1a84640196b780,15554.8,0.0,81.8,-4.42,-0.81,-0.03,-0.31,-0.0,5.9,-371.14,214.53,-170.02,8.23,/home/djhuai/zuo/stf/new/STF/save_scenarios_1d/scenario_1_0007_night_05.json,0,[],0,False,20260909T160734.097185Z,0,0,scenario_1_0007_night_05
0.0,running,[],2695ccce5369753965aa588a68201947b32cac7f8dec927f4f500dec40a1cd70,15573.8,0.0,74.15,0.0,0.0,0.0,-0.34,-0.0,0.0,-363.61,215.85,-169.86,8.28,/home/djhuai/zuo/stf/new/STF/save_scenarios_1d/scenario_1_0007_night_06.json,0,[],0,False,20260909T160734.097185Z,0,0,scenario_1_0007_night_06
8.04,running,[],59fc027c240f50537f9c466eb9daa9bae7c121f242d1a425cf99afab7f221dbe,15592.9,0.0,136.31,-0.03,0.07,-0.0,2.02,1.2,8.04,-425.02,206.27,-172.69,7.58,/home/djhuai/zuo/stf/new/STF/save_scenarios_1d/scenario_1_0007_night_07.json,0,[],0,False,20260909T160734.097185Z,0,0,scenario_1_0007_night_07
0.0,running,[],b85dc318745d60f294828a47491c3a487a4159b55e7dd785ca5bd3c144a244c4,15612.4,0.0,74.15,-0.0,0.0,0.0,-0.34,-0.0,0.0,-363.61,215.85,-169.86,8.28,/home/djhuai/zuo/stf/new/STF/save_scenarios_1d/scenario_1_0007_night_08.json,0,[],0,False,20260909T160734.097185Z,0,0,scenario_1_0007_night_08
8.07,running,[],a63093a75ab6ec579e17b4a4ff3585a62ede3f5f0d116699e255666d2c9cb25f,15629.4,0.0,119.8,0.08,0.17,0.86,0.43,0.97,8.07,-408.66,208.48,-171.84,7.22,/home/djhuai/zuo/stf/new/STF/save_scenarios_1d/scenario_1_0007_overcast_01.json,0,[],0,False,20260909T160734.097185Z,0,0,scenario_1_0007_overcast_01
5.4,running,[],5c50c4b4692791485e9c5d8da6e6d7b7fd5203d4c4a30023113ba8e5d02d0ab2,15646.4,0.0,75.99,2.22,0.39,0.01,-0.34,-0.0,5.4,-365.43,215.54,-169.94,8.27,/home/djhuai/zuo/stf/new/STF/save_scenarios_1d/scenario_1_0007_overcast_02.json,0,[],0,False,20260909T160734.097185Z,0,0,scenario_1_0007_overcast_02
0.0,running,[],e9b1824eab2cf52cb161462d8a6effa4ae118a7d5ae22f3e1cf97f2f2ab7ba18,15663.2,0.0,74.15,0.0,-0.0,-0.0,-0.34,-0.0,0.0,-363.61,215.85,-169.86,8.28,/home/djhuai/zuo/stf/new/STF/save_scenarios_1d/scenario_1_0007_overcast_03.json,0,[],0,False,20260909T160734.097185Z,0,0,scenario_1_0007_overcast_03
8.07,running,[],aeb272d8aad0b10234c14a231d6299e5669a8cb83ab1759c0cbaa22b76a65456,15681.4,0.0,129.04,2.85,-3.3,-0.16,0.06,1.22,8.07,-416.33,203.14,-139.12,7.23,/home/djhuai/zuo/stf/new/STF/save_scenarios_1d/scenario_1_0007_overcast_04.json,0,[],0,False,20260909T160734.097185Z,0,0,scenario_1_0007_overcast_04
0.0,running,[],56c6aa812fb7609bdb289c8eaf37d96da0fc75b50e1c19c8f6f029ef40d3675f,15700.0,0.0,74.15,-0.0,-0.0,0.0,-0.34,-0.0,0.0,-363.61,215.85,-169.86,8.28,/home/djhuai/zuo/stf/new/STF/save_scenarios_1d/scenario_1_0007_overcast_05.json,0,[],0,False,20260909T160734.097185Z,0,0,scenario_1_0007_overcast_05
8.09,running,[],41ae1c3abe4339d32e1c365bfb1c218f987ffdd1118145eb158c6b2975bc299b,15715.8,0.0,109.69,-0.4,-0.16,-0.13,-1.75,0.68,8.09,-398.69,210.24,-172.36,7.33,/home/djhuai/zuo/stf/new/STF/save_scenarios_1d/scenario_1_0007_overcast_06.json,0,[],0,False,20260909T160734.097185Z,0,0,scenario_1_0007_overcast_06
0.0,running,[],333a2a45168f19f1a7ec6801f58e34cc73715c592423a88d1b85b6dc42f60db9,15731.9,0.0,74.15,-0.0,0.0,0.0,-0.34,-0.0,0.0,-363.61,215.85,-169.86,8.28,/home/djhuai/zuo/stf/new/STF/save_scenarios_1d/scenario_1_0007_overcast_07.json,0,[],0,False,20260909T160734.097185Z,0,0,scenario_1_0007_overcast_07
8.04,running,[],89d847e7f0edc277a371abcf7c038993e68699180faaf3c8015e3abdf7d551e0,15750.2,0.0,129.88,-0.21,0.14,-0.11,1.76,1.14,8.04,-418.64,207.11,-172.48,7.35,/home/djhuai/zuo/stf/new/STF/save_scenarios_1d/scenario_1_0007_overcast_08.json,0,[],0,False,20260909T160734.097185Z,0,0,scenario_1_0007_overcast_08
8.27,running,[],3b169281a5705aed9ff844bfda0ff98700dc9f4a71175039250356d1f8a756e3,15766.6,0.0,84.99,-4.62,-0.35,-0.04,-0.28,0.0,8.27,-374.29,213.97,-170.09,8.21,/home/djhuai/zuo/stf/new/STF/save_scenarios_1d/scenario_1_0007_rainy_dusk_01.json,0,[],0,False,20260909T160734.097185Z,0,0,scenario_1_0007_rainy_dusk_01
0.0,running,[],e6dd3fd1ce43de09c79d66d24e512e5aa7f5b7df1a7e40eb2b0681fb5b80a943,15783.1,0.0,74.15,-0.0,-0.0,0.0,-0.34,-0.0,0.0,-363.61,215.85,-169.86,8.28,/home/djhuai/zuo/stf/new/STF/save_scenarios_1d/scenario_1_0007_rainy_dusk_02.json,0,[],0,False,20260909T160734.097185Z,0,0,scenario_1_0007_rainy_dusk_02
8.08,running,[],c79263c2ccb8f5ea122f0657dbd2332d319f90b2f5893f7bff9c77e74e43a541,15799.8,0.0,109.42,-0.07,-0.03,0.04,-1.85,0.67,8.08,-398.39,210.0,-171.48,7.33,/home/djhuai/zuo/stf/new/STF/save_scenarios_1d/scenario_1_0007_rainy_dusk_03.json,0,[],0,False,20260909T160734.097185Z,0,0,scenario_1_0007_rainy_dusk_03
0.0,running,[],270ee4499aa2ad572e0d87e94aa0bfbc864e9e5621bbc319e357b3781b02ec88,15817.7,0.0,74.15,-0.0,-0.0,0.0,-0.34,-0.0,0.0,-363.61,215.85,-169.86,8.28,/home/djhuai/zuo/stf/new/STF/save_scenarios_1d/scenario_1_0007_rainy_dusk_04.json,0,[],0,False,20260909T160734.097185Z,0,0,scenario_1_0007_rainy_dusk_04
8.07,running,[],2cccf766599352cd255ca3ecbdaaa4204d7cf539df8adec747def9ed38cba55a,15833.9,0.0,113.32,0.3,-0.08,0.42,-0.9,0.76,8.07,-402.28,209.64,-170.03,7.24,/home/djhuai/zuo/stf/new/STF/save_scenarios_1d/scenario_1_0007_rainy_dusk_05.json,0,[],0,False,20260909T160734.097185Z,0,0,scenario_1_0007_rainy_dusk_05
0.0,running,[],36f05104801e28ced50c9df16009523695f1406465b5afd7d558d6393fa50e50,15849.9,0.0,74.15,-0.0,0.0,-0.0,-0.34,-0.0,0.0,-363.61,215.85,-169.86,8.28,/home/djhuai/zuo/stf/new/STF/save_scenarios_1d/scenario_1_0007_rainy_dusk_06.json,0,[],0,False,20260909T160734.097185Z,0,0,scenario_1_0007_rainy_dusk_06
8.07,running,[],1e9dc1b569649d6f2ec601df293a20520a9ef944f1c146a47cdfb7d3b5b9cf2c,15869.3,0.0,138.73,-0.95,-0.22,-3.0,2.69,0.47,8.07,-427.41,205.96,-172.81,7.68,/home/djhuai/zuo/stf/new/STF/save_scenarios_1d/scenario_1_0007_rainy_dusk_07.json,0,[],0,False,20260909T160734.097185Z,0,0,scenario_1_0007_rainy_dusk_07
8.08,running,[],dbe8c2cef3632f45221d08b8475f0eab18ff272f20d21b2f578b7be06804270e,15889.2,0.0,99.18,-0.23,0.01,-0.01,-2.3,0.4,8.08,-388.29,211.69,-171.46,7.76,/home/djhuai/zuo/stf/new/STF/save_scenarios_1d/scenario_1_0007_rainy_dusk_08.json,0,[],0,False,20260909T160734.097185Z,0,0,scenario_1_0007_rainy_dusk_08
0.0,running,[],75ac4e3eb3e4e6cc0eb6289fb9e845cc9b3e4d163cde6f186a3e6ffd7b28afdf,15907.4,0.0,68.14,0.0,-0.0,0.0,-0.34,-0.0,0.0,-357.69,216.93,-169.51,8.32,/home/djhuai/zuo/stf/new/STF/save_scenarios_1d/scenario_1_0007_sandstorm_01.json,0,[],0,False,20260909T160734.097185Z,0,0,scenario_1_0007_sandstorm_01
8.05,running,[],56ee50450c436c0b9376d9fe401def85c92dafe0a405eb7c403346060384a055,15925.6,0.0,127.64,-0.04,0.05,-0.02,0.81,1.02,8.05,-416.42,207.41,-172.42,7.3,/home/djhuai/zuo/stf/new/STF/save_scenarios_1d/scenario_1_0007_sandstorm_02.json,0,[],0,False,20260909T160734.097185Z,0,0,scenario_1_0007_sandstorm_02
0.0,running,[],4dec6782031ca9976c39590e3f413ed1fe68d4fdef3f688f92cb45be798ff5bf,15943.9,0.0,71.02,0.0,-0.0,0.0,-0.34,-0.0,0.0,-360.53,216.41,-169.74,8.3,/home/djhuai/zuo/stf/new/STF/save_scenarios_1d/scenario_1_0007_sandstorm_03.json,0,[],0,False,20260909T160734.097185Z,0,0,scenario_1_0007_sandstorm_03
8.06,running,[],b5839179f90f6b7f62e47c936cd2e75a19eb0006a68ac39c999bd543c069a129,15962.9,0.0,135.49,0.96,-0.7,3.15,-1.38,0.85,8.06,-420.49,198.24,-126.79,7.23,/home/djhuai/zuo/stf/new/STF/save_scenarios_1d/scenario_1_0007_sandstorm_04.json,0,[],0,False,20260909T160734.097185Z,0,0,scenario_1_0007_sandstorm_04
8.07,running,[],83c08113724587cea4299e5329a8436c8395d09f2679a7bb974b1d907ff5ec4b,15982.3,0.0,119.43,-0.17,0.21,-0.13,0.34,1.05,8.07,-408.29,208.54,-171.85,7.22,/home/djhuai/zuo/stf/new/STF/save_scenarios_1d/scenario_1_0007_sandstorm_05.json,0,[],0,False,20260909T160734.097185Z,0,0,scenario_1_0007_sandstorm_05
0.0,running,[],6c05ef1bf1393f132b768bdde35839076e3200292291342d705ea05043978b1d,16001.8,0.0,74.15,-0.0,0.0,0.0,-0.34,-0.0,0.0,-363.61,215.85,-169.86,8.28,/home/djhuai/zuo/stf/new/STF/save_scenarios_1d/scenario_1_0007_sandstorm_06.json,0,[],0,False,20260909T160734.097185Z,0,0,scenario_1_0007_sandstorm_06
8.04,running,[],a4011badf5be3cb8a1a57beed0bbf8319f58e61631133fe150dc0a0e2fc3adfc,16020.4,0.0,132.69,0.01,-0.0,-0.05,2.05,1.21,8.04,-421.43,206.74,-172.53,7.45,/home/djhuai/zuo/stf/new/STF/save_scenarios_1d/scenario_1_0007_sandstorm_07.json,0,[],0,False,20260909T160734.097185Z,0,0,scenario_1_0007_sandstorm_07
8.07,running,[],02336706425b13327673d3ed8283355419da6cf8306c567ee5c5afc05bd96ab3,16040.3,0.0,100.04,-0.01,0.63,0.01,-2.31,0.37,8.07,-389.11,211.43,-170.74,7.73,/home/djhuai/zuo/stf/new/STF/save_scenarios_1d/scenario_1_0007_sandstorm_08.json,0,[],0,False,20260909T160734.097185Z,0,0,scenario_1_0007_sandstorm_08
0.0,running,[],50027ffe67d47659b1559793984d1c71d3cf5f3397ff08f7fd94f7eb098fc0d9,16057.1,0.0,74.15,0.0,0.0,-0.0,-0.34,-0.0,0.0,-363.61,215.85,-169.86,8.28,/home/djhuai/zuo/stf/new/STF/save_scenarios_1d/scenario_1_0007_snowy_heavy_01.json,0,[],0,False,20260909T160734.097185Z,0,0,scenario_1_0007_snowy_heavy_01
8.01,running,[],778f86e9c5a1b3ce03bc33a5f56d0198a71b31a4b61a34c753d23f0c9748d7e7,16076.3,0.0,136.69,0.72,-0.08,1.44,-1.84,1.03,8.01,-421.2,197.27,-126.11,7.23,/home/djhuai/zuo/stf/new/STF/save_scenarios_1d/scenario_1_0007_snowy_heavy_02.json,0,[],0,False,20260909T160734.097185Z,0,0,scenario_1_0007_snowy_heavy_02
0.0,running,[],29e4abecda3d83e5aab7d7e7f5183b74c150eda447e2f50fcde2a8ac5fb356c6,16095.0,0.0,74.15,0.0,-0.0,0.0,-0.34,-0.0,0.0,-363.61,215.85,-169.86,8.28,/home/djhuai/zuo/stf/new/STF/save_scenarios_1d/scenario_1_0007_snowy_heavy_03.json,0,[],0,False,20260909T160734.097185Z,0,0,scenario_1_0007_snowy_heavy_03
8.06,running,[],7b452be0ece9544673ce49385e90805ffb8cba5867c5fa9119d5be9a842a7b91,16114.9,0.0,142.34,-0.2,0.12,-0.57,0.86,-0.0,8.06,-431.0,205.55,-173.99,7.79,/home/djhuai/zuo/stf/new/STF/save_scenarios_1d/scenario_1_0007_snowy_heavy_04.json,0,[],0,False,20260909T160734.097185Z,0,0,scenario_1_0007_snowy_heavy_04
8.06,running,[],6b66f6400472d9c4ee86d370708f5b20225075966b6455475d90207ed7658f31,16134.1,0.0,125.83,2.57,-3.85,-0.1,0.12,1.03,8.06,-413.83,205.17,-146.47,7.23,/home/djhuai/zuo/stf/new/STF/save_scenarios_1d/scenario_1_0007_snowy_heavy_05.json,0,[],0,False,20260909T160734.097185Z,0,0,scenario_1_0007_snowy_heavy_05
0.0,running,[],50528ba0c28b20ecec1fe63bb0b8db51d8bd4df54d50682033cfc1fb5ba6bb77,16153.7,0.0,70.22,-0.0,0.0,-0.0,-0.34,-0.0,0.0,-359.74,216.55,-169.66,8.3,/home/djhuai/zuo/stf/new/STF/save_scenarios_1d/scenario_1_0007_snowy_heavy_06.json,0,[],0,False,20260909T160734.097185Z,0,0,scenario_1_0007_snowy_heavy_06
8.06,running,[],3658eb9fe63a8ba14c096c75f9a20ee5e91a9e15aafc1379a5967b093fdf129c,16172.4,0.0,133.48,1.07,-0.1,0.81,0.69,2.26,8.06,-419.3,199.85,-129.15,7.26,/home/djhuai/zuo/stf/new/STF/save_scenarios_1d/scenario_1_0007_snowy_heavy_07.json,0,[],0,False,20260909T160734.097185Z,0,0,scenario_1_0007_snowy_heavy_07
8.08,running,[],8dc69b3342e24b42b3f134004aa98728959dfb94d55f62a3ffb1e8165ac53961,16192.4,0.0,109.33,0.09,0.15,0.66,-1.88,0.67,8.08,-398.34,210.29,-172.36,7.34,/home/djhuai/zuo/stf/new/STF/save_scenarios_1d/scenario_1_0007_snowy_heavy_08.json,0,[],0,False,20260909T160734.097185Z,0,0,scenario_1_0007_snowy_heavy_08
0.0,running,[],26e0bc6e6f278612d79a6e852b9c8beac97152d015bb34125cbaa79435bc50fc,16209.2,0.0,67.46,0.0,-0.0,0.0,-0.34,-0.0,0.0,-357.03,217.05,-169.4,8.32,/home/djhuai/zuo/stf/new/STF/save_scenarios_1d/scenario_1_0007_snowy_light_01.json,0,[],0,False,20260909T160734.097185Z,0,0,scenario_1_0007_snowy_light_01
6.21,running,[],233aaab1e0ccc234a4694ef2b328a2698bd6724529f8361ff843516a29ee3a70,16225.8,0.0,108.46,1.84,0.32,0.25,-2.21,0.64,6.21,-397.47,210.41,-172.34,7.37,/home/djhuai/zuo/stf/new/STF/save_scenarios_1d/scenario_1_0007_snowy_light_02.json,0,[],0,False,20260909T160734.097185Z,0,0,scenario_1_0007_snowy_light_02
0.0,running,[],56a511288f1944433a3eb4f24e63f123e1bfeba1c0cdaf30f524836afbc76866,16244.0,0.0,74.15,-0.0,-0.0,0.0,-0.34,-0.0,0.0,-363.61,215.85,-169.86,8.28,/home/djhuai/zuo/stf/new/STF/save_scenarios_1d/scenario_1_0007_snowy_light_03.json,0,[],0,False,20260909T160734.097185Z,0,0,scenario_1_0007_snowy_light_03
8.05,running,[],c38367c7d703169711f2059f2061f4484c31ae1bcd4c5f7e23466917cdb175be,16261.7,0.0,124.61,2.64,-3.18,-0.1,0.19,1.03,8.05,-412.83,205.84,-149.4,7.23,/home/djhuai/zuo/stf/new/STF/save_scenarios_1d/scenario_1_0007_snowy_light_04.json,0,[],0,False,20260909T160734.097185Z,0,0,scenario_1_0007_snowy_light_04
8.45,running,[],d20b719fd62a6b81b06c7e30594afb2ff147ea51a3d9aa9511362a33f3fe27e5,16280.1,0.0,85.83,-0.29,-0.15,0.3,-0.19,0.23,8.45,-375.11,213.83,-170.18,8.21,/home/djhuai/zuo/stf/new/STF/save_scenarios_1d/scenario_1_0007_snowy_light_05.json,0,[],0,False,20260909T160734.097185Z,0,0,scenario_1_0007_snowy_light_05
0.0,running,[],52987dff6b5ff666c14604ff1c969f1688d146f7863ee79f3dec4c20ca2c839b,16298.1,0.0,74.15,-0.0,-0.0,0.0,-0.34,-0.0,0.0,-363.61,215.85,-169.86,8.28,/home/djhuai/zuo/stf/new/STF/save_scenarios_1d/scenario_1_0007_snowy_light_06.json,0,[],0,False,20260909T160734.097185Z,0,0,scenario_1_0007_snowy_light_06
7.98,running,[],de26a4cdfc5cb6a63d40aa3a056449c306142071494b00c88ee29e56106291e1,16317.9,0.0,132.35,0.15,0.01,-0.03,2.05,1.21,7.98,-421.09,206.79,-172.52,7.43,/home/djhuai/zuo/stf/new/STF/save_scenarios_1d/scenario_1_0007_snowy_light_07.json,0,[],0,False,20260909T160734.097185Z,0,0,scenario_1_0007_snowy_light_07
0.0,running,[],fde5291c8fb1fe25e1a206994f4efd2598787946360549abb1d8ed5a3c9a9e0f,16337.8,0.0,74.15,-0.0,-0.0,0.0,-0.34,-0.0,0.0,-363.61,215.85,-169.86,8.28,/home/djhuai/zuo/stf/new/STF/save_scenarios_1d/scenario_1_0007_snowy_light_08.json,0,[],0,False,20260909T160734.097185Z,0,0,scenario_1_0007_snowy_light_08
0.0,running,[],628836394df09fc782df4fad4adf507b835c57406af21df5fb85ea1a094af5cc,16354.8,0.0,74.15,-0.0,-0.0,0.0,-0.34,-0.0,0.0,-363.61,215.85,-169.86,8.28,/home/djhuai/zuo/stf/new/STF/save_scenarios_1d/scenario_1_0007_sunny_01.json,0,[],0,False,20260909T160734.097185Z,0,0,scenario_1_0007_sunny_01
4.91,running,[],ee0770eb5c5afc0ff4f61dbbaef7ea761c7fd033103334b5157e019f06d352f8,16371.6,0.0,79.02,-1.13,-0.21,0.01,-0.35,-0.0,4.91,-368.4,215.01,-170.01,8.25,/home/djhuai/zuo/stf/new/STF/save_scenarios_1d/scenario_1_0007_sunny_02.json,0,[],0,False,20260909T160734.097185Z,0,0,scenario_1_0007_sunny_02
0.0,running,[],b0ecd57a992b6d395f95b9cd724387528a28b7fec322e4425ede4ce96cba0be3,16387.1,0.0,74.15,0.0,-0.0,-0.0,-0.34,-0.0,0.0,-363.61,215.85,-169.86,8.28,/home/djhuai/zuo/stf/new/STF/save_scenarios_1d/scenario_1_0007_sunny_03.json,0,[],0,False,20260909T160734.097185Z,0,0,scenario_1_0007_sunny_03
8.05,running,[],2b6419fe98e38119e7e51ff1df863bfa39bae9c57237ddaf7d6f4105af3b46bb,16404.8,0.0,117.5,0.73,-1.76,1.63,0.21,0.84,8.05,-406.36,208.76,-165.66,7.21,/home/djhuai/zuo/stf/new/STF/save_scenarios_1d/scenario_1_0007_sunny_04.json,0,[],0,False,20260909T160734.097185Z,0,0,scenario_1_0007_sunny_04
0.0,running,[],9caf6b3319051d702534533a8ac2e5b2772e6cf8d7d60295fa8aa9241f4e4a3b,16421.1,0.0,74.15,0.0,-0.0,-0.0,-0.34,-0.0,0.0,-363.61,215.85,-169.86,8.28,/home/djhuai/zuo/stf/new/STF/save_scenarios_1d/scenario_1_0007_sunny_05.json,0,[],0,False,20260909T160734.097185Z,0,0,scenario_1_0007_sunny_05
8.04,running,[],dfdd32d46f56a11a929378c8e69831ac3a02daacb50da2378c42645e79a58bb1,16439.6,0.0,131.09,0.11,-0.13,0.97,2.11,1.22,8.04,-419.84,206.95,-172.48,7.39,/home/djhuai/zuo/stf/new/STF/save_scenarios_1d/scenario_1_0007_sunny_06.json,0,[],0,False,20260909T160734.097185Z,0,0,scenario_1_0007_sunny_06
0.0,running,[],c0e7cb6d203905ae8a0f95d8b0ff178a7ae3be7ca821cf038bbabde28b7e9bbc,16457.1,0.0,74.15,0.0,-0.0,0.0,-0.34,-0.0,0.0,-363.61,215.85,-169.86,8.28,/home/djhuai/zuo/stf/new/STF/save_scenarios_1d/scenario_1_0007_sunny_07.json,0,[],0,False,20260909T160734.097185Z,0,0,scenario_1_0007_sunny_07
8.05,running,[],8814520c87863babc93d66bd243e01d33dd1cc1aa07727fc143ab364977ea78b,16474.9,0.0,125.42,1.17,-1.23,-0.04,0.15,1.03,8.05,-413.5,205.4,-147.49,7.23,/home/djhuai/zuo/stf/new/STF/save_scenarios_1d/scenario_1_0007_sunny_08.json,0,[],0,False,20260909T160734.097185Z,0,0,scenario_1_0007_sunny_08
8.09,running,[],9599325419a78f60fb5240588107d601a9453257a6068f364cdf18c657c44f9e,16492.8,0.0,96.34,0.07,0.1,0.01,-2.3,0.39,8.09,-385.48,212.12,-171.19,7.88,/home/djhuai/zuo/stf/new/STF/save_scenarios_1d/scenario_1_0007_wind_01.json,0,[],0,False,20260909T160734.097185Z,0,0,scenario_1_0007_wind_01
0.0,running,[],0f79348595ef3c4cefe2e24b84e12cad502eac973e1c5136f26c8043d01afb55,16510.1,0.0,74.15,-0.0,0.0,-0.0,-0.34,-0.0,0.0,-363.61,215.85,-169.86,8.28,/home/djhuai/zuo/stf/new/STF/save_scenarios_1d/scenario_1_0007_wind_02.json,0,[],0,False,20260909T160734.097185Z,0,0,scenario_1_0007_wind_02
8.06,running,[],70cccfa330c3bb66f20e70d5a3bc9f753225a26c7d497e1500a3d41b60e566ec,16528.1,0.0,127.06,-0.05,0.05,-0.16,0.76,1.03,8.06,-415.84,207.49,-172.38,7.3,/home/djhuai/zuo/stf/new/STF/save_scenarios_1d/scenario_1_0007_wind_03.json,0,[],0,False,20260909T160734.097185Z,0,0,scenario_1_0007_wind_03
0.0,running,[],14890ad47545251ef738ce3ede9547691bdc5a1aabbad33a4bc92e6a8d2e98bc,16545.7,0.0,74.15,-0.0,0.0,-0.0,-0.34,-0.0,0.0,-363.61,215.85,-169.86,8.28,/home/djhuai/zuo/stf/new/STF/save_scenarios_1d/scenario_1_0007_wind_04.json,0,[],0,False,20260909T160734.097185Z,0,0,scenario_1_0007_wind_04
8.09,running,[],7fa96d627f6b6971fdab1aa8d33623415569b84cdecc9a76e62510a9d2589e64,16563.0,0.0,119.23,0.06,-1.9,-0.4,0.07,0.95,8.09,-408.01,208.23,-161.73,7.21,/home/djhuai/zuo/stf/new/STF/save_scenarios_1d/scenario_1_0007_wind_05.json,0,[],0,False,20260909T160734.097185Z,0,0,scenario_1_0007_wind_05
5.26,running,[],90e41f8c87465fbc7d853b1b3e05bd20bafb922174435f69221e31746fd66575,16580.6,0.0,77.2,0.38,0.07,-0.01,-0.3,-0.0,5.26,-366.62,215.32,-169.97,8.26,/home/djhuai/zuo/stf/new/STF/save_scenarios_1d/scenario_1_0007_wind_06.json,0,[],0,False,20260909T160734.097185Z,0,0,scenario_1_0007_wind_06
0.0,running,[],15cafc875cc660c25ddf47e948aa814f600280111159c434b6b2203bbdd1af54,16597.2,0.0,74.15,0.0,-0.0,0.0,-0.34,-0.0,0.0,-363.61,215.85,-169.86,8.28,/home/djhuai/zuo/stf/new/STF/save_scenarios_1d/scenario_1_0007_wind_07.json,0,[],0,False,20260909T160734.097185Z,0,0,scenario_1_0007_wind_07
4.33,running,[],e13b0b253064c892cd875376cd641ff3fcdd05343211a52d733befb63edcad3c,16613.8,0.0,79.1,2.53,0.47,0.08,-0.38,-0.0,4.33,-368.48,214.99,-169.97,8.25,/home/djhuai/zuo/stf/new/STF/save_scenarios_1d/scenario_1_0007_wind_08.json,0,[],0,False,20260909T160734.097185Z,0,0,scenario_1_0007_wind_08
0.0,running,[],1c9ff8d72e24f7b0edea09cea11fba0b4902ea3f4a3a7c62e7a01f19280d8145,16631.4,0.0,71.18,-0.0,-0.0,-0.0,-0.34,-0.0,0.0,-364.11,219.32,-169.87,8.28,/home/djhuai/zuo/stf/new/STF/save_scenarios_1d/scenario_1_0008_cloudy_01.json,0,[],0,False,20260909T160734.097185Z,0,0,scenario_1_0008_cloudy_01
8.06,running,[],9efc6403a0f3a2d862e8833d045280a68bb735be80d389057fd2db7e547df40e,16647.4,0.0,111.02,0.22,-0.1,-0.64,-0.55,0.83,8.06,-403.41,212.79,-171.59,7.28,/home/djhuai/zuo/stf/new/STF/save_scenarios_1d/scenario_1_0008_cloudy_02.json,0,[],0,False,20260909T160734.097185Z,0,0,scenario_1_0008_cloudy_02
0.0,running,[],72c5453d221301423b434d565fd11ced9c2bde8a548561a9474999d663fda6ee,16664.4,0.0,71.18,-0.0,-0.0,0.0,-0.34,-0.0,0.0,-364.11,219.32,-169.87,8.28,/home/djhuai/zuo/stf/new/STF/save_scenarios_1d/scenario_1_0008_cloudy_03.json,0,[],0,False,20260909T160734.097185Z,0,0,scenario_1_0008_cloudy_03
8.04,running,[],de671760e1485be39fe03a5c169f8d40421f55f7b818297e94c32b09a6fe984b,16681.3,0.0,118.29,0.42,0.1,0.28,0.5,0.94,8.04,-410.6,211.74,-172.0,7.29,/home/djhuai/zuo/stf/new/STF/save_scenarios_1d/scenario_1_0008_cloudy_04.json,0,[],0,False,20260909T160734.097185Z,0,0,scenario_1_0008_cloudy_04
0.0,running,[],92719c5edef8b7cfe36a938b9caf927c3efaef76d0b2261e5a623965d13a121c,16698.4,0.0,71.18,-0.0,0.0,0.0,-0.34,-0.0,0.0,-364.11,219.32,-169.87,8.28,/home/djhuai/zuo/stf/new/STF/save_scenarios_1d/scenario_1_0008_cloudy_05.json,0,[],0,False,20260909T160734.097185Z,0,0,scenario_1_0008_cloudy_05
8.05,running,[],45882e2c23de4c1677a30748748954f7817f35f0a235b8fadd760c95e6f10a72,16715.9,0.0,123.12,0.26,0.09,-0.09,0.76,1.02,8.05,-415.39,211.08,-172.34,7.34,/home/djhuai/zuo/stf/new/STF/save_scenarios_1d/scenario_1_0008_cloudy_06.json,0,[],0,False,20260909T160734.097185Z,0,0,scenario_1_0008_cloudy_06
6.17,running,[],30b5a6079e519e26cd1c3e01fa1124dd686e5bfc7b9f9bce20e82aa407db0a44,16732.7,0.0,79.61,-4.3,-0.76,-0.02,-0.31,-0.0,6.17,-372.41,217.86,-170.03,8.23,/home/djhuai/zuo/stf/new/STF/save_scenarios_1d/scenario_1_0008_cloudy_07.json,0,[],0,False,20260909T160734.097185Z,0,0,scenario_1_0008_cloudy_07
0.0,running,[],0f4102f428a29f73eb264fb1dbdba2126031d6d0890e53af926569ad16407419,16749.9,0.0,71.18,0.0,0.0,0.0,-0.34,-0.0,0.0,-364.11,219.32,-169.87,8.28,/home/djhuai/zuo/stf/new/STF/save_scenarios_1d/scenario_1_0008_cloudy_08.json,0,[],0,False,20260909T160734.097185Z,0,0,scenario_1_0008_cloudy_08
8.06,running,[],b3b5a6e365548df0eba2ce93e01b23fa227b4450c5983977535d0550a52dd998,16766.7,0.0,110.17,0.4,0.05,0.29,-0.72,0.73,8.06,-402.56,212.91,-171.58,7.29,/home/djhuai/zuo/stf/new/STF/save_scenarios_1d/scenario_1_0008_cold_fog_01.json,0,[],0,False,20260909T160734.097185Z,0,0,scenario_1_0008_cold_fog_01
0.0,running,[],36f8b988686b27e88ac2e4c549a4221522f4a0addcac1c4d596e106475326954,16784.0,0.0,64.86,0.0,0.0,-0.0,-0.34,-0.0,0.0,-357.9,220.45,-169.48,8.32,/home/djhuai/zuo/stf/new/STF/save_scenarios_1d/scenario_1_0008_cold_fog_02.json,0,[],0,False,20260909T160734.097185Z,0,0,scenario_1_0008_cold_fog_02
7.89,running,[],3f354d083de5d8cb4ec3c968ed9d6e22c857fd3072f4e0300c162484b14d15f3,16800.4,0.0,111.28,1.03,0.2,-0.12,-0.56,0.8,7.89,-403.67,212.75,-171.58,7.27,/home/djhuai/zuo/stf/new/STF/save_scenarios_1d/scenario_1_0008_cold_fog_03.json,0,[],0,False,20260909T160734.097185Z,0,0,scenario_1_0008_cold_fog_03
0.0,running,[],1df7481dd28f2f5e61514f05f51690e94cf6e97d60096771239b41ba285923a4,16818.8,0.0,71.18,0.0,0.0,-0.0,-0.34,-0.0,0.0,-364.11,219.32,-169.87,8.28,/home/djhuai/zuo/stf/new/STF/save_scenarios_1d/scenario_1_0008_cold_fog_04.json,0,[],0,False,20260909T160734.097185Z,0,0,scenario_1_0008_cold_fog_04
8.04,running,[],0c3b0afa85c40b06160b11f57b2d6a351f0c00d275c1a2acd2b6fd8c7a71c192,16837.8,0.0,134.39,0.4,0.11,0.03,1.66,0.45,8.04,-426.56,209.6,-172.75,7.68,/home/djhuai/zuo/stf/new/STF/save_scenarios_1d/scenario_1_0008_cold_fog_05.json,0,[],0,False,20260909T160734.097185Z,0,0,scenario_1_0008_cold_fog_05
8.08,running,[],fd2f22f33eb29bf79eba9c1e69bdd83b4727f3772ce9f934bd03fc716ad67b64,16856.1,0.0,100.34,0.35,0.1,-0.04,-2.52,0.44,8.08,-392.85,214.39,-171.13,7.62,/home/djhuai/zuo/stf/new/STF/save_scenarios_1d/scenario_1_0008_cold_fog_06.json,0,[],0,False,20260909T160734.097185Z,0,0,scenario_1_0008_cold_fog_06
0.0,running,[],65882475edbad1dc62f04db85c1336d47f8d483943e1bf147e54fd12e1d134a4,16875.6,0.0,71.18,-0.0,0.0,0.0,-0.34,-0.0,0.0,-364.11,219.32,-169.87,8.28,/home/djhuai/zuo/stf/new/STF/save_scenarios_1d/scenario_1_0008_cold_fog_07.json,0,[],0,False,20260909T160734.097185Z,0,0,scenario_1_0008_cold_fog_07
8.05,running,[],b88cd73180972a907a1bc7d169b8935e26c9ca891572b7b00d9654c7bab7259e,16894.3,0.0,132.78,-0.0,0.29,-0.74,1.95,1.05,8.05,-424.97,209.81,-172.64,7.63,/home/djhuai/zuo/stf/new/STF/save_scenarios_1d/scenario_1_0008_cold_fog_08.json,0,[],0,False,20260909T160734.097185Z,0,0,scenario_1_0008_cold_fog_08
0.0,running,[],d5bba8b3824bb812539f44adbd0f9a823340767d4b13a0cc79d62a4c985156b7,16910.6,0.0,71.18,-0.0,0.0,-0.0,-0.34,-0.0,0.0,-364.11,219.32,-169.87,8.28,/home/djhuai/zuo/stf/new/STF/save_scenarios_1d/scenario_1_0008_dawn_01.json,0,[],0,False,20260909T160734.097185Z,0,0,scenario_1_0008_dawn_01
8.08,running,[],9dc3ca13f3131821d7574a5b782c0ec7032b6bf03f1ea5478cfa6f8ba251b8ff,16926.7,0.0,111.43,-0.42,0.05,0.26,-0.57,0.8,8.08,-403.81,212.73,-171.59,7.27,/home/djhuai/zuo/stf/new/STF/save_scenarios_1d/scenario_1_0008_dawn_02.json,0,[],0,False,20260909T160734.097185Z,0,0,scenario_1_0008_dawn_02
0.7,running,[],d9ce3df4836bf6e537949367d6acf0f928c796500bb27c1228a4b8d71eb3ec58,16942.1,0.0,71.24,-3.99,-0.73,-0.02,-0.32,-0.0,0.7,-364.17,219.31,-169.85,8.28,/home/djhuai/zuo/stf/new/STF/save_scenarios_1d/scenario_1_0008_dawn_03.json,0,[],0,False,20260909T160734.097185Z,0,0,scenario_1_0008_dawn_03
0.0,running,[],83a358c11fe6639acfd74904badf1fb229d03199c2bc8a4e0bd6eab2062df4a9,16958.4,0.0,71.18,-0.0,0.0,-0.0,-0.34,-0.0,0.0,-364.11,219.32,-169.87,8.28,/home/djhuai/zuo/stf/new/STF/save_scenarios_1d/scenario_1_0008_dawn_04.json,0,[],0,False,20260909T160734.097185Z,0,0,scenario_1_0008_dawn_04
6.17,running,[],c41e2447297c17f091f87dd65a8ced6e67ee6727d938e6064ff2ec0c91590d88,16974.3,0.0,79.6,-4.3,-0.75,-0.02,-0.31,-0.0,6.17,-372.4,217.86,-170.03,8.23,/home/djhuai/zuo/stf/new/STF/save_scenarios_1d/scenario_1_0008_dawn_05.json,0,[],0,False,20260909T160734.097185Z,0,0,scenario_1_0008_dawn_05
0.0,running,[],c49481489c50887d4120802ccb87c17c83de3d185865cf865988175ba49caf39,16990.7,0.0,71.18,-0.0,0.0,0.0,-0.34,-0.0,0.0,-364.11,219.32,-169.87,8.28,/home/djhuai/zuo/stf/new/STF/save_scenarios_1d/scenario_1_0008_dawn_06.json,0,[],0,False,20260909T160734.097185Z,0,0,scenario_1_0008_dawn_06
8.1,running,[],2212b5374a712c15756218de4aac126d73ad86b6364b308d4c4edb8fb4f33f5d,17006.9,0.0,99.12,-0.45,0.0,-0.3,-2.36,0.42,8.1,-391.64,214.58,-171.04,7.67,/home/djhuai/zuo/stf/new/STF/save_scenarios_1d/scenario_1_0008_dawn_07.json,0,[],0,False,20260909T160734.097185Z,0,0,scenario_1_0008_dawn_07
0.0,running,[],cab7692a2d8ea2ea9e1bf163f05c4e7ae7e4ab19b90c1f817930b46c0f8c72ab,17023.0,0.0,71.18,-0.0,-0.0,-0.0,-0.34,-0.0,0.0,-364.11,219.32,-169.87,8.28,/home/djhuai/zuo/stf/new/STF/save_scenarios_1d/scenario_1_0008_dawn_08.json,0,[],0,False,20260909T160734.097185Z,0,0,scenario_1_0008_dawn_08
7.57,running,[],0f50060175aaf4933bf53cb674dbbbd6a8c2b2ca487977b2f2c7e2799e8b4027,17040.2,0.0,105.15,0.57,0.09,0.64,-2.15,0.48,7.57,-397.61,213.66,-171.43,7.42,/home/djhuai/zuo/stf/new/STF/save_scenarios_1d/scenario_1_0008_dusk_01.json,0,[],0,False,20260909T160734.097185Z,0,0,scenario_1_0008_dusk_01
0.0,running,[],b27c234f3f47d0d2706b4cab8628b5b39009f4afee7eda56c388aaf970d4ea41,17055.6,0.0,67.53,0.0,0.0,0.0,-0.34,-0.0,0.0,-360.51,219.97,-169.75,8.3,/home/djhuai/zuo/stf/new/STF/save_scenarios_1d/scenario_1_0008_dusk_02.json,0,[],0,False,20260909T160734.097185Z,0,0,scenario_1_0008_dusk_02
8.44,running,[],9693bfc1179156fc35b4405f1303efa7ae1a1ea278b2cbf0b082d2750223cd3b,17072.0,0.0,109.91,-0.56,-0.04,0.71,-0.78,0.7,8.44,-402.31,212.95,-171.56,7.29,/home/djhuai/zuo/stf/new/STF/save_scenarios_1d/scenario_1_0008_dusk_03.json,0,[],0,False,20260909T160734.097185Z,0,0,scenario_1_0008_dusk_03
0.0,running,[],7b43d18b3997e9051665bb14474660ab1e48f7b45ae0b07061d50b7b4d17ea32,17087.4,0.0,71.18,-0.0,-0.0,-0.0,-0.34,-0.0,0.0,-364.11,219.32,-169.87,8.28,/home/djhuai/zuo/stf/new/STF/save_scenarios_1d/scenario_1_0008_dusk_04.json,0,[],0,False,20260909T160734.097185Z,0,0,scenario_1_0008_dusk_04
8.07,running,[],ae7b9126350e7ede9c3c0486f783ef8a183fa8ef1e165a5592bda842bedc3e07,17104.7,0.0,121.11,-0.31,-0.01,0.1,0.62,0.98,8.07,-413.39,211.35,-172.22,7.32,/home/djhuai/zuo/stf/new/STF/save_scenarios_1d/scenario_1_0008_dusk_05.json,0,[],0,False,20260909T160734.097185Z,0,0,scenario_1_0008_dusk_05
0.0,running,[],3740b376cbcf157bb2f5bcfce94e0f52b082b956ac835da86b37dc117d5fd4c5,17121.1,0.0,67.05,-0.0,0.0,0.0,-0.34,-0.0,0.0,-360.05,220.05,-169.63,8.3,/home/djhuai/zuo/stf/new/STF/save_scenarios_1d/scenario_1_0008_dusk_06.json,0,[],0,False,20260909T160734.097185Z,0,0,scenario_1_0008_dusk_06
8.08,running,[],ff1c3ee078a015147902b66cfb2ba2434d255acec23e232f9e5718d659629bed,17137.2,0.0,111.43,-0.42,0.05,0.26,-0.57,0.8,8.08,-403.81,212.73,-171.59,7.27,/home/djhuai/zuo/stf/new/STF/save_scenarios_1d/scenario_1_0008_dusk_07.json,0,[],0,False,20260909T160734.097185Z,0,0,scenario_1_0008_dusk_07
0.0,running,[],60aa465ee6af4352fc5d56c8e3c163354b9da2ce7244b8b77074f79da535d374,17153.1,0.0,71.18,-0.0,0.0,-0.0,-0.34,-0.0,0.0,-364.11,219.32,-169.87,8.28,/home/djhuai/zuo/stf/new/STF/save_scenarios_1d/scenario_1_0008_dusk_08.json,0,[],0,False,20260909T160734.097185Z,0,0,scenario_1_0008_dusk_08
0.0,running,[],be8ef13acd7061e29c89c228ccca238447b4697f3b59fb56be82f04aa286e76d,17170.8,0.0,71.18,-0.0,0.0,0.0,-0.34,-0.0,0.0,-364.11,219.32,-169.87,8.28,/home/djhuai/zuo/stf/new/STF/save_scenarios_1d/scenario_1_0008_fog_01.json,0,[],0,False,20260909T160734.097185Z,0,0,scenario_1_0008_fog_01
8.09,running,[],11aee03bb5c1a81c240a7848b39446490a510fd0eff11e00932ce532c17ad589,17188.4,0.0,101.54,-0.27,0.03,0.47,-2.66,0.42,8.09,-394.04,214.2,-171.18,7.56,/home/djhuai/zuo/stf/new/STF/save_scenarios_1d/scenario_1_0008_fog_02.json,0,[],0,False,20260909T160734.097185Z,0,0,scenario_1_0008_fog_02
0.0,running,[],8634076dcae0e7902c88588903d2979259f0cecb0b1b6431a83396119bfb9488,17206.2,0.0,71.18,0.0,-0.0,0.0,-0.34,-0.0,0.0,-364.11,219.32,-169.87,8.28,/home/djhuai/zuo/stf/new/STF/save_scenarios_1d/scenario_1_0008_fog_03.json,0,[],0,False,20260909T160734.097185Z,0,0,scenario_1_0008_fog_03
8.05,running,[],d0286570caa576ba78c889d73483fa90f5b4b4529d78b2554fa1cdb295d05cc3,17225.3,0.0,134.51,0.05,0.01,-0.48,1.61,0.47,8.05,-426.68,209.58,-172.76,7.68,/home/djhuai/zuo/stf/new/STF/save_scenarios_1d/scenario_1_0008_fog_04.json,0,[],0,False,20260909T160734.097185Z,0,0,scenario_1_0008_fog_04
0.0,running,[],e6324925afa81bcb99da6aba22b1eda2569b07e81dd5e58cb30959d033e9bcae,17242.6,0.0,67.51,-0.0,-0.0,-0.0,-0.34,-0.0,0.0,-360.5,219.97,-169.68,8.3,/home/djhuai/zuo/stf/new/STF/save_scenarios_1d/scenario_1_0008_fog_05.json,0,[],0,False,20260909T160734.097185Z,0,0,scenario_1_0008_fog_05
8.04,running,[],8bd0825824c993cd4bb98f62a4fad1d6c857b0beba7b40ac43e52d8859f82f26,17262.1,0.0,138.41,0.2,0.24,-0.09,0.99,-0.02,8.04,-430.55,209.12,-173.66,7.77,/home/djhuai/zuo/stf/new/STF/save_scenarios_1d/scenario_1_0008_fog_06.json,0,[],0,False,20260909T160734.097185Z,0,0,scenario_1_0008_fog_06
8.05,running,[],1f12cd92a6c885a149fe47394ad2a92a594b32f2b4da5b3ecfee24d0839284f2,17280.8,0.0,116.1,-0.3,-0.03,-0.08,0.43,0.87,8.05,-408.43,212.05,-171.83,7.28,/home/djhuai/zuo/stf/new/STF/save_scenarios_1d/scenario_1_0008_fog_07.json,0,[],0,False,20260909T160734.097185Z,0,0,scenario_1_0008_fog_07
0.0,running,[],57f604a66ae1459b5d41312761365b52633c7b786f5d11619577aa0999a8ece1,17300.2,0.0,71.18,-0.0,0.0,-0.0,-0.34,-0.0,0.0,-364.11,219.32,-169.87,8.28,/home/djhuai/zuo/stf/new/STF/save_scenarios_1d/scenario_1_0008_fog_08.json,0,[],0,False,20260909T160734.097185Z,0,0,scenario_1_0008_fog_08
8.06,running,[],4c89aedcff97863cb877ecffc6b30cf344d70c7f8a3e95c99523fb761c959f6e,17315.8,0.0,107.79,0.32,-0.07,0.08,-1.34,0.65,8.06,-400.22,213.26,-171.51,7.33,/home/djhuai/zuo/stf/new/STF/save_scenarios_1d/scenario_1_0008_heavy_rain_01.json,0,[],0,False,20260909T160734.097185Z,0,0,scenario_1_0008_heavy_rain_01
0.0,running,[],fb65a22ed1809c8f59199639e44e126fddafad3dd91f15a1a1dec7c96ffff103,17332.6,0.0,71.18,0.0,-0.0,0.0,-0.34,-0.0,0.0,-364.11,219.32,-169.87,8.28,/home/djhuai/zuo/stf/new/STF/save_scenarios_1d/scenario_1_0008_heavy_rain_02.json,0,[],0,False,20260909T160734.097185Z,0,0,scenario_1_0008_heavy_rain_02
8.07,running,[],9a222900c1c8a37a48e55c7b2112ae12ff497737486e402ff24eadb61966c011,17349.5,0.0,117.88,-0.13,0.14,0.71,0.52,0.94,8.07,-410.2,211.8,-171.95,7.29,/home/djhuai/zuo/stf/new/STF/save_scenarios_1d/scenario_1_0008_heavy_rain_03.json,0,[],0,False,20260909T160734.097185Z,0,0,scenario_1_0008_heavy_rain_03
0.0,running,[],e55976a69168019cd71f115a1711967f0a6d3790ab26497aefec6246aef143d4,17365.0,0.0,67.37,-0.0,-0.0,0.0,-0.34,-0.0,0.0,-360.36,220.0,-169.68,8.3,/home/djhuai/zuo/stf/new/STF/save_scenarios_1d/scenario_1_0008_heavy_rain_04.json,0,[],0,False,20260909T160734.097185Z,0,0,scenario_1_0008_heavy_rain_04
0.0,running,[],afb7af7c510195b8446af6306610af088ae329815c671e0d95f2c51aac60a592,17381.6,0.0,71.18,-0.0,0.0,-0.0,-0.34,-0.0,0.0,-364.11,219.32,-169.87,8.28,/home/djhuai/zuo/stf/new/STF/save_scenarios_1d/scenario_1_0008_heavy_rain_05.json,0,[],0,False,20260909T160734.097185Z,0,0,scenario_1_0008_heavy_rain_05
4.71,running,[],3b3189ced605c1be7fbe469fa18b35d4664395436b4e7d58e409cd3570f6b9fd,17396.6,0.0,76.93,0.11,0.07,-0.0,-0.35,-0.0,4.71,-369.77,218.32,-169.99,8.25,/home/djhuai/zuo/stf/new/STF/save_scenarios_1d/scenario_1_0008_heavy_rain_06.json,0,[],0,False,20260909T160734.097185Z,0,0,scenario_1_0008_heavy_rain_06
0.0,running,[],6c88a8012e206a7a1c7320e0de0b8415626d671f1ec355fd190be74fdd6ff79f,17415.6,0.0,71.18,0.0,-0.0,-0.0,-0.34,-0.0,0.0,-364.11,219.32,-169.87,8.28,/home/djhuai/zuo/stf/new/STF/save_scenarios_1d/scenario_1_0008_heavy_rain_07.json,0,[],0,False,20260909T160734.097185Z,0,0,scenario_1_0008_heavy_rain_07
8.05,running,[],d2d11513005096ad3400dc6c15ca2798d8bcab948cdd330262b3a670871d33e1,17433.2,0.0,123.93,0.3,0.07,-0.04,0.82,1.01,8.05,-416.19,210.97,-172.38,7.35,/home/djhuai/zuo/stf/new/STF/save_scenarios_1d/scenario_1_0008_heavy_rain_08.json,0,[],0,False,20260909T160734.097185Z,0,0,scenario_1_0008_heavy_rain_08
0.0,running,[],807bf84049331c307b92d241691559ee98fced2a1fe85c927aa39c6851b24f4f,17449.7,0.0,71.18,0.0,0.0,0.0,-0.34,-0.0,0.0,-364.11,219.32,-169.87,8.28,/home/djhuai/zuo/stf/new/STF/save_scenarios_1d/scenario_1_0008_light_rain_01.json,0,[],0,False,20260909T160734.097185Z,0,0,scenario_1_0008_light_rain_01
8.08,running,[],332b767f2f703d28a24fbf2d9140391f5315552a76507ee95d3f25de78c8d869,17466.1,0.0,113.85,-0.35,-0.12,-0.67,0.21,0.98,8.08,-406.21,212.38,-171.74,7.27,/home/djhuai/zuo/stf/new/STF/save_scenarios_1d/scenario_1_0008_light_rain_02.json,0,[],0,False,20260909T160734.097185Z,0,0,scenario_1_0008_light_rain_02
0.0,running,[],b57bea8eba8d77de86117e32ae2617b79d55a7806067f5cad59aeb8326e81f46,17481.9,0.0,71.18,-0.0,0.0,-0.0,-0.34,-0.0,0.0,-364.11,219.32,-169.87,8.28,/home/djhuai/zuo/stf/new/STF/save_scenarios_1d/scenario_1_0008_light_rain_03.json,0,[],0,False,20260909T160734.097185Z,0,0,scenario_1_0008_light_rain_03
8.06,running,[],9fec0276c624f67c1467823b31d35567688e782ca1da9a0091498d7ed3b67f9d,17498.7,0.0,117.48,0.4,0.8,0.95,0.52,0.96,8.06,-409.8,211.86,-171.89,7.28,/home/djhuai/zuo/stf/new/STF/save_scenarios_1d/scenario_1_0008_light_rain_04.json,0,[],0,False,20260909T160734.097185Z,0,0,scenario_1_0008_light_rain_04
0.0,running,[],05523eb5c08329648e3e1ee18b9faadc4e19ac2b28b049d373380e27983e5134,17513.7,0.0,71.18,0.0,-0.0,-0.0,-0.34,-0.0,0.0,-364.11,219.32,-169.87,8.28,/home/djhuai/zuo/stf/new/STF/save_scenarios_1d/scenario_1_0008_light_rain_05.json,0,[],0,False,20260909T160734.097185Z,0,0,scenario_1_0008_light_rain_05
8.1,running,[],79185326fb12aba5a1c2a162d3283f1d784d4605420fa785b8b48241027e58bb,17528.3,0.0,99.31,-0.43,0.05,-0.15,-2.38,0.41,8.1,-391.83,214.55,-171.06,7.66,/home/djhuai/zuo/stf/new/STF/save_scenarios_1d/scenario_1_0008_light_rain_06.json,0,[],0,False,20260909T160734.097185Z,0,0,scenario_1_0008_light_rain_06
0.0,running,[],2753ce07a24e81342475e893e7722caa05b4d6a60c56649a96797a8a3f2134fd,17545.0,0.0,71.18,0.0,-0.0,0.0,-0.34,-0.0,0.0,-364.11,219.32,-169.87,8.28,/home/djhuai/zuo/stf/new/STF/save_scenarios_1d/scenario_1_0008_light_rain_07.json,0,[],0,False,20260909T160734.097185Z,0,0,scenario_1_0008_light_rain_07
8.07,running,[],092368bdb9f0e761369c40d08adecaf196fe9e6150de67c4c02ff028c82da99c,17561.0,0.0,110.62,-0.39,-0.0,0.39,-0.65,0.72,8.07,-403.01,212.85,-171.58,7.28,/home/djhuai/zuo/stf/new/STF/save_scenarios_1d/scenario_1_0008_light_rain_08.json,0,[],0,False,20260909T160734.097185Z,0,0,scenario_1_0008_light_rain_08
8.05,running,[],cb6eb53fda6f1de8d1aea6486fb2b80a2007bb58d3bef782de180aff18a16f8a,17579.7,0.0,91.04,0.24,-0.01,0.06,-2.43,0.46,8.05,-383.67,215.89,-170.29,8.0,/home/djhuai/zuo/stf/new/STF/save_scenarios_1d/scenario_1_0008_night_01.json,0,[],0,False,20260909T160734.097185Z,0,0,scenario_1_0008_night_01
0.0,running,[],29fb99900a6f3d084e708eafcf01a9a8268f35fa399879feb94bdbf2fb967f7c,17597.6,0.0,71.18,-0.0,0.0,-0.0,-0.34,-0.0,0.0,-364.11,219.32,-169.87,8.28,/home/djhuai/zuo/stf/new/STF/save_scenarios_1d/scenario_1_0008_night_02.json,0,[],0,False,20260909T160734.097185Z,0,0,scenario_1_0008_night_02
8.05,running,[],73ed8f494210323c0ed27a8b2bf9833350de072c811a4782d989570b6bef45d0,17616.8,0.0,129.09,-0.34,-0.0,-0.02,2.05,1.21,8.05,-421.31,210.29,-172.53,7.5,/home/djhuai/zuo/stf/new/STF/save_scenarios_1d/scenario_1_0008_night_03.json,0,[],0,False,20260909T160734.097185Z,0,0,scenario_1_0008_night_03
0.0,running,[],bb22088b35da8b028f792b75c38f195876db8dc32c7d00755e5e12676056da97,17635.9,0.0,71.18,-0.0,0.0,-0.0,-0.34,-0.0,0.0,-364.11,219.32,-169.87,8.28,/home/djhuai/zuo/stf/new/STF/save_scenarios_1d/scenario_1_0008_night_04.json,0,[],0,False,20260909T160734.097185Z,0,0,scenario_1_0008_night_04
8.05,running,[],a5073a20e067bd2aa38f1f21bff1b4fedcc29b7992a1cc04300cc4cb8aa05575,17654.3,0.0,129.97,-0.35,-0.0,-0.02,2.03,1.2,8.05,-422.18,210.17,-172.55,7.53,/home/djhuai/zuo/stf/new/STF/save_scenarios_1d/scenario_1_0008_night_05.json,0,[],0,False,20260909T160734.097185Z,0,0,scenario_1_0008_night_05
8.06,running,[],a01418858bbf560c2f71a31c4d29de365c2d9631c72bc1ab9d6cc05b175b364f,17673.6,0.0,117.7,0.14,0.31,1.04,0.52,0.95,8.06,-410.02,211.82,-171.96,7.29,/home/djhuai/zuo/stf/new/STF/save_scenarios_1d/scenario_1_0008_night_06.json,0,[],0,False,20260909T160734.097185Z,0,0,scenario_1_0008_night_06
0.0,running,[],f5726b99c051b15c75d373edde7ffda055e1c715dfc2814b237dff8ea636586b,17692.3,0.0,71.18,0.0,-0.0,-0.0,-0.34,-0.0,0.0,-364.11,219.32,-169.87,8.28,/home/djhuai/zuo/stf/new/STF/save_scenarios_1d/scenario_1_0008_night_07.json,0,[],0,False,20260909T160734.097185Z,0,0,scenario_1_0008_night_07
8.03,running,[],eccd50bd3aac112d052556b8a68fc0e050a9674d4baa31d0173cebe463c01bda,17710.0,0.0,124.74,0.66,0.16,0.85,1.1,1.11,8.03,-416.99,210.87,-172.41,7.37,/home/djhuai/zuo/stf/new/STF/save_scenarios_1d/scenario_1_0008_night_08.json,0,[],0,False,20260909T160734.097185Z,0,0,scenario_1_0008_night_08
0.95,running,[],e5d53a9bb628b8b2d77ac7d8c6f737183db75317fb2e49e15af09ceb8009ed35,17727.4,0.0,71.28,-4.74,-0.84,-0.03,-0.31,-0.0,0.95,-364.21,219.3,-169.83,8.28,/home/djhuai/zuo/stf/new/STF/save_scenarios_1d/scenario_1_0008_overcast_01.json,0,[],0,False,20260909T160734.097185Z,0,0,scenario_1_0008_overcast_01
0.0,running,[],b920163ba748c1ea19c505930ed1bfe388abc58271c198f87881bd08ac14ed17,17744.6,0.0,71.18,-0.0,0.0,0.0,-0.34,-0.0,0.0,-364.11,219.32,-169.87,8.28,/home/djhuai/zuo/stf/new/STF/save_scenarios_1d/scenario_1_0008_overcast_02.json,0,[],0,False,20260909T160734.097185Z,0,0,scenario_1_0008_overcast_02
7.03,running,[],c002c776393a3ae07bd4335b7f97e4d8b84c8b29529fc08c16d5d645c601a37b,17759.6,0.0,80.59,-6.61,-1.19,0.11,-0.29,0.01,7.03,-373.38,217.69,-170.03,8.22,/home/djhuai/zuo/stf/new/STF/save_scenarios_1d/scenario_1_0008_overcast_03.json,0,[],0,False,20260909T160734.097185Z,0,0,scenario_1_0008_overcast_03
0.0,running,[],5d284f1ca4b92980b46308676580812a40678a332bc9e0b1cf502a7320cdcd42,17777.1,0.0,71.18,-0.0,-0.0,-0.0,-0.34,-0.0,0.0,-364.11,219.32,-169.87,8.28,/home/djhuai/zuo/stf/new/STF/save_scenarios_1d/scenario_1_0008_overcast_04.json,0,[],0,False,20260909T160734.097185Z,0,0,scenario_1_0008_overcast_04
8.06,running,[],cfeb7f9d75bab44c33837dfe8a8b264170777d6deee2c1bf68f0ed477c6c2cf3,17794.2,0.0,119.4,-0.12,-0.08,-0.41,0.48,1.0,8.06,-411.7,211.59,-172.11,7.3,/home/djhuai/zuo/stf/new/STF/save_scenarios_1d/scenario_1_0008_overcast_05.json,0,[],0,False,20260909T160734.097185Z,0,0,scenario_1_0008_overcast_05
0.0,running,[],639242d0b10685e247b891a4dd0fd72d9816d706727b543cc38c192d3e4df300,17809.8,0.0,71.18,0.0,-0.0,-0.0,-0.34,-0.0,0.0,-364.11,219.32,-169.87,8.28,/home/djhuai/zuo/stf/new/STF/save_scenarios_1d/scenario_1_0008_overcast_06.json,0,[],0,False,20260909T160734.097185Z,0,0,scenario_1_0008_overcast_06
8.08,running,[],7925f5043cd3333ec6d488f85a7f5444663d42fdf9ea9994052512e4bd39abe3,17825.9,0.0,111.43,-0.42,0.05,0.26,-0.57,0.8,8.08,-403.81,212.73,-171.59,7.27,/home/djhuai/zuo/stf/new/STF/save_scenarios_1d/scenario_1_0008_overcast_07.json,0,[],0,False,20260909T160734.097185Z,0,0,scenario_1_0008_overcast_07
0.0,running,[],f4bd53a8298d191187e5fb32a0a2371e9426057b1173bbc024449de4d79dd013,17842.4,0.0,71.18,0.0,0.0,0.0,-0.34,-0.0,0.0,-364.11,219.32,-169.87,8.28,/home/djhuai/zuo/stf/new/STF/save_scenarios_1d/scenario_1_0008_overcast_08.json,0,[],0,False,20260909T160734.097185Z,0,0,scenario_1_0008_overcast_08
8.04,running,[],d0035a0473ef736ffcef708915c47343c361dc522d47801e80e6854eac297e13,17858.6,0.0,112.64,0.29,-0.05,-0.22,-0.13,0.82,8.04,-405.01,212.55,-171.65,7.26,/home/djhuai/zuo/stf/new/STF/save_scenarios_1d/scenario_1_0008_rainy_dusk_01.json,0,[],0,False,20260909T160734.097185Z,0,0,scenario_1_0008_rainy_dusk_01
0.0,running,[],8072db078c8492cd8ee6f870a49038383ace390e7921d638386b643269b1bd71,17875.3,0.0,64.93,0.0,0.0,0.0,-0.34,-0.0,0.0,-357.96,220.44,-169.54,8.32,/home/djhuai/zuo/stf/new/STF/save_scenarios_1d/scenario_1_0008_rainy_dusk_02.json,0,[],0,False,20260909T160734.097185Z,0,0,scenario_1_0008_rainy_dusk_02
8.05,running,[],41bfdf46ef60583c70965d57c68f25a9c0e18b58302c0e78d2f3e8f229dccc03,17891.3,0.0,110.22,0.4,0.01,0.12,-0.7,0.73,8.05,-402.62,212.91,-171.58,7.29,/home/djhuai/zuo/stf/new/STF/save_scenarios_1d/scenario_1_0008_rainy_dusk_03.json,0,[],0,False,20260909T160734.097185Z,0,0,scenario_1_0008_rainy_dusk_03
0.0,running,[],1724281c1464ca58fc290656b06371e945f3d03bcf57c8dd62630c456f6d6a3c,17907.1,0.0,71.18,0.0,-0.0,0.0,-0.34,-0.0,0.0,-364.11,219.32,-169.87,8.28,/home/djhuai/zuo/stf/new/STF/save_scenarios_1d/scenario_1_0008_rainy_dusk_04.json,0,[],0,False,20260909T160734.097185Z,0,0,scenario_1_0008_rainy_dusk_04
8.05,running,[],b1481efbdf03b16df91b9e95530859a16b2b084f8d68594e56a839010c629a2a,17923.1,0.0,110.22,0.4,0.01,0.12,-0.7,0.73,8.05,-402.62,212.91,-171.58,7.29,/home/djhuai/zuo/stf/new/STF/save_scenarios_1d/scenario_1_0008_rainy_dusk_05.json,0,[],0,False,20260909T160734.097185Z,0,0,scenario_1_0008_rainy_dusk_05
0.0,running,[],1b3ca92d8c30015d97b8d0e83eb77907caaefcb728a2db8fe3530547ff865dc3,17938.5,0.0,71.18,0.0,-0.0,0.0,-0.34,-0.0,0.0,-364.11,219.32,-169.87,8.28,/home/djhuai/zuo/stf/new/STF/save_scenarios_1d/scenario_1_0008_rainy_dusk_06.json,0,[],0,False,20260909T160734.097185Z,0,0,scenario_1_0008_rainy_dusk_06
0.0,running,[],946c7484a2813a6b14467826f7b1de7b5bb9a635879d07cf060968d313b8f815,17957.9,0.0,71.18,-0.0,-0.0,0.0,-0.34,-0.0,0.0,-364.11,219.32,-169.87,8.28,/home/djhuai/zuo/stf/new/STF/save_scenarios_1d/scenario_1_0008_rainy_dusk_07.json,0,[],0,False,20260909T160734.097185Z,0,0,scenario_1_0008_rainy_dusk_07
8.05,running,[],6a62e4b0d3348111b3ce4a7cab9c0b3977ba2e99153056da6dadd3aa3a436dd8,17977.2,0.0,130.72,-0.36,-0.01,-0.01,2.02,1.2,8.05,-422.92,210.08,-172.57,7.56,/home/djhuai/zuo/stf/new/STF/save_scenarios_1d/scenario_1_0008_rainy_dusk_08.json,0,[],0,False,20260909T160734.097185Z,0,0,scenario_1_0008_rainy_dusk_08
0.0,running,[],95b7a51e6cb3f0464c84a15c757e52c9be8f3b311ebf275b616fd143c3b4ba68,17993.6,0.0,71.18,-0.0,0.0,0.0,-0.34,-0.0,0.0,-364.11,219.32,-169.87,8.28,/home/djhuai/zuo/stf/new/STF/save_scenarios_1d/scenario_1_0008_sandstorm_01.json,0,[],0,False,20260909T160734.097185Z,0,0,scenario_1_0008_sandstorm_01
8.03,running,[],43d351fa4802a0747cb75c3cbb764a0bb69ac878ef1992014f5581284d9cc3d7,18011.9,0.0,128.76,0.32,0.07,-0.03,2.05,1.2,8.03,-420.98,210.33,-172.52,7.49,/home/djhuai/zuo/stf/new/STF/save_scenarios_1d/scenario_1_0008_sandstorm_02.json,0,[],0,False,20260909T160734.097185Z,0,0,scenario_1_0008_sandstorm_02
0.0,running,[],f7cdd170dbe8b19891331c2751b594fdd65fbdd253236c261d2fe69bef0f29e2,18030.3,0.0,66.65,-0.0,-0.0,0.0,-0.34,-0.0,0.0,-359.65,220.12,-169.66,8.31,/home/djhuai/zuo/stf/new/STF/save_scenarios_1d/scenario_1_0008_sandstorm_03.json,0,[],0,False,20260909T160734.097185Z,0,0,scenario_1_0008_sandstorm_03
0.0,running,[],d7052f757932614226d0547431db1147071c3abc431531c5053321f76b51c32c,18049.3,0.0,71.18,-0.0,-0.0,0.0,-0.34,-0.0,0.0,-364.11,219.32,-169.87,8.28,/home/djhuai/zuo/stf/new/STF/save_scenarios_1d/scenario_1_0008_sandstorm_04.json,0,[],0,False,20260909T160734.097185Z,0,0,scenario_1_0008_sandstorm_04
8.03,running,[],61716a966dc665233bfa0e66ebdeb1fa72a0c1c24b58d1a939a6bd315205cf23,18067.8,0.0,130.37,0.34,0.05,-0.04,2.03,1.2,8.03,-422.57,210.12,-172.56,7.55,/home/djhuai/zuo/stf/new/STF/save_scenarios_1d/scenario_1_0008_sandstorm_05.json,0,[],0,False,20260909T160734.097185Z,0,0,scenario_1_0008_sandstorm_05
0.0,running,[],8c355521200a6886b1c11732ccffcd09dd19655467c9505d93c748a743a49ade,18086.8,0.0,71.18,0.0,-0.0,-0.0,-0.34,-0.0,0.0,-364.11,219.32,-169.87,8.28,/home/djhuai/zuo/stf/new/STF/save_scenarios_1d/scenario_1_0008_sandstorm_06.json,0,[],0,False,20260909T160734.097185Z,0,0,scenario_1_0008_sandstorm_06
8.03,running,[],beb94c04cd9dd3a7bbbeb987dc10694d71ef97fcc783ec91789b840eef96c5a8,18105.8,0.0,131.65,0.23,0.06,-0.02,2.02,1.2,8.03,-423.84,209.95,-172.59,7.59,/home/djhuai/zuo/stf/new/STF/save_scenarios_1d/scenario_1_0008_sandstorm_07.json,0,[],0,False,20260909T160734.097185Z,0,0,scenario_1_0008_sandstorm_07
8.1,running,[],26b664821892f4108a44f6fca11c891398d787b751ece43e52d332a32cdbffbe,18124.3,0.0,99.12,-0.45,-0.0,-0.3,-2.36,0.42,8.1,-391.64,214.58,-171.05,7.67,/home/djhuai/zuo/stf/new/STF/save_scenarios_1d/scenario_1_0008_sandstorm_08.json,0,[],0,False,20260909T160734.097185Z,0,0,scenario_1_0008_sandstorm_08
0.0,running,[],84d8c2709a6c6bb84536b42bae6fa5c46329ccea7e56ed23672ee538a935d00a,18141.5,0.0,71.18,-0.0,0.0,0.0,-0.34,-0.0,0.0,-364.11,219.32,-169.87,8.28,/home/djhuai/zuo/stf/new/STF/save_scenarios_1d/scenario_1_0008_snowy_heavy_01.json,0,[],0,False,20260909T160734.097185Z,0,0,scenario_1_0008_snowy_heavy_01
8.09,running,[],d644dd792d46570dd04716980fe313cab4d1439e02a86a5a7ebe6fda9acc0106,18158.3,0.0,117.08,-0.51,0.03,-0.81,0.46,1.08,8.09,-409.4,211.91,-171.86,7.28,/home/djhuai/zuo/stf/new/STF/save_scenarios_1d/scenario_1_0008_snowy_heavy_02.json,0,[],0,False,20260909T160734.097185Z,0,0,scenario_1_0008_snowy_heavy_02
0.0,running,[],a1bbf7f1ec4bef6959f1f589afa1031580470bedd41129a7eaedd9b13713aa25,18176.5,0.0,67.9,0.0,-0.0,-0.0,-0.34,-0.0,0.0,-360.89,219.9,-169.7,8.3,/home/djhuai/zuo/stf/new/STF/save_scenarios_1d/scenario_1_0008_snowy_heavy_03.json,0,[],0,False,20260909T160734.097185Z,0,0,scenario_1_0008_snowy_heavy_03
0.0,running,[],e12c4ae6c99e9037da17afc1cd80b53c93a975d61b8da61d7aa17f41fae5ecbe,18194.2,0.0,71.59,-0.0,0.0,-0.0,-0.34,-0.0,0.0,-364.52,219.25,-169.84,8.28,/home/djhuai/zuo/stf/new/STF/save_scenarios_1d/scenario_1_0008_snowy_heavy_04.json,0,[],0,False,20260909T160734.097185Z,0,0,scenario_1_0008_snowy_heavy_04
1.0,running,[],9a85478d344adc9199df44198f7429b041f30981e431dd23717ed5e85e8cf171,18211.9,0.0,67.61,-5.66,-1.01,-0.03,-0.3,-0.0,1.0,-360.6,219.95,-169.64,8.3,/home/djhuai/zuo/stf/new/STF/save_scenarios_1d/scenario_1_0008_snowy_heavy_05.json,0,[],0,False,20260909T160734.097185Z,0,0,scenario_1_0008_snowy_heavy_05
0.0,running,[],544826d94c9dc4bcdf67438c8b2b353778ab7115aaf8c7e3e2b90828d97aeb87,18228.7,0.0,67.7,0.0,-0.0,-0.0,-0.34,-0.0,0.0,-360.69,219.94,-169.62,8.3,/home/djhuai/zuo/stf/new/STF/save_scenarios_1d/scenario_1_0008_snowy_heavy_06.json,0,[],0,False,20260909T160734.097185Z,0,0,scenario_1_0008_snowy_heavy_06
8.05,running,[],569f69a16b782d79246f8b5423fb3069f980e74119eff2ecbb12dbe898499daf,18247.1,0.0,114.89,0.74,0.22,1.73,0.39,0.86,8.05,-407.24,212.23,-171.78,7.26,/home/djhuai/zuo/stf/new/STF/save_scenarios_1d/scenario_1_0008_snowy_heavy_07.json,0,[],0,False,20260909T160734.097185Z,0,0,scenario_1_0008_snowy_heavy_07
0.0,running,[],f005fe8d16889b0c1829f447b662a6d491fba4d08c712c15771777f7d790bfb1,18264.7,0.0,71.18,0.0,-0.0,0.0,-0.34,-0.0,0.0,-364.11,219.32,-169.87,8.28,/home/djhuai/zuo/stf/new/STF/save_scenarios_1d/scenario_1_0008_snowy_heavy_08.json,0,[],0,False,20260909T160734.097185Z,0,0,scenario_1_0008_snowy_heavy_08
6.31,running,[],56f2a376e73f53d92b5274c90775ae05418fadd3207512ac34d55b3d9b4a4836,18281.4,0.0,103.69,0.06,0.07,-0.07,-2.37,0.55,6.31,-396.16,213.88,-171.35,7.47,/home/djhuai/zuo/stf/new/STF/save_scenarios_1d/scenario_1_0008_snowy_light_01.json,0,[],0,False,20260909T160734.097185Z,0,0,scenario_1_0008_snowy_light_01
0.0,running,[],df8e3a6281c6cc72c3efd9126f7e1311d26a6f65829967d5157424a5a9ff740f,18296.8,0.0,71.18,0.0,0.0,-0.0,-0.34,-0.0,0.0,-364.11,219.32,-169.87,8.28,/home/djhuai/zuo/stf/new/STF/save_scenarios_1d/scenario_1_0008_snowy_light_02.json,0,[],0,False,20260909T160734.097185Z,0,0,scenario_1_0008_snowy_light_02
8.07,running,[],93c6fb56fb3ad5423b0988917531cf5c287879514a95ae56d88be61f747e584a,18312.6,0.0,109.01,-0.3,0.05,0.48,-1.09,0.65,8.07,-401.42,213.09,-171.55,7.31,/home/djhuai/zuo/stf/new/STF/save_scenarios_1d/scenario_1_0008_snowy_light_03.json,0,[],0,False,20260909T160734.097185Z,0,0,scenario_1_0008_snowy_light_03
0.0,running,[],29050a4a4c8437bd8ec3e439afa8f50e29428bf9c5aae9743147fc82f39b8db5,18329.6,0.0,71.18,0.0,0.0,-0.0,-0.34,-0.0,0.0,-364.11,219.32,-169.87,8.28,/home/djhuai/zuo/stf/new/STF/save_scenarios_1d/scenario_1_0008_snowy_light_04.json,0,[],0,False,20260909T160734.097185Z,0,0,scenario_1_0008_snowy_light_04
7.92,running,[],24b18599cf2fc028951e3dc21f56864944ce373045f918e4f7fb4df194d0d494,18348.0,0.0,123.04,-1.48,-0.15,-0.05,0.77,1.01,7.92,-415.31,211.09,-172.33,7.34,/home/djhuai/zuo/stf/new/STF/save_scenarios_1d/scenario_1_0008_snowy_light_05.json,0,[],0,False,20260909T160734.097185Z,0,0,scenario_1_0008_snowy_light_05
8.1,running,[],0ed1798cd9fd1426340daca95f1b7e9eda93c0d77bd99d5085d90e009cb2038f,18366.0,0.0,99.93,-0.36,-0.03,-0.16,-2.46,0.44,8.1,-392.45,214.45,-171.11,7.63,/home/djhuai/zuo/stf/new/STF/save_scenarios_1d/scenario_1_0008_snowy_light_06.json,0,[],0,False,20260909T160734.097185Z,0,0,scenario_1_0008_snowy_light_06
0.0,running,[],931e8ade12b17832e24268063434561b6ef440d8d51f17c10bfd19234e4e4588,18384.6,0.0,65.95,0.0,0.0,0.0,-0.36,-0.0,0.0,-358.97,220.25,-169.6,8.31,/home/djhuai/zuo/stf/new/STF/save_scenarios_1d/scenario_1_0008_snowy_light_07.json,0,[],0,False,20260909T160734.097185Z,0,0,scenario_1_0008_snowy_light_07
8.05,running,[],ec376fe9381e0ef7347f5d65b7a8153c2f64406d54a5b155d00a6a55f16ed37c,18403.3,0.0,132.78,-0.0,0.29,-0.74,1.95,1.05,8.05,-424.97,209.81,-172.64,7.63,/home/djhuai/zuo/stf/new/STF/save_scenarios_1d/scenario_1_0008_snowy_light_08.json,0,[],0,False,20260909T160734.097185Z,0,0,scenario_1_0008_snowy_light_08
2.43,running,[],aa64b6c728c8502dc97c5a799ebcf7144c3fa67beccccbb0611239242b475496,18422.2,0.0,71.72,-5.54,-0.97,-0.03,-0.28,-0.0,2.43,-364.64,219.23,-169.92,8.28,/home/djhuai/zuo/stf/new/STF/save_scenarios_1d/scenario_1_0008_sunny_01.json,0,[],0,False,20260909T160734.097185Z,0,0,scenario_1_0008_sunny_01
0.0,running,[],e41199e4e0179e54d039b62b765eb5b4429d6d4ac12445d71ae00eda15437c35,18439.2,0.0,71.18,-0.0,-0.0,0.0,-0.34,-0.0,0.0,-364.11,219.32,-169.87,8.28,/home/djhuai/zuo/stf/new/STF/save_scenarios_1d/scenario_1_0008_sunny_02.json,0,[],0,False,20260909T160734.097185Z,0,0,scenario_1_0008_sunny_02
8.09,running,[],5b7e6de4d1add02e55e4c1cebbfc6988310801f432848bde748ca8ffb3dd46e8,18456.4,0.0,98.31,-0.45,0.04,-0.02,-2.3,0.38,8.09,-390.85,214.7,-170.95,7.7,/home/djhuai/zuo/stf/new/STF/save_scenarios_1d/scenario_1_0008_sunny_03.json,0,[],0,False,20260909T160734.097185Z,0,0,scenario_1_0008_sunny_03
0.0,running,[],102724c8f974160865f9f0a0a259486e278a9dde7e25a1a52cbcfa2757ca4b1d,18473.0,0.0,71.18,0.0,-0.0,0.0,-0.34,-0.0,0.0,-364.11,219.32,-169.87,8.28,/home/djhuai/zuo/stf/new/STF/save_scenarios_1d/scenario_1_0008_sunny_04.json,0,[],0,False,20260909T160734.097185Z,0,0,scenario_1_0008_sunny_04
8.08,running,[],3482b27535c7338bb3f7f166e0e6da08355be6bbb2388e511ea03251159a1795,18489.4,0.0,104.53,-0.17,0.01,0.98,-2.24,0.51,8.08,-396.99,213.75,-171.41,7.44,/home/djhuai/zuo/stf/new/STF/save_scenarios_1d/scenario_1_0008_sunny_05.json,0,[],0,False,20260909T160734.097185Z,0,0,scenario_1_0008_sunny_05
0.0,running,[],b04ed6064000117fde76cf482f9ea2f979d95be576885bc1f84fdda4bb649489,18506.0,0.0,71.18,-0.0,0.0,-0.0,-0.34,-0.0,0.0,-364.11,219.32,-169.87,8.28,/home/djhuai/zuo/stf/new/STF/save_scenarios_1d/scenario_1_0008_sunny_06.json,0,[],0,False,20260909T160734.097185Z,0,0,scenario_1_0008_sunny_06
8.04,running,[],c3a937788f626ff4b16472ce8dbcbc5d061225c4ff3ebbc0e8e3f8910b6a3da2,18522.2,0.0,112.64,0.29,-0.05,-0.22,-0.13,0.82,8.04,-405.01,212.55,-171.65,7.26,/home/djhuai/zuo/stf/new/STF/save_scenarios_1d/scenario_1_0008_sunny_07.json,0,[],0,False,20260909T160734.097185Z,0,0,scenario_1_0008_sunny_07
0.0,running,[],e1f9e2c9c6c456af2a8ca57d26fad80e4016609e1a82cf9afaee9911ca63c0ab,18538.1,0.0,71.18,-0.0,0.0,-0.0,-0.34,-0.0,0.0,-364.11,219.32,-169.87,8.28,/home/djhuai/zuo/stf/new/STF/save_scenarios_1d/scenario_1_0008_sunny_08.json,0,[],0,False,20260909T160734.097185Z,0,0,scenario_1_0008_sunny_08
8.08,running,[],452e14116dfd5558e7dac55e678804860729ab99a20eecaf66d20eafee164a98,18554.2,0.0,111.43,-0.42,0.05,0.26,-0.57,0.8,8.08,-403.81,212.73,-171.59,7.27,/home/djhuai/zuo/stf/new/STF/save_scenarios_1d/scenario_1_0008_wind_01.json,0,[],0,False,20260909T160734.097185Z,0,0,scenario_1_0008_wind_01
0.0,running,[],0b064740f35723d049d0780168935515571b3d7b54a6c2eec285f5b9f823fcae,18569.9,0.0,71.18,-0.0,0.0,0.0,-0.34,-0.0,0.0,-364.11,219.32,-169.87,8.28,/home/djhuai/zuo/stf/new/STF/save_scenarios_1d/scenario_1_0008_wind_02.json,0,[],0,False,20260909T160734.097185Z,0,0,scenario_1_0008_wind_02
8.05,running,[],2cf23cf26374e1d667531085f551e0727d043a21956379621dad4017e3151303,18587.3,0.0,121.51,0.35,0.07,0.03,0.62,0.98,8.05,-413.79,211.3,-172.24,7.32,/home/djhuai/zuo/stf/new/STF/save_scenarios_1d/scenario_1_0008_wind_03.json,0,[],0,False,20260909T160734.097185Z,0,0,scenario_1_0008_wind_03
5.38,running,[],a9539dc5a4310d0e2ece1aeb2d7157acb776999b396eed1154379c419f0a94d0,18604.9,0.0,78.45,-1.29,-0.25,-0.02,-0.32,-0.0,5.38,-371.27,218.06,-170.01,8.24,/home/djhuai/zuo/stf/new/STF/save_scenarios_1d/scenario_1_0008_wind_04.json,0,[],0,False,20260909T160734.097185Z,0,0,scenario_1_0008_wind_04
0.0,running,[],b6a8d85901b6979d0207c044ee1e26bb14420cff24aceeee32081bf6bfbfeec3,18621.2,0.0,71.18,0.0,-0.0,0.0,-0.34,-0.0,0.0,-364.11,219.32,-169.87,8.28,/home/djhuai/zuo/stf/new/STF/save_scenarios_1d/scenario_1_0008_wind_05.json,0,[],0,False,20260909T160734.097185Z,0,0,scenario_1_0008_wind_05
8.09,running,[],2cfb8a54ffa9b63423849c3a92032b672faf1c2ad1c103afcf95f4b41fe78a32,18637.6,0.0,98.31,-0.45,0.04,-0.02,-2.3,0.38,8.09,-390.85,214.7,-170.95,7.7,/home/djhuai/zuo/stf/new/STF/save_scenarios_1d/scenario_1_0008_wind_06.json,0,[],0,False,20260909T160734.097185Z,0,0,scenario_1_0008_wind_06
0.0,running,[],d95fc69a7d7d7e96b8376f6559b4c278834c3bd2c30c5070fd1bd0d08b47c7cb,18653.9,0.0,71.18,0.0,0.0,0.0,-0.34,-0.0,0.0,-364.11,219.32,-169.87,8.28,/home/djhuai/zuo/stf/new/STF/save_scenarios_1d/scenario_1_0008_wind_07.json,0,[],0,False,20260909T160734.097185Z,0,0,scenario_1_0008_wind_07
8.06,running,[],624495eb37f959c97323e7b8fd03a7925f0096bda1d5ce30395806b96bbdb167,18670.6,0.0,116.67,-0.01,-0.22,-1.04,0.41,1.1,8.06,-409.0,211.97,-171.85,7.28,/home/djhuai/zuo/stf/new/STF/save_scenarios_1d/scenario_1_0008_wind_08.json,0,[],0,False,20260909T160734.097185Z,0,0,scenario_1_0008_wind_08
0.0,running,[],1c388815d48edeaafaefc85400449fbf2ec6235192e950cf8b7180b16e22f367,18687.1,0.0,24.87,0.0,0.0,0.0,-0.34,-0.0,0.0,-365.34,226.21,-169.86,8.28,/home/djhuai/zuo/stf/new/STF/save_scenarios_1d/scenario_1_0009_cloudy_01.json,0,[],0,False,20260909T160734.097185Z,0,0,scenario_1_0009_cloudy_01
8.05,running,[],d259e1dac6350fca3d5e7f28d417c4a0a7bd55681ddf4ff494ed2098577f7301,18703.6,0.0,96.67,-0.12,0.54,0.03,1.05,0.03,8.05,-436.33,215.6,-175.69,7.85,/home/djhuai/zuo/stf/new/STF/save_scenarios_1d/scenario_1_0009_cloudy_02.json,0,[],0,False,20260909T160734.097185Z,0,0,scenario_1_0009_cloudy_02
0.0,running,[],f52f15004bfdf8b94951c1c73f41ff25acb7e5f5ebcbfc31b6db9d065b3c3dba,18718.1,0.0,24.87,0.0,0.0,0.0,-0.34,-0.0,0.0,-365.34,226.21,-169.86,8.28,/home/djhuai/zuo/stf/new/STF/save_scenarios_1d/scenario_1_0009_cloudy_03.json,0,[],0,False,20260909T160734.097185Z,0,0,scenario_1_0009_cloudy_03
8.04,running,[],9251af6f48fe10d3b3666dd5d375d3fd4542d074b8b55b1decc3e41cd69d9735,18735.5,0.0,110.54,-0.01,2.37,-0.04,1.05,0.07,8.04,-450.19,215.64,175.99,8.11,/home/djhuai/zuo/stf/new/STF/save_scenarios_1d/scenario_1_0009_cloudy_04.json,0,[],0,False,20260909T160734.097185Z,0,0,scenario_1_0009_cloudy_04
0.0,running,[],8522d441dd3b2b4a804d450f46190a11ad4fa1a83c96a3208ca0af1d85ca4c84,18752.0,0.0,24.87,-0.0,-0.0,-0.0,-0.34,-0.0,0.0,-365.34,226.21,-169.86,8.28,/home/djhuai/zuo/stf/new/STF/save_scenarios_1d/scenario_1_0009_cloudy_05.json,0,[],0,False,20260909T160734.097185Z,0,0,scenario_1_0009_cloudy_05
8.07,running,[],093bd8d49c8764fe7967773f9aa908c28ff488e215df7596430c6ff884d31388,18768.5,0.0,112.85,-0.04,0.93,0.03,1.05,0.05,8.07,-452.48,215.93,172.27,8.15,/home/djhuai/zuo/stf/new/STF/save_scenarios_1d/scenario_1_0009_cloudy_06.json,0,[],0,False,20260909T160734.097185Z,0,0,scenario_1_0009_cloudy_06
0.0,running,[],313fbacde6195a5301aaed96bfe595f5f42949a3052d05b2bad09955bf2ff97c,18783.5,0.0,24.87,-0.0,0.0,-0.0,-0.34,-0.0,0.0,-365.34,226.21,-169.86,8.28,/home/djhuai/zuo/stf/new/STF/save_scenarios_1d/scenario_1_0009_cloudy_07.json,0,[],0,False,20260909T160734.097185Z,0,0,scenario_1_0009_cloudy_07
8.09,running,[],762ec3a4d94a1c8c1a26d372038c401aa520e7885ee62f601e9f2aa890331e00,18800.5,0.0,117.81,0.21,1.15,-0.51,-1.01,0.8,8.09,-457.38,216.66,168.6,8.19,/home/djhuai/zuo/stf/new/STF/save_scenarios_1d/scenario_1_0009_cloudy_08.json,0,[],0,False,20260909T160734.097185Z,0,0,scenario_1_0009_cloudy_08
7.14,running,[],80249a3633e4c0d69cd2d8aa49afb8e0b62078ec16b970b72104fe4245c06902,18816.7,0.0,34.76,-5.03,-0.84,0.36,0.27,0.01,7.14,-375.08,224.49,-170.01,8.23,/home/djhuai/zuo/stf/new/STF/save_scenarios_1d/scenario_1_0009_cold_fog_01.json,0,[],0,False,20260909T160734.097185Z,0,0,scenario_1_0009_cold_fog_01
8.08,running,[],90cb3d5d2a10357858108b352b081a62595192db6314fc6dd8cdf1f1467642cd,18833.9,0.0,119.3,0.43,1.36,-0.6,-1.91,1.58,8.08,-458.76,217.33,160.74,8.17,/home/djhuai/zuo/stf/new/STF/save_scenarios_1d/scenario_1_0009_cold_fog_02.json,0,[],0,False,20260909T160734.097185Z,0,0,scenario_1_0009_cold_fog_02
8.06,running,[],9864913aa95e3fc0c33c5443f9e7c355d15309b0f7939f4d1463da1ebf04f820,18850.4,0.0,63.23,0.33,0.04,0.23,-0.56,0.59,8.06,-403.18,219.9,-171.53,7.37,/home/djhuai/zuo/stf/new/STF/save_scenarios_1d/scenario_1_0009_cold_fog_03.json,0,[],0,False,20260909T160734.097185Z,0,0,scenario_1_0009_cold_fog_03
0.0,running,[],2b62a7757b5118c949ed19b5822becdb3dd04bff8dcaa5c315424b5fca761a89,18869.1,0.0,24.87,0.0,0.0,-0.0,-0.34,-0.0,0.0,-365.34,226.21,-169.86,8.28,/home/djhuai/zuo/stf/new/STF/save_scenarios_1d/scenario_1_0009_cold_fog_04.json,0,[],0,False,20260909T160734.097185Z,0,0,scenario_1_0009_cold_fog_04
8.09,running,[],6147fccaa1b264300001543571c76d5a0b3234fcae6e76cc29a894eb7c1a9505,18887.9,0.0,121.75,4.1,2.76,2.52,-2.53,1.75,8.09,-460.17,219.83,130.74,8.11,/home/djhuai/zuo/stf/new/STF/save_scenarios_1d/scenario_1_0009_cold_fog_05.json,0,[],0,False,20260909T160734.097185Z,0,0,scenario_1_0009_cold_fog_05
4.98,running,[],f4fab75befa50dfb37305ccf933b12fd288cd300987abfb1165ac6c3432e7641,18906.8,0.0,31.5,-3.67,-0.66,-0.04,-0.33,0.0,4.98,-371.87,225.06,-170.01,8.24,/home/djhuai/zuo/stf/new/STF/save_scenarios_1d/scenario_1_0009_cold_fog_06.json,0,[],0,False,20260909T160734.097185Z,0,0,scenario_1_0009_cold_fog_06
8.08,running,[],a8591dfd7a848f5d64f46899bab1dd71aeff1cf5de88685ae3afe6ca94319dbc,18925.7,0.0,127.61,-0.05,-0.51,-0.23,-1.55,0.08,8.08,-466.89,219.05,167.91,7.9,/home/djhuai/zuo/stf/new/STF/save_scenarios_1d/scenario_1_0009_cold_fog_07.json,0,[],0,False,20260909T160734.097185Z,0,0,scenario_1_0009_cold_fog_07
8.05,running,[],649881c15d3e79e8790280561ba7d5fee39cf0d9e2d7e35580ccc47e330a8cfa,18944.4,0.0,90.23,0.0,-0.03,0.0,1.03,-0.0,8.05,-429.93,216.24,-172.69,7.74,/home/djhuai/zuo/stf/new/STF/save_scenarios_1d/scenario_1_0009_cold_fog_08.json,0,[],0,False,20260909T160734.097185Z,0,0,scenario_1_0009_cold_fog_08
0.0,running,[],3c4383d6f1c741bfe46e58121655cd8459f35cd78d88d14fb4ece0161cbb40e1,18959.2,0.0,24.87,-0.0,0.0,-0.0,-0.34,-0.0,0.0,-365.34,226.21,-169.86,8.28,/home/djhuai/zuo/stf/new/STF/save_scenarios_1d/scenario_1_0009_dawn_01.json,0,[],0,False,20260909T160734.097185Z,0,0,scenario_1_0009_dawn_01
8.05,running,[],2cc856473dc7a604d7206a610f7354c649f1134a35e01076ab90d41a885db153,18975.3,0.0,95.59,-0.12,3.08,-0.01,1.05,0.03,8.05,-435.26,215.68,-174.6,7.83,/home/djhuai/zuo/stf/new/STF/save_scenarios_1d/scenario_1_0009_dawn_02.json,0,[],0,False,20260909T160734.097185Z,0,0,scenario_1_0009_dawn_02
0.0,running,[],516016d45064c1cf64d177bf27d51b7a329005a5c8f7cb4f168aef8dac749c3d,18989.9,0.0,24.87,-0.0,-0.0,-0.0,-0.34,-0.0,0.0,-365.34,226.21,-169.86,8.28,/home/djhuai/zuo/stf/new/STF/save_scenarios_1d/scenario_1_0009_dawn_03.json,0,[],0,False,20260909T160734.097185Z,0,0,scenario_1_0009_dawn_03
8.06,running,[],eb8eae81653853ca09be7fec1f467e114675c5d41bad509d76c904aff2825272,19006.4,0.0,103.28,-0.05,0.26,0.01,1.05,0.03,8.06,-442.94,215.36,-179.73,7.98,/home/djhuai/zuo/stf/new/STF/save_scenarios_1d/scenario_1_0009_dawn_04.json,0,[],0,False,20260909T160734.097185Z,0,0,scenario_1_0009_dawn_04
0.0,running,[],e4d073e1541d2df849f7cc2c4bf5859455bd8dff0d0d0f816805e6ea0626516f,19023.3,0.0,24.87,-0.0,0.0,-0.0,-0.34,-0.0,0.0,-365.34,226.21,-169.86,8.28,/home/djhuai/zuo/stf/new/STF/save_scenarios_1d/scenario_1_0009_dawn_05.json,0,[],0,False,20260909T160734.097185Z,0,0,scenario_1_0009_dawn_05
8.06,running,[],c8acb5b8d16eee01730aafba76e62cf2d4d8902fa0b087a1d035005677fa8a75,19038.9,0.0,102.38,-0.42,0.49,0.01,1.05,0.04,8.06,-442.04,215.37,-179.23,7.96,/home/djhuai/zuo/stf/new/STF/save_scenarios_1d/scenario_1_0009_dawn_06.json,0,[],0,False,20260909T160734.097185Z,0,0,scenario_1_0009_dawn_06
0.0,running,[],4314e008df99b64a29794e2cbc269581da0fefd77def4214b9dcefa508ce505f,19055.5,0.0,24.87,0.0,0.0,-0.0,-0.34,-0.0,0.0,-365.34,226.21,-169.86,8.28,/home/djhuai/zuo/stf/new/STF/save_scenarios_1d/scenario_1_0009_dawn_07.json,0,[],0,False,20260909T160734.097185Z,0,0,scenario_1_0009_dawn_07
8.06,running,[],344f153d67736c385bdc003801671df651251735e98becf0ed300ddbc64c4eab,19071.3,0.0,108.04,-0.02,0.27,0.03,1.05,0.04,8.06,-447.7,215.49,177.34,8.06,/home/djhuai/zuo/stf/new/STF/save_scenarios_1d/scenario_1_0009_dawn_08.json,0,[],0,False,20260909T160734.097185Z,0,0,scenario_1_0009_dawn_08
3.65,running,[],26efef2e14be4efc457b53d2f876a84b8c2992a01a788996fbecbd6e2ef60bdd,19086.8,0.0,26.02,-6.08,-1.08,-0.04,-0.27,-0.0,3.65,-366.47,226.01,-169.91,8.27,/home/djhuai/zuo/stf/new/STF/save_scenarios_1d/scenario_1_0009_dusk_01.json,0,[],0,False,20260909T160734.097185Z,0,0,scenario_1_0009_dusk_01
8.06,running,[],1f6096cc3a17a89119286f4c1fa0f4cc50769202279ab6efa7e09ee9144080ff,19102.5,0.0,107.24,-0.09,0.39,-0.04,1.05,0.04,8.06,-446.89,215.45,177.75,8.05,/home/djhuai/zuo/stf/new/STF/save_scenarios_1d/scenario_1_0009_dusk_02.json,0,[],0,False,20260909T160734.097185Z,0,0,scenario_1_0009_dusk_02
4.85,running,[],5a6205684dd0f59516af49852e3eeda0eea974baf1fd6d5781b3d2d48ea15998,19118.1,0.0,31.04,-2.82,-0.51,0.01,-0.34,0.0,4.85,-371.41,225.14,-170.01,8.24,/home/djhuai/zuo/stf/new/STF/save_scenarios_1d/scenario_1_0009_dusk_03.json,0,[],0,False,20260909T160734.097185Z,0,0,scenario_1_0009_dusk_03
8.05,running,[],4604e28e2f0696447b2e2e7c5f76c2cbf6f3871d073a1254dd3a26af29950ede,19132.7,0.0,92.68,0.29,0.21,-0.03,1.04,0.0,8.05,-432.36,215.97,-173.86,7.78,/home/djhuai/zuo/stf/new/STF/save_scenarios_1d/scenario_1_0009_dusk_04.json,0,[],0,False,20260909T160734.097185Z,0,0,scenario_1_0009_dusk_04
5.25,running,[],ff54589a7240a20aed033d29c926f9dd790cc2188c28e08a890e80a67bbdc3ed,19147.6,0.0,27.64,1.23,0.22,-0.03,-0.28,-0.0,5.25,-368.07,225.73,-169.96,8.26,/home/djhuai/zuo/stf/new/STF/save_scenarios_1d/scenario_1_0009_dusk_05.json,0,[],0,False,20260909T160734.097185Z,0,0,scenario_1_0009_dusk_05
8.07,running,[],5bcd51c425a4b4b5b67122e60081e4107bd08498fff0bc51a73e07aebed0acf3,19163.1,0.0,104.21,-0.31,0.24,-0.01,1.05,0.03,8.07,-443.87,215.36,179.89,7.99,/home/djhuai/zuo/stf/new/STF/save_scenarios_1d/scenario_1_0009_dusk_06.json,0,[],0,False,20260909T160734.097185Z,0,0,scenario_1_0009_dusk_06
5.37,running,[],a1fca29cba7a353bbac31023baa4d95971883f9f218c34a695e25754ac0f5dd3,19178.7,0.0,32.07,-1.9,-0.35,-0.02,-0.32,0.0,5.37,-372.43,224.96,-170.02,8.24,/home/djhuai/zuo/stf/new/STF/save_scenarios_1d/scenario_1_0009_dusk_07.json,0,[],0,False,20260909T160734.097185Z,0,0,scenario_1_0009_dusk_07
8.06,running,[],64fe588282b600eb3789a828b12853aab94e47421fd9ca96366e98afc5a66666,19194.9,0.0,91.28,-0.42,0.82,0.01,1.03,0.01,8.06,-430.97,216.11,-173.09,7.76,/home/djhuai/zuo/stf/new/STF/save_scenarios_1d/scenario_1_0009_dusk_08.json,0,[],0,False,20260909T160734.097185Z,0,0,scenario_1_0009_dusk_08
8.13,running,[],20d69aa442f71d833ca59a43d54dcb342cbb42bc8af4e4b09be2096a62c405cb,19210.2,0.0,41.81,-1.15,-0.13,-0.61,-2.62,0.57,8.13,-382.02,223.28,-170.14,8.2,/home/djhuai/zuo/stf/new/STF/save_scenarios_1d/scenario_1_0009_fog_01.json,0,[],0,False,20260909T160734.097185Z,0,0,scenario_1_0009_fog_01
8.01,running,[],89e7ce180510dd520ddf382d7badcfbf79eff52f4fcdeec0c93de13a61f463c0,19227.1,0.0,117.67,4.36,8.1,-0.41,-0.45,1.14,8.01,-457.11,217.19,157.22,8.2,/home/djhuai/zuo/stf/new/STF/save_scenarios_1d/scenario_1_0009_fog_02.json,0,[],0,False,20260909T160734.097185Z,0,0,scenario_1_0009_fog_02
6.44,running,[],5020d71390c6a45a895a535a2df60eac963755eb782dce73e3a4ff9d9a44c166,19244.6,0.0,61.43,-0.78,-0.1,0.4,-1.07,0.55,6.44,-401.4,220.17,-171.48,7.4,/home/djhuai/zuo/stf/new/STF/save_scenarios_1d/scenario_1_0009_fog_03.json,0,[],0,False,20260909T160734.097185Z,0,0,scenario_1_0009_fog_03
0.0,running,[],b4f8eba33da0ae36b46ebd9b92bbf6e556c79f0ff5462e8bfc7b871c300468d7,19263.2,0.0,24.87,0.0,-0.0,-0.0,-0.34,-0.0,0.0,-365.34,226.21,-169.86,8.28,/home/djhuai/zuo/stf/new/STF/save_scenarios_1d/scenario_1_0009_fog_04.json,0,[],0,False,20260909T160734.097185Z,0,0,scenario_1_0009_fog_04
8.18,running,[],cc37340f8087f9344b1ff2aa0a02b38277537885151291113b70a1273f392c50,19281.2,0.0,114.86,2.55,2.99,-0.29,1.05,0.06,8.18,-454.46,216.29,169.98,8.19,/home/djhuai/zuo/stf/new/STF/save_scenarios_1d/scenario_1_0009_fog_05.json,0,[],0,False,20260909T160734.097185Z,0,0,scenario_1_0009_fog_05
5.82,running,[],002e63f7a5e67dc002ab3f1fe54e4cf8547fd7f1ef9655764e7cb6d16b133ec8,19299.7,0.0,33.12,-3.56,-0.63,-0.02,-0.31,-0.0,5.82,-373.47,224.78,-170.02,8.23,/home/djhuai/zuo/stf/new/STF/save_scenarios_1d/scenario_1_0009_fog_06.json,0,[],0,False,20260909T160734.097185Z,0,0,scenario_1_0009_fog_06
8.07,running,[],57c8d0b5d1f3ec4a4e8bd962f2060f229468c08155eec4192ce921dcf9a48eaf,19318.1,0.0,129.81,0.06,0.26,-2.7,-1.39,0.73,8.07,-469.04,219.46,169.35,7.84,/home/djhuai/zuo/stf/new/STF/save_scenarios_1d/scenario_1_0009_fog_07.json,0,[],0,False,20260909T160734.097185Z,0,0,scenario_1_0009_fog_07
6.46,running,[],8c37ce38b7e176d9b1493da9ccc09db3d03e62909074d4837402c6752846a967,19336.8,0.0,70.12,-0.48,-0.05,0.02,0.6,0.86,6.46,-409.99,218.9,-171.83,7.39,/home/djhuai/zuo/stf/new/STF/save_scenarios_1d/scenario_1_0009_fog_08.json,0,[],0,False,20260909T160734.097185Z,0,0,scenario_1_0009_fog_08
0.0,running,[],aaca2c3e8b2e885220323699087ba0fc936656f6ef9289d07689dba716dccb23,19352.0,0.0,24.87,-0.0,-0.0,0.0,-0.34,-0.0,0.0,-365.34,226.21,-169.86,8.28,/home/djhuai/zuo/stf/new/STF/save_scenarios_1d/scenario_1_0009_heavy_rain_01.json,0,[],0,False,20260909T160734.097185Z,0,0,scenario_1_0009_heavy_rain_01
8.04,running,[],602cdf123bf2808b2ffc22e7a57f19b25f0f86fb3f52f54221351cfb87677b6e,19368.6,0.0,101.26,-0.02,1.01,-0.01,1.05,0.05,8.04,-440.92,215.38,-178.24,7.94,/home/djhuai/zuo/stf/new/STF/save_scenarios_1d/scenario_1_0009_heavy_rain_02.json,0,[],0,False,20260909T160734.097185Z,0,0,scenario_1_0009_heavy_rain_02
0.0,running,[],45636865f9c96278d242d2bd8197ace5a80554a4c626d9e4e05a55d6b242f434,19384.9,0.0,24.87,-0.0,0.0,-0.0,-0.34,-0.0,0.0,-365.34,226.21,-169.86,8.28,/home/djhuai/zuo/stf/new/STF/save_scenarios_1d/scenario_1_0009_heavy_rain_03.json,0,[],0,False,20260909T160734.097185Z,0,0,scenario_1_0009_heavy_rain_03
8.05,running,[],226825db94c570275ced4db1a656a9bcb11606695619829348c837e1d23f65a0,19401.6,0.0,109.62,0.07,0.17,0.02,1.05,0.04,8.05,-449.27,215.58,176.85,8.09,/home/djhuai/zuo/stf/new/STF/save_scenarios_1d/scenario_1_0009_heavy_rain_04.json,0,[],0,False,20260909T160734.097185Z,0,0,scenario_1_0009_heavy_rain_04
0.0,running,[],84ed568c390674cda09528cb91489bf6062166c168ed8e9f6d25363a997bdd61,19417.7,0.0,24.87,-0.0,0.0,0.0,-0.34,-0.0,0.0,-365.34,226.21,-169.86,8.28,/home/djhuai/zuo/stf/new/STF/save_scenarios_1d/scenario_1_0009_heavy_rain_05.json,0,[],0,False,20260909T160734.097185Z,0,0,scenario_1_0009_heavy_rain_05
8.08,running,[],5a9f2033e18bca928434846c5d20206b3128a3b4edad12f5518a69e371217c82,19434.5,0.0,116.5,0.15,0.35,-0.51,0.37,0.48,8.08,-456.1,216.38,170.76,8.2,/home/djhuai/zuo/stf/new/STF/save_scenarios_1d/scenario_1_0009_heavy_rain_06.json,0,[],0,False,20260909T160734.097185Z,0,0,scenario_1_0009_heavy_rain_06
8.08,running,[],2696a131caf993cd6832b96def09437c64fd23c4d8e1bf5b25b0a1a2443e5f36,19453.7,0.0,53.41,-0.06,0.03,-0.13,-2.32,0.42,8.08,-393.47,221.38,-171.13,7.69,/home/djhuai/zuo/stf/new/STF/save_scenarios_1d/scenario_1_0009_heavy_rain_07.json,0,[],0,False,20260909T160734.097185Z,0,0,scenario_1_0009_heavy_rain_07
7.99,running,[],ad0673a652173e46f4a1189e860ca6ea0267e9ed1252eafd1d6d51fb7500085e,19472.4,0.0,132.23,0.23,0.02,0.52,-0.54,0.85,7.99,-471.43,219.88,170.0,7.8,/home/djhuai/zuo/stf/new/STF/save_scenarios_1d/scenario_1_0009_heavy_rain_08.json,0,[],0,False,20260909T160734.097185Z,0,0,scenario_1_0009_heavy_rain_08
8.06,running,[],228cbe15529f57036969c32e96a5e19923a338a993653e0758bdb3974d08cbea,19488.9,0.0,97.64,-0.11,0.32,-0.03,1.05,0.03,8.06,-437.3,215.54,-176.25,7.87,/home/djhuai/zuo/stf/new/STF/save_scenarios_1d/scenario_1_0009_light_rain_01.json,0,[],0,False,20260909T160734.097185Z,0,0,scenario_1_0009_light_rain_01
0.0,running,[],5d4f0d6b19678e7217551b36cbe2e0f7126dde8567a3489b64686cf7c579bb50,19506.0,0.0,24.87,0.0,-0.0,0.0,-0.34,-0.0,0.0,-365.34,226.21,-169.86,8.28,/home/djhuai/zuo/stf/new/STF/save_scenarios_1d/scenario_1_0009_light_rain_02.json,0,[],0,False,20260909T160734.097185Z,0,0,scenario_1_0009_light_rain_02
8.07,running,[],fe52fc36c24b2e0d02406da3339f11042374682ca5bcd0f1ec76848da7876d87,19523.3,0.0,119.98,0.13,0.56,-0.43,-2.01,1.68,8.07,-459.49,217.15,166.1,8.15,/home/djhuai/zuo/stf/new/STF/save_scenarios_1d/scenario_1_0009_light_rain_03.json,0,[],0,False,20260909T160734.097185Z,0,0,scenario_1_0009_light_rain_03
0.0,running,[],9395feb6ea789ff0e77ba48fdc271616625ebe0b5a8c30a7b6fee56c673f1f74,19539.0,0.0,24.87,-0.0,0.0,0.0,-0.34,-0.0,0.0,-365.34,226.21,-169.86,8.28,/home/djhuai/zuo/stf/new/STF/save_scenarios_1d/scenario_1_0009_light_rain_04.json,0,[],0,False,20260909T160734.097185Z,0,0,scenario_1_0009_light_rain_04
8.07,running,[],652e1f3a73fe1f6b7145360d30d745f10eec201bd39a74930f7142c22b30b308,19556.2,0.0,119.7,2.13,4.75,-0.47,-1.78,1.68,8.07,-459.13,217.47,159.71,8.17,/home/djhuai/zuo/stf/new/STF/save_scenarios_1d/scenario_1_0009_light_rain_05.json,0,[],0,False,20260909T160734.097185Z,0,0,scenario_1_0009_light_rain_05
5.87,running,[],4762c907c36f9c1d9d02d08fe537efa1d26a9a51d5433da3bdb8a2f59dec534a,19572.6,0.0,40.95,0.09,0.03,-1.29,-2.6,0.56,5.87,-381.18,223.42,-170.11,8.23,/home/djhuai/zuo/stf/new/STF/save_scenarios_1d/scenario_1_0009_light_rain_06.json,0,[],0,False,20260909T160734.097185Z,0,0,scenario_1_0009_light_rain_06
8.06,running,[],f56f62b795b7f75bf89642ca149b2a89994cb308464dd004ca78b5f90db4bab3,19589.1,0.0,113.05,0.05,0.49,0.03,1.05,0.04,8.06,-452.68,215.91,173.28,8.15,/home/djhuai/zuo/stf/new/STF/save_scenarios_1d/scenario_1_0009_light_rain_07.json,0,[],0,False,20260909T160734.097185Z,0,0,scenario_1_0009_light_rain_07
8.06,running,[],51d7f2ccb2eedefec0dbc8cd056c12c085a208f9fa9dc937ca28e54f7614f170,19605.6,0.0,64.22,0.15,0.04,0.39,-0.3,0.63,8.06,-404.15,219.76,-171.56,7.36,/home/djhuai/zuo/stf/new/STF/save_scenarios_1d/scenario_1_0009_light_rain_08.json,0,[],0,False,20260909T160734.097185Z,0,0,scenario_1_0009_light_rain_08
0.0,running,[],b78c23c53c37785e23f0b2b87e53fba81efde9b16b5ce1249ad9d3ec74b035d9,19623.0,0.0,24.87,0.0,-0.0,-0.0,-0.34,-0.0,0.0,-365.34,226.21,-169.86,8.28,/home/djhuai/zuo/stf/new/STF/save_scenarios_1d/scenario_1_0009_night_01.json,0,[],0,False,20260909T160734.097185Z,0,0,scenario_1_0009_night_01
8.06,running,[],6448a8d53ca961c23d5c4b715abee50a1efd2c6ee78a6692bbf963bd08294012,19638.9,0.0,82.34,-0.44,0.02,-0.12,0.97,-0.05,8.06,-422.1,217.25,-172.56,7.6,/home/djhuai/zuo/stf/new/STF/save_scenarios_1d/scenario_1_0009_night_02.json,0,[],0,False,20260909T160734.097185Z,0,0,scenario_1_0009_night_02
0.0,running,[],154ece1dd602e0ae5ac39a8e605c5f21156446dd53e05eb6f366a3d0239b5918,19655.7,0.0,24.87,-0.0,0.0,-0.0,-0.34,-0.0,0.0,-365.34,226.21,-169.86,8.28,/home/djhuai/zuo/stf/new/STF/save_scenarios_1d/scenario_1_0009_night_03.json,0,[],0,False,20260909T160734.097185Z,0,0,scenario_1_0009_night_03
